{"timestamp":"2026-09-01T13:40:05.096469Z","level":"info","event":"::group::Pre Execute","logger":"task","filename":"task_runner.py","lineno":2412}
{"timestamp":"2026-09-01T13:40:05.595546Z","level":"info","event":"DAG bundles loaded: dags-folder","ti_id":"01a05d32-b82c-7dfe-9fe7-785ed90e5617","dag_id":"orchestrate","try_number":1,"map_index":-1,"run_id":"scheduled__2026-09-01T07:00:00+00:00","task_id":"ingest_cdc","logger":"airflow.dag_processing.bundles.manager.DagBundlesManager","filename":"manager.py","lineno":304}
{"timestamp":"2026-09-01T13:40:05.602798Z","level":"info","event":"Filling up the DagBag from /opt/airflow/dags/orchestrate.py","ti_id":"01a05d32-b82c-7dfe-9fe7-785ed90e5617","dag_id":"orchestrate","try_number":1,"map_index":-1,"run_id":"scheduled__2026-09-01T07:00:00+00:00","task_id":"ingest_cdc","logger":"airflow.dag_processing.dagbag.BundleDagBag","filename":"dagbag.py","lineno":460}
{"timestamp":"2026-09-01T13:40:09.993501Z","level":"warning","event":"urllib3 (2.7.0) or chardet (6.0.0.post1)/charset_normalizer (3.4.7) doesn't match a supported version!","category":"UserWarning","filename":"/home/airflow/.local/lib/python3.13/site-packages/snowflake/connector/vendored/requests/__init__.py","lineno":113,"ti_id":"01a05d32-b82c-7dfe-9fe7-785ed90e5617","dag_id":"orchestrate","try_number":1,"map_index":-1,"run_id":"scheduled__2026-09-01T07:00:00+00:00","task_id":"ingest_cdc","logger":"py.warnings"}
{"timestamp":"2026-09-01T13:40:09.998800Z","level":"info","event":"Worker startup parse complete","bundle_name":"dags-folder","bundle_version":null,"dag_file":"orchestrate.py","dag_id":"orchestrate","bundle_prepare_ms":12,"dag_file_parse_ms":4398,"ti_id":"01a05d32-b82c-7dfe-9fe7-785ed90e5617","try_number":1,"map_index":-1,"run_id":"scheduled__2026-09-01T07:00:00+00:00","task_id":"ingest_cdc","logger":"task","filename":"task_runner.py","lineno":1073}
{"timestamp":"2026-09-01T13:40:10.137798Z","level":"info","event":"::endgroup::","ti_id":"01a05d32-b82c-7dfe-9fe7-785ed90e5617","dag_id":"orchestrate","try_number":1,"map_index":-1,"run_id":"scheduled__2026-09-01T07:00:00+00:00","task_id":"ingest_cdc","logger":"task","filename":"task_runner.py","lineno":2232}
{"timestamp":"2026-09-01T13:40:10.667742Z","level":"info","event":"Status: 200","logger":"task.stdout"}
{"timestamp":"2026-09-01T13:40:10.694510Z","level":"info","event":"Opportunities posted since 2026-08-31: 21","logger":"task.stdout"}
{"timestamp":"2026-09-01T13:40:10.704697Z","level":"info","event":"","logger":"task.stdout"}
{"timestamp":"2026-09-01T13:40:10.710184Z","level":"info","event":"================================================================================","logger":"task.stdout"}
{"timestamp":"2026-09-01T13:40:10.719043Z","level":"info","event":"OPPORTUNITY 1 of 21","logger":"task.stdout"}
{"timestamp":"2026-09-01T13:40:10.732541Z","level":"info","event":"================================================================================","logger":"task.stdout"}
{"timestamp":"2026-09-01T13:40:10.740981Z","level":"info","event":"{","logger":"task.stdout"}
{"timestamp":"2026-09-01T13:40:10.748831Z","level":"info","event":"  \"agency\": \"HHS-NIH11\",","logger":"task.stdout"}
{"timestamp":"2026-09-01T13:40:10.754381Z","level":"info","event":"  \"agency_code\": \"HHS-NIH11\",","logger":"task.stdout"}
{"timestamp":"2026-09-01T13:40:10.760869Z","level":"info","event":"  \"agency_name\": \"National Institutes of Health\",","logger":"task.stdout"}
{"timestamp":"2026-09-01T13:40:10.766673Z","level":"info","event":"  \"category\": \"discretionary\",","logger":"task.stdout"}
{"timestamp":"2026-09-01T13:40:10.772800Z","level":"info","event":"  \"category_explanation\": null,","logger":"task.stdout"}
{"timestamp":"2026-09-01T13:40:10.781493Z","level":"info","event":"  \"legacy_opportunity_id\": 361833,","logger":"task.stdout"}
{"timestamp":"2026-09-01T13:40:10.785409Z","level":"info","event":"  \"opportunity_assistance_listings\": [","logger":"task.stdout"}
{"timestamp":"2026-09-01T13:40:10.790038Z","level":"info","event":"    {","logger":"task.stdout"}
{"timestamp":"2026-09-01T13:40:10.793197Z","level":"info","event":"      \"assistance_listing_number\": \"93.853\",","logger":"task.stdout"}
{"timestamp":"2026-09-01T13:40:10.796048Z","level":"info","event":"      \"program_title\": \"Extramural Research Programs in the Neurosciences and Neurological Disorders\"","logger":"task.stdout"}
{"timestamp":"2026-09-01T13:40:10.798734Z","level":"info","event":"    },","logger":"task.stdout"}
{"timestamp":"2026-09-01T13:40:10.801262Z","level":"info","event":"    {","logger":"task.stdout"}
{"timestamp":"2026-09-01T13:40:10.807692Z","level":"info","event":"      \"assistance_listing_number\": \"93.846\",","logger":"task.stdout"}
{"timestamp":"2026-09-01T13:40:10.810997Z","level":"info","event":"      \"program_title\": \"Arthritis, Musculoskeletal and Skin Diseases Research\"","logger":"task.stdout"}
{"timestamp":"2026-09-01T13:40:10.812422Z","level":"info","event":"    },","logger":"task.stdout"}
{"timestamp":"2026-09-01T13:40:10.814183Z","level":"info","event":"    {","logger":"task.stdout"}
{"timestamp":"2026-09-01T13:40:10.820226Z","level":"info","event":"      \"assistance_listing_number\": \"93.867\",","logger":"task.stdout"}
{"timestamp":"2026-09-01T13:40:10.824982Z","level":"info","event":"      \"program_title\": \"Vision Research\"","logger":"task.stdout"}
{"timestamp":"2026-09-01T13:40:10.829778Z","level":"info","event":"    },","logger":"task.stdout"}
{"timestamp":"2026-09-01T13:40:10.835055Z","level":"info","event":"    {","logger":"task.stdout"}
{"timestamp":"2026-09-01T13:40:10.838295Z","level":"info","event":"      \"assistance_listing_number\": \"93.279\",","logger":"task.stdout"}
{"timestamp":"2026-09-01T13:40:10.840872Z","level":"info","event":"      \"program_title\": \"Drug Use and Addiction Research Programs\"","logger":"task.stdout"}
{"timestamp":"2026-09-01T13:40:10.843211Z","level":"info","event":"    },","logger":"task.stdout"}
{"timestamp":"2026-09-01T13:40:10.846368Z","level":"info","event":"    {","logger":"task.stdout"}
{"timestamp":"2026-09-01T13:40:10.848458Z","level":"info","event":"      \"assistance_listing_number\": \"93.855\",","logger":"task.stdout"}
{"timestamp":"2026-09-01T13:40:10.853370Z","level":"info","event":"      \"program_title\": \"Allergy and Infectious Diseases Research\"","logger":"task.stdout"}
{"timestamp":"2026-09-01T13:40:10.856263Z","level":"info","event":"    },","logger":"task.stdout"}
{"timestamp":"2026-09-01T13:40:10.859466Z","level":"info","event":"    {","logger":"task.stdout"}
{"timestamp":"2026-09-01T13:40:10.861924Z","level":"info","event":"      \"assistance_listing_number\": \"93.837\",","logger":"task.stdout"}
{"timestamp":"2026-09-01T13:40:10.864394Z","level":"info","event":"      \"program_title\": \"Cardiovascular Diseases Research\"","logger":"task.stdout"}
{"timestamp":"2026-09-01T13:40:10.866537Z","level":"info","event":"    },","logger":"task.stdout"}
{"timestamp":"2026-09-01T13:40:10.868849Z","level":"info","event":"    {","logger":"task.stdout"}
{"timestamp":"2026-09-01T13:40:10.872942Z","level":"info","event":"      \"assistance_listing_number\": \"93.233\",","logger":"task.stdout"}
{"timestamp":"2026-09-01T13:40:10.876852Z","level":"info","event":"      \"program_title\": \"National Center on Sleep Disorders Research\"","logger":"task.stdout"}
{"timestamp":"2026-09-01T13:40:10.881178Z","level":"info","event":"    },","logger":"task.stdout"}
{"timestamp":"2026-09-01T13:40:10.884272Z","level":"info","event":"    {","logger":"task.stdout"}
{"timestamp":"2026-09-01T13:40:10.887141Z","level":"info","event":"      \"assistance_listing_number\": \"93.839\",","logger":"task.stdout"}
{"timestamp":"2026-09-01T13:40:10.892487Z","level":"info","event":"      \"program_title\": \"Blood Diseases and Resources Research\"","logger":"task.stdout"}
{"timestamp":"2026-09-01T13:40:10.896624Z","level":"info","event":"    },","logger":"task.stdout"}
{"timestamp":"2026-09-01T13:40:10.900001Z","level":"info","event":"    {","logger":"task.stdout"}
{"timestamp":"2026-09-01T13:40:10.904034Z","level":"info","event":"      \"assistance_listing_number\": \"93.838\",","logger":"task.stdout"}
{"timestamp":"2026-09-01T13:40:10.907909Z","level":"info","event":"      \"program_title\": \"Lung Diseases Research\"","logger":"task.stdout"}
{"timestamp":"2026-09-01T13:40:10.915680Z","level":"info","event":"    },","logger":"task.stdout"}
{"timestamp":"2026-09-01T13:40:10.918379Z","level":"info","event":"    {","logger":"task.stdout"}
{"timestamp":"2026-09-01T13:40:10.921020Z","level":"info","event":"      \"assistance_listing_number\": \"93.840\",","logger":"task.stdout"}
{"timestamp":"2026-09-01T13:40:10.923810Z","level":"info","event":"      \"program_title\": \"Translation and Implementation Science Research for Heart, Lung, Blood Diseases, and Sleep Disorders\"","logger":"task.stdout"}
{"timestamp":"2026-09-01T13:40:10.925774Z","level":"info","event":"    }","logger":"task.stdout"}
{"timestamp":"2026-09-01T13:40:10.931298Z","level":"info","event":"  ],","logger":"task.stdout"}
{"timestamp":"2026-09-01T13:40:10.934327Z","level":"info","event":"  \"opportunity_id\": \"6bb622a8-8308-496a-9c79-2e31062a6873\",","logger":"task.stdout"}
{"timestamp":"2026-09-01T13:40:10.936060Z","level":"info","event":"  \"opportunity_number\": \"RFA-AI-27-014\",","logger":"task.stdout"}
{"timestamp":"2026-09-01T13:40:10.937365Z","level":"info","event":"  \"opportunity_status\": \"posted\",","logger":"task.stdout"}
{"timestamp":"2026-09-01T13:40:10.938581Z","level":"info","event":"  \"opportunity_title\": \"Development of Candidate Medical Countermeasures (MCMs) and Technologies Against Radiological/Nuclear or Chemical Threats (U01 Clinical Trial Not Allowed)\",","logger":"task.stdout"}
{"timestamp":"2026-09-01T13:40:10.939644Z","level":"info","event":"  \"purpose_statement\": null,","logger":"task.stdout"}
{"timestamp":"2026-09-01T13:40:10.941328Z","level":"info","event":"  \"summary\": {","logger":"task.stdout"}
{"timestamp":"2026-09-01T13:40:10.943353Z","level":"info","event":"    \"additional_info_url\": null,","logger":"task.stdout"}
{"timestamp":"2026-09-01T13:40:10.945412Z","level":"info","event":"    \"additional_info_url_description\": null,","logger":"task.stdout"}
{"timestamp":"2026-09-01T13:40:10.948350Z","level":"info","event":"    \"agency_contact_description\": \"National Institute of Allergy and Infectious Diseases (NIAID)\\nRADCHEM_U01@mail.nih.gov\",","logger":"task.stdout"}
{"timestamp":"2026-09-01T13:40:10.950766Z","level":"info","event":"    \"agency_email_address\": \"RADCHEM_U01@mail.nih.gov\",","logger":"task.stdout"}
{"timestamp":"2026-09-01T13:40:10.955743Z","level":"info","event":"    \"agency_email_address_description\": \"RADCHEM_U01@mail.nih.gov\",","logger":"task.stdout"}
{"timestamp":"2026-09-01T13:40:10.963463Z","level":"info","event":"    \"applicant_eligibility_description\": \"Refer to Section III. Eligibility Information in the NOFO for additional information on eligibility.Foreign Organizations/International CollaborationsNon-domestic (non-U.S.) Entities (Foreign Organizations) are not eligible to apply.Non-domestic (non-U.S.) components of U.S. Organizations are not eligible to apply.Foreign components, as defined in the NIH Grants Policy Statement, are allowed.NIH will no longer issue awards (i.e., new, renewal, or non-competing continuation) to domestic or foreign entities that involve foreign subawards/subcontracts. All NIH-funded research involving foreign subawards/subcontracts must be submitted in response to a NOFO that is specifically designated for funded international collaborations. See NIH Grants Policy Statement 16.8 Collaborative International Research Awards.Applications involving foreign subawards/subcontracts submitted in response to this NOFO will be deemed noncompliant and will not be considered for funding. This policy applies to all monetary international collaborations resulting in foreign subawards/subcontracts, however, it does not preclude unfunded international collaborations or foreign components, funding for foreign consultants, or procurement of unique equipment or supplies from foreign vendors.\",","logger":"task.stdout"}
{"timestamp":"2026-09-01T13:40:10.967262Z","level":"info","event":"    \"applicant_types\": [","logger":"task.stdout"}
{"timestamp":"2026-09-01T13:40:10.971479Z","level":"info","event":"      \"independent_school_districts\",","logger":"task.stdout"}
{"timestamp":"2026-09-01T13:40:10.990481Z","level":"info","event":"      \"federally_recognized_native_american_tribal_governments\",","logger":"task.stdout"}
{"timestamp":"2026-09-01T13:40:11.002182Z","level":"info","event":"      \"small_businesses\",","logger":"task.stdout"}
{"timestamp":"2026-09-01T13:40:11.011260Z","level":"info","event":"      \"special_district_governments\",","logger":"task.stdout"}
{"timestamp":"2026-09-01T13:40:11.018320Z","level":"info","event":"      \"other_native_american_tribal_organizations\",","logger":"task.stdout"}
{"timestamp":"2026-09-01T13:40:11.023208Z","level":"info","event":"      \"city_or_township_governments\",","logger":"task.stdout"}
{"timestamp":"2026-09-01T13:40:10.682606Z","level":"info","event":"Request URL: 'https://grantproject.dfs.core.windows.net/bronze/grants_gov/ingest_date%3D2026-09-01/opportunities.json?resource=REDACTED'\nRequest method: 'PUT'\nRequest headers:\n    'x-ms-version': 'REDACTED'\n    'Accept': 'application/json'\n    'User-Agent': 'azsdk-python-storage-dfs/12.25.0 Python/3.13.14 (Linux-6.18.33.2-microsoft-standard-WSL2-x86_64-with-glibc2.36)'\n    'x-ms-date': 'REDACTED'\n    'x-ms-client-request-id': 'a6feed64-a60a-11f1-bb50-ce45cfbe13d6'\n    'Authorization': 'REDACTED'\nNo body was attached to the request","logger":"azure.core.pipeline.policies.http_logging_policy","ti_id":"01a05d32-b82c-7dfe-9fe7-785ed90e5617","dag_id":"orchestrate","try_number":1,"map_index":-1,"run_id":"scheduled__2026-09-01T07:00:00+00:00","task_id":"ingest_cdc","filename":"_universal.py","lineno":535}
{"timestamp":"2026-09-01T13:40:10.980860Z","level":"info","event":"Response status: 201\nResponse headers:\n    'Last-Modified': 'Tue, 01 Sep 2026 13:40:09 GMT'\n    'ETag': '\"0x8DF082E8A69D108\"'\n    'Server': 'Windows-Azure-HDFS/1.0 Microsoft-HTTPAPI/2.0'\n    'x-ms-request-server-encrypted': 'REDACTED'\n    'x-ms-request-id': 'b9211812-001f-00c3-4617-3a14d6000000'\n    'x-ms-version': 'REDACTED'\n    'x-ms-client-request-id': 'a6feed64-a60a-11f1-bb50-ce45cfbe13d6'\n    'Date': 'Tue, 01 Sep 2026 13:40:09 GMT'\n    'Content-Length': '0'","logger":"azure.core.pipeline.policies.http_logging_policy","ti_id":"01a05d32-b82c-7dfe-9fe7-785ed90e5617","dag_id":"orchestrate","try_number":1,"map_index":-1,"run_id":"scheduled__2026-09-01T07:00:00+00:00","task_id":"ingest_cdc","filename":"_universal.py","lineno":581}
{"timestamp":"2026-09-01T13:40:10.982645Z","level":"info","event":"Request URL: 'https://grantproject.dfs.core.windows.net/bronze/grants_gov/ingest_date%3D2026-09-01/opportunities.json?action=REDACTED&position=REDACTED'\nRequest method: 'PATCH'\nRequest headers:\n    'Content-Length': '92917'\n    'x-ms-version': 'REDACTED'\n    'Content-Type': 'application/json'\n    'Accept': 'application/json'\n    'User-Agent': 'azsdk-python-storage-dfs/12.25.0 Python/3.13.14 (Linux-6.18.33.2-microsoft-standard-WSL2-x86_64-with-glibc2.36)'\n    'x-ms-date': 'REDACTED'\n    'x-ms-client-request-id': 'a72cf308-a60a-11f1-bb50-ce45cfbe13d6'\n    'Authorization': 'REDACTED'\nA body is sent with the request","logger":"azure.core.pipeline.policies.http_logging_policy","ti_id":"01a05d32-b82c-7dfe-9fe7-785ed90e5617","dag_id":"orchestrate","try_number":1,"map_index":-1,"run_id":"scheduled__2026-09-01T07:00:00+00:00","task_id":"ingest_cdc","filename":"_universal.py","lineno":532}
{"timestamp":"2026-09-01T13:40:11.073638Z","level":"info","event":"      \"nonprofits_non_higher_education_with_501c3\",","logger":"task.stdout"}
{"timestamp":"2026-09-01T13:40:11.105746Z","level":"info","event":"      \"public_and_state_institutions_of_higher_education\",","logger":"task.stdout"}
{"timestamp":"2026-09-01T13:40:11.120515Z","level":"info","event":"      \"public_and_indian_housing_authorities\",","logger":"task.stdout"}
{"timestamp":"2026-09-01T13:40:11.129298Z","level":"info","event":"      \"other\",","logger":"task.stdout"}
{"timestamp":"2026-09-01T13:40:11.132163Z","level":"info","event":"      \"private_institutions_of_higher_education\",","logger":"task.stdout"}
{"timestamp":"2026-09-01T13:40:11.135361Z","level":"info","event":"      \"for_profit_organizations_other_than_small_businesses\",","logger":"task.stdout"}
{"timestamp":"2026-09-01T13:40:11.137062Z","level":"info","event":"      \"county_governments\",","logger":"task.stdout"}
{"timestamp":"2026-09-01T13:40:11.139085Z","level":"info","event":"      \"state_governments\",","logger":"task.stdout"}
{"timestamp":"2026-09-01T13:40:11.140338Z","level":"info","event":"      \"nonprofits_non_higher_education_without_501c3\"","logger":"task.stdout"}
{"timestamp":"2026-09-01T13:40:11.141402Z","level":"info","event":"    ],","logger":"task.stdout"}
{"timestamp":"2026-09-01T13:40:11.142362Z","level":"info","event":"    \"archive_date\": \"2028-12-08\",","logger":"task.stdout"}
{"timestamp":"2026-09-01T13:40:11.146134Z","level":"info","event":"    \"award_ceiling\": null,","logger":"task.stdout"}
{"timestamp":"2026-09-01T13:40:11.148300Z","level":"info","event":"    \"award_floor\": null,","logger":"task.stdout"}
{"timestamp":"2026-09-01T13:40:11.149342Z","level":"info","event":"    \"close_date\": \"2028-10-09\",","logger":"task.stdout"}
{"timestamp":"2026-09-01T13:40:11.151228Z","level":"info","event":"    \"close_date_description\": null,","logger":"task.stdout"}
{"timestamp":"2026-09-01T13:40:11.152809Z","level":"info","event":"    \"created_at\": \"2026-09-01T11:55:05+00:00\",","logger":"task.stdout"}
{"timestamp":"2026-09-01T13:40:11.154022Z","level":"info","event":"    \"estimated_total_program_funding\": null,","logger":"task.stdout"}
{"timestamp":"2026-09-01T13:40:11.157014Z","level":"info","event":"    \"expected_number_of_awards\": null,","logger":"task.stdout"}
{"timestamp":"2026-09-01T13:40:11.174310Z","level":"info","event":"    \"fiscal_year\": null,","logger":"task.stdout"}
{"timestamp":"2026-09-01T13:40:11.182361Z","level":"info","event":"    \"forecasted_award_date\": null,","logger":"task.stdout"}
{"timestamp":"2026-09-01T13:40:11.187258Z","level":"info","event":"    \"forecasted_close_date\": null,","logger":"task.stdout"}
{"timestamp":"2026-09-01T13:40:11.196105Z","level":"info","event":"    \"forecasted_close_date_description\": null,","logger":"task.stdout"}
{"timestamp":"2026-09-01T13:40:11.222137Z","level":"info","event":"    \"forecasted_post_date\": null,","logger":"task.stdout"}
{"timestamp":"2026-09-01T13:40:11.232059Z","level":"info","event":"    \"forecasted_project_start_date\": null,","logger":"task.stdout"}
{"timestamp":"2026-09-01T13:40:11.241660Z","level":"info","event":"    \"funding_categories\": [","logger":"task.stdout"}
{"timestamp":"2026-09-01T13:40:11.247090Z","level":"info","event":"      \"health\"","logger":"task.stdout"}
{"timestamp":"2026-09-01T13:40:11.253618Z","level":"info","event":"    ],","logger":"task.stdout"}
{"timestamp":"2026-09-01T13:40:11.258328Z","level":"info","event":"    \"funding_category_description\": null,","logger":"task.stdout"}
{"timestamp":"2026-09-01T13:40:11.265229Z","level":"info","event":"    \"funding_instruments\": [","logger":"task.stdout"}
{"timestamp":"2026-09-01T13:40:11.269868Z","level":"info","event":"      \"cooperative_agreement\"","logger":"task.stdout"}
{"timestamp":"2026-09-01T13:40:11.274603Z","level":"info","event":"    ],","logger":"task.stdout"}
{"timestamp":"2026-09-01T13:40:11.281538Z","level":"info","event":"    \"is_cost_sharing\": false,","logger":"task.stdout"}
{"timestamp":"2026-09-01T13:40:11.285167Z","level":"info","event":"    \"is_forecast\": false,","logger":"task.stdout"}
{"timestamp":"2026-09-01T13:40:11.288686Z","level":"info","event":"    \"post_date\": \"2026-09-01\",","logger":"task.stdout"}
{"timestamp":"2026-09-01T13:40:11.292931Z","level":"info","event":"    \"summary_description\": \"The purpose of this notice of funding opportunity (NOFO) is to support research that advances understanding of the natural history of radiation or chemical exposures; develops relevant injury models; identifies and validates diagnostic tools, biomarkers, or triage technologies; and supports the development of effective medical countermeasures (MCMs) to mitigate or treat acute and/or delayed injuries resulting from radiological/nuclear or chemical public health emergencies.\",","logger":"task.stdout"}
{"timestamp":"2026-09-01T13:40:11.296542Z","level":"info","event":"    \"updated_at\": \"2026-09-01T11:55:04+00:00\",","logger":"task.stdout"}
{"timestamp":"2026-09-01T13:40:11.323628Z","level":"info","event":"    \"version_number\": 1","logger":"task.stdout"}
{"timestamp":"2026-09-01T13:40:11.352930Z","level":"info","event":"  },","logger":"task.stdout"}
{"timestamp":"2026-09-01T13:40:11.373168Z","level":"info","event":"  \"tagline\": null,","logger":"task.stdout"}
{"timestamp":"2026-09-01T13:40:11.386081Z","level":"info","event":"  \"top_level_agency_code\": \"HHS\",","logger":"task.stdout"}
{"timestamp":"2026-09-01T13:40:11.403169Z","level":"info","event":"  \"top_level_agency_name\": \"Department of Health and Human Services\"","logger":"task.stdout"}
{"timestamp":"2026-09-01T13:40:11.414653Z","level":"info","event":"}","logger":"task.stdout"}
{"timestamp":"2026-09-01T13:40:11.424870Z","level":"info","event":"","logger":"task.stdout"}
{"timestamp":"2026-09-01T13:40:11.430213Z","level":"info","event":"================================================================================","logger":"task.stdout"}
{"timestamp":"2026-09-01T13:40:11.433602Z","level":"info","event":"OPPORTUNITY 2 of 21","logger":"task.stdout"}
{"timestamp":"2026-09-01T13:40:11.436751Z","level":"info","event":"================================================================================","logger":"task.stdout"}
{"timestamp":"2026-09-01T13:40:11.441626Z","level":"info","event":"{","logger":"task.stdout"}
{"timestamp":"2026-09-01T13:40:11.444368Z","level":"info","event":"  \"agency\": \"HHS-NIH11\",","logger":"task.stdout"}
{"timestamp":"2026-09-01T13:40:11.446163Z","level":"info","event":"  \"agency_code\": \"HHS-NIH11\",","logger":"task.stdout"}
{"timestamp":"2026-09-01T13:40:11.448500Z","level":"info","event":"  \"agency_name\": \"National Institutes of Health\",","logger":"task.stdout"}
{"timestamp":"2026-09-01T13:40:11.450101Z","level":"info","event":"  \"category\": \"discretionary\",","logger":"task.stdout"}
{"timestamp":"2026-09-01T13:40:11.451785Z","level":"info","event":"  \"category_explanation\": null,","logger":"task.stdout"}
{"timestamp":"2026-09-01T13:40:11.455032Z","level":"info","event":"  \"legacy_opportunity_id\": 360574,","logger":"task.stdout"}
{"timestamp":"2026-09-01T13:40:11.456518Z","level":"info","event":"  \"opportunity_assistance_listings\": [","logger":"task.stdout"}
{"timestamp":"2026-09-01T13:40:11.458302Z","level":"info","event":"    {","logger":"task.stdout"}
{"timestamp":"2026-09-01T13:40:11.459970Z","level":"info","event":"      \"assistance_listing_number\": \"93.242\",","logger":"task.stdout"}
{"timestamp":"2026-09-01T13:40:11.461315Z","level":"info","event":"      \"program_title\": \"Mental Health Research Grants\"","logger":"task.stdout"}
{"timestamp":"2026-09-01T13:40:11.463677Z","level":"info","event":"    }","logger":"task.stdout"}
{"timestamp":"2026-09-01T13:40:11.465258Z","level":"info","event":"  ],","logger":"task.stdout"}
{"timestamp":"2026-09-01T13:40:11.467007Z","level":"info","event":"  \"opportunity_id\": \"95d8c541-2ee0-40cc-960c-61b524d2babd\",","logger":"task.stdout"}
{"timestamp":"2026-09-01T13:40:11.470197Z","level":"info","event":"  \"opportunity_number\": \"PAR-27-127\",","logger":"task.stdout"}
{"timestamp":"2026-09-01T13:40:11.472536Z","level":"info","event":"  \"opportunity_status\": \"posted\",","logger":"task.stdout"}
{"timestamp":"2026-09-01T13:40:11.474601Z","level":"info","event":"  \"opportunity_title\": \"Silvio O. Conte Centers for Basic Neuroscience or Translational Mental Health Research (P50 Clinical Trial Optional)\",","logger":"task.stdout"}
{"timestamp":"2026-09-01T13:40:11.476647Z","level":"info","event":"  \"purpose_statement\": null,","logger":"task.stdout"}
{"timestamp":"2026-09-01T13:40:11.478730Z","level":"info","event":"  \"summary\": {","logger":"task.stdout"}
{"timestamp":"2026-09-01T13:40:11.481893Z","level":"info","event":"    \"additional_info_url\": null,","logger":"task.stdout"}
{"timestamp":"2026-09-01T13:40:11.487298Z","level":"info","event":"    \"additional_info_url_description\": null,","logger":"task.stdout"}
{"timestamp":"2026-09-01T13:40:11.491811Z","level":"info","event":"    \"agency_contact_description\": \"Division of Neuroscience and Basic Behavioral Science (DNBBS)\\nDNBBSinitiatives@mail.nih.gov\",","logger":"task.stdout"}
{"timestamp":"2026-09-01T13:40:11.493598Z","level":"info","event":"    \"agency_email_address\": \"DNBBSinitiatives@mail.nih.gov\",","logger":"task.stdout"}
{"timestamp":"2026-09-01T13:40:11.495278Z","level":"info","event":"    \"agency_email_address_description\": \"Division of Neuroscience and Basic Behavioral Science (DNBBS)\",","logger":"task.stdout"}
{"timestamp":"2026-09-01T13:40:11.497119Z","level":"info","event":"    \"applicant_eligibility_description\": \"Refer to Section III. Eligibility Information in the NOFO for additional information on eligibility.Foreign Organizations/International CollaborationsNon-domestic (non-U.S.) Entities (Foreign Organization) are not eligible to apply.Non-domestic (non-U.S.) components of U.S. Organizations are not eligible to apply.Foreign components, as defined in the NIH Grants Policy Statement, are not allowed.\",","logger":"task.stdout"}
{"timestamp":"2026-09-01T13:40:11.502055Z","level":"info","event":"    \"applicant_types\": [","logger":"task.stdout"}
{"timestamp":"2026-09-01T13:40:11.506055Z","level":"info","event":"      \"nonprofits_non_higher_education_without_501c3\",","logger":"task.stdout"}
{"timestamp":"2026-09-01T13:40:11.508062Z","level":"info","event":"      \"nonprofits_non_higher_education_with_501c3\",","logger":"task.stdout"}
{"timestamp":"2026-09-01T13:40:11.510331Z","level":"info","event":"      \"county_governments\",","logger":"task.stdout"}
{"timestamp":"2026-09-01T13:40:11.511931Z","level":"info","event":"      \"public_and_indian_housing_authorities\",","logger":"task.stdout"}
{"timestamp":"2026-09-01T13:40:11.518229Z","level":"info","event":"      \"small_businesses\",","logger":"task.stdout"}
{"timestamp":"2026-09-01T13:40:11.522717Z","level":"info","event":"      \"special_district_governments\",","logger":"task.stdout"}
{"timestamp":"2026-09-01T13:40:11.524034Z","level":"info","event":"      \"federally_recognized_native_american_tribal_governments\",","logger":"task.stdout"}
{"timestamp":"2026-09-01T13:40:11.525630Z","level":"info","event":"      \"private_institutions_of_higher_education\",","logger":"task.stdout"}
{"timestamp":"2026-09-01T13:40:11.528321Z","level":"info","event":"      \"for_profit_organizations_other_than_small_businesses\",","logger":"task.stdout"}
{"timestamp":"2026-09-01T13:40:11.534189Z","level":"info","event":"      \"other\",","logger":"task.stdout"}
{"timestamp":"2026-09-01T13:40:11.536498Z","level":"info","event":"      \"city_or_township_governments\",","logger":"task.stdout"}
{"timestamp":"2026-09-01T13:40:11.537754Z","level":"info","event":"      \"state_governments\",","logger":"task.stdout"}
{"timestamp":"2026-09-01T13:40:11.539542Z","level":"info","event":"      \"public_and_state_institutions_of_higher_education\",","logger":"task.stdout"}
{"timestamp":"2026-09-01T13:40:11.540855Z","level":"info","event":"      \"independent_school_districts\",","logger":"task.stdout"}
{"timestamp":"2026-09-01T13:40:11.542153Z","level":"info","event":"      \"other_native_american_tribal_organizations\"","logger":"task.stdout"}
{"timestamp":"2026-09-01T13:40:11.543419Z","level":"info","event":"    ],","logger":"task.stdout"}
{"timestamp":"2026-09-01T13:40:11.557762Z","level":"info","event":"    \"archive_date\": \"2028-07-24\",","logger":"task.stdout"}
{"timestamp":"2026-09-01T13:40:11.585820Z","level":"info","event":"    \"award_ceiling\": null,","logger":"task.stdout"}
{"timestamp":"2026-09-01T13:40:11.604243Z","level":"info","event":"    \"award_floor\": null,","logger":"task.stdout"}
{"timestamp":"2026-09-01T13:40:11.617171Z","level":"info","event":"    \"close_date\": \"2028-05-25\",","logger":"task.stdout"}
{"timestamp":"2026-09-01T13:40:11.634746Z","level":"info","event":"    \"close_date_description\": null,","logger":"task.stdout"}
{"timestamp":"2026-09-01T13:40:11.643840Z","level":"info","event":"    \"created_at\": \"2026-09-01T12:52:56+00:00\",","logger":"task.stdout"}
{"timestamp":"2026-09-01T13:40:11.655296Z","level":"info","event":"    \"estimated_total_program_funding\": null,","logger":"task.stdout"}
{"timestamp":"2026-09-01T13:40:11.661381Z","level":"info","event":"    \"expected_number_of_awards\": null,","logger":"task.stdout"}
{"timestamp":"2026-09-01T13:40:11.669374Z","level":"info","event":"    \"fiscal_year\": null,","logger":"task.stdout"}
{"timestamp":"2026-09-01T13:40:11.674017Z","level":"info","event":"    \"forecasted_award_date\": null,","logger":"task.stdout"}
{"timestamp":"2026-09-01T13:40:11.679652Z","level":"info","event":"    \"forecasted_close_date\": null,","logger":"task.stdout"}
{"timestamp":"2026-09-01T13:40:11.683607Z","level":"info","event":"    \"forecasted_close_date_description\": null,","logger":"task.stdout"}
{"timestamp":"2026-09-01T13:40:11.688869Z","level":"info","event":"    \"forecasted_post_date\": null,","logger":"task.stdout"}
{"timestamp":"2026-09-01T13:40:11.692505Z","level":"info","event":"    \"forecasted_project_start_date\": null,","logger":"task.stdout"}
{"timestamp":"2026-09-01T13:40:11.695559Z","level":"info","event":"    \"funding_categories\": [","logger":"task.stdout"}
{"timestamp":"2026-09-01T13:40:11.701990Z","level":"info","event":"      \"health\"","logger":"task.stdout"}
{"timestamp":"2026-09-01T13:40:11.708667Z","level":"info","event":"    ],","logger":"task.stdout"}
{"timestamp":"2026-09-01T13:40:11.715625Z","level":"info","event":"    \"funding_category_description\": null,","logger":"task.stdout"}
{"timestamp":"2026-09-01T13:40:11.719655Z","level":"info","event":"    \"funding_instruments\": [","logger":"task.stdout"}
{"timestamp":"2026-09-01T13:40:11.721845Z","level":"info","event":"      \"grant\"","logger":"task.stdout"}
{"timestamp":"2026-09-01T13:40:11.725291Z","level":"info","event":"    ],","logger":"task.stdout"}
{"timestamp":"2026-09-01T13:40:11.729010Z","level":"info","event":"    \"is_cost_sharing\": false,","logger":"task.stdout"}
{"timestamp":"2026-09-01T13:40:11.730842Z","level":"info","event":"    \"is_forecast\": false,","logger":"task.stdout"}
{"timestamp":"2026-09-01T13:40:11.732179Z","level":"info","event":"    \"post_date\": \"2026-09-01\",","logger":"task.stdout"}
{"timestamp":"2026-09-01T13:40:11.733581Z","level":"info","event":"    \"summary_description\": \"This notice of funding opportunity (NOFO) encourages applications for Silvio O. Conte Centers for Basic Neuroscience or Translational Mental Health Research. The National Institute of Mental Health (NIMH) seeks teams of integrative researchers working at different levels of analysis and employing  novel, and creative experimental approaches to address high-risk, high-impact questions with the primary objectives of: (a) advancing basic brain and behavior research that will uncover underlying mechanisms that could provide the foundation for understanding mental disorders; (b) supporting the integration and translation of basic and clinical neuroscience research on severe mental illnesses; (c) advancing our understanding of the neurobehavioral mechanisms and trajectories of psychopathology that begin in development. This program is intended only for projects that could not be achieved using other, more standard grant mechanisms.\",","logger":"task.stdout"}
{"timestamp":"2026-09-01T13:40:11.735364Z","level":"info","event":"    \"updated_at\": \"2026-09-01T12:52:56+00:00\",","logger":"task.stdout"}
{"timestamp":"2026-09-01T13:40:11.737218Z","level":"info","event":"    \"version_number\": 1","logger":"task.stdout"}
{"timestamp":"2026-09-01T13:40:11.741087Z","level":"info","event":"  },","logger":"task.stdout"}
{"timestamp":"2026-09-01T13:40:11.743813Z","level":"info","event":"  \"tagline\": null,","logger":"task.stdout"}
{"timestamp":"2026-09-01T13:40:11.747548Z","level":"info","event":"  \"top_level_agency_code\": \"HHS\",","logger":"task.stdout"}
{"timestamp":"2026-09-01T13:40:11.749638Z","level":"info","event":"  \"top_level_agency_name\": \"Department of Health and Human Services\"","logger":"task.stdout"}
{"timestamp":"2026-09-01T13:40:11.752008Z","level":"info","event":"}","logger":"task.stdout"}
{"timestamp":"2026-09-01T13:40:11.753103Z","level":"info","event":"","logger":"task.stdout"}
{"timestamp":"2026-09-01T13:40:11.754747Z","level":"info","event":"================================================================================","logger":"task.stdout"}
{"timestamp":"2026-09-01T13:40:11.755894Z","level":"info","event":"OPPORTUNITY 3 of 21","logger":"task.stdout"}
{"timestamp":"2026-09-01T13:40:11.757028Z","level":"info","event":"================================================================================","logger":"task.stdout"}
{"timestamp":"2026-09-01T13:40:11.758269Z","level":"info","event":"{","logger":"task.stdout"}
{"timestamp":"2026-09-01T13:40:11.766869Z","level":"info","event":"  \"agency\": \"DOE-ID\",","logger":"task.stdout"}
{"timestamp":"2026-09-01T13:40:11.770238Z","level":"info","event":"  \"agency_code\": \"DOE-ID\",","logger":"task.stdout"}
{"timestamp":"2026-09-01T13:40:11.771972Z","level":"info","event":"  \"agency_name\": \"Idaho Field Office\",","logger":"task.stdout"}
{"timestamp":"2026-09-01T13:40:11.779733Z","level":"info","event":"  \"category\": \"discretionary\",","logger":"task.stdout"}
{"timestamp":"2026-09-01T13:40:11.784187Z","level":"info","event":"  \"category_explanation\": null,","logger":"task.stdout"}
{"timestamp":"2026-09-01T13:40:11.790024Z","level":"info","event":"  \"legacy_opportunity_id\": 363757,","logger":"task.stdout"}
{"timestamp":"2026-09-01T13:40:11.795606Z","level":"info","event":"  \"opportunity_assistance_listings\": [","logger":"task.stdout"}
{"timestamp":"2026-09-01T13:40:11.802174Z","level":"info","event":"    {","logger":"task.stdout"}
{"timestamp":"2026-09-01T13:40:11.804713Z","level":"info","event":"      \"assistance_listing_number\": \"81.121\",","logger":"task.stdout"}
{"timestamp":"2026-09-01T13:40:11.808780Z","level":"info","event":"      \"program_title\": \"Nuclear Energy Research, Development and Demonstration\"","logger":"task.stdout"}
{"timestamp":"2026-09-01T13:40:11.811500Z","level":"info","event":"    }","logger":"task.stdout"}
{"timestamp":"2026-09-01T13:40:11.815473Z","level":"info","event":"  ],","logger":"task.stdout"}
{"timestamp":"2026-09-01T13:40:11.818352Z","level":"info","event":"  \"opportunity_id\": \"c747e8d0-7c6d-4c7b-8c0b-3d42dd0aea7e\",","logger":"task.stdout"}
{"timestamp":"2026-09-01T13:40:11.821548Z","level":"info","event":"  \"opportunity_number\": \"DE-FOA-0003617\",","logger":"task.stdout"}
{"timestamp":"2026-09-01T13:40:11.825228Z","level":"info","event":"  \"opportunity_status\": \"posted\",","logger":"task.stdout"}
{"timestamp":"2026-09-01T13:40:11.827943Z","level":"info","event":"  \"opportunity_title\": \"Staff Support for Regional Engagement with the U.S. Department of Energy, Office of Nuclear Energy, Office of Storage & Transportation on Radioactive Materials Transportation Planning\",","logger":"task.stdout"}
{"timestamp":"2026-09-01T13:40:11.832415Z","level":"info","event":"  \"purpose_statement\": null,","logger":"task.stdout"}
{"timestamp":"2026-09-01T13:40:11.837495Z","level":"info","event":"  \"summary\": {","logger":"task.stdout"}
{"timestamp":"2026-09-01T13:40:11.845231Z","level":"info","event":"    \"additional_info_url\": null,","logger":"task.stdout"}
{"timestamp":"2026-09-01T13:40:11.851894Z","level":"info","event":"    \"additional_info_url_description\": null,","logger":"task.stdout"}
{"timestamp":"2026-09-01T13:40:11.866863Z","level":"info","event":"    \"agency_contact_description\": \"Jeff  Rigby\\r\\nGrantor\\r\\nPhone 5098697640\",","logger":"task.stdout"}
{"timestamp":"2026-09-01T13:40:11.884184Z","level":"info","event":"    \"agency_email_address\": \"rigbyja@id.doe.gov\",","logger":"task.stdout"}
{"timestamp":"2026-09-01T13:40:11.900260Z","level":"info","event":"    \"agency_email_address_description\": \"Jeff Rigby\",","logger":"task.stdout"}
{"timestamp":"2026-09-01T13:40:11.916379Z","level":"info","event":"    \"applicant_eligibility_description\": \"\",","logger":"task.stdout"}
{"timestamp":"2026-09-01T13:40:11.937148Z","level":"info","event":"    \"applicant_types\": [","logger":"task.stdout"}
{"timestamp":"2026-09-01T13:40:11.948872Z","level":"info","event":"      \"for_profit_organizations_other_than_small_businesses\"","logger":"task.stdout"}
{"timestamp":"2026-09-01T13:40:11.956588Z","level":"info","event":"    ],","logger":"task.stdout"}
{"timestamp":"2026-09-01T13:40:11.969735Z","level":"info","event":"    \"archive_date\": \"2026-10-30\",","logger":"task.stdout"}
{"timestamp":"2026-09-01T13:40:11.978888Z","level":"info","event":"    \"award_ceiling\": 1700000,","logger":"task.stdout"}
{"timestamp":"2026-09-01T13:40:11.988473Z","level":"info","event":"    \"award_floor\": 0,","logger":"task.stdout"}
{"timestamp":"2026-09-01T13:40:11.999797Z","level":"info","event":"    \"close_date\": \"2026-09-30\",","logger":"task.stdout"}
{"timestamp":"2026-09-01T13:40:12.012391Z","level":"info","event":"    \"close_date_description\": \"\",","logger":"task.stdout"}
{"timestamp":"2026-09-01T13:40:12.024529Z","level":"info","event":"    \"created_at\": \"2026-09-01T12:53:14+00:00\",","logger":"task.stdout"}
{"timestamp":"2026-09-01T13:40:12.037187Z","level":"info","event":"    \"estimated_total_program_funding\": 6800000,","logger":"task.stdout"}
{"timestamp":"2026-09-01T13:40:12.046372Z","level":"info","event":"    \"expected_number_of_awards\": 4,","logger":"task.stdout"}
{"timestamp":"2026-09-01T13:40:12.052452Z","level":"info","event":"    \"fiscal_year\": null,","logger":"task.stdout"}
{"timestamp":"2026-09-01T13:40:12.064400Z","level":"info","event":"    \"forecasted_award_date\": null,","logger":"task.stdout"}
{"timestamp":"2026-09-01T13:40:12.077198Z","level":"info","event":"    \"forecasted_close_date\": null,","logger":"task.stdout"}
{"timestamp":"2026-09-01T13:40:12.086426Z","level":"info","event":"    \"forecasted_close_date_description\": null,","logger":"task.stdout"}
{"timestamp":"2026-09-01T13:40:12.092136Z","level":"info","event":"    \"forecasted_post_date\": null,","logger":"task.stdout"}
{"timestamp":"2026-09-01T13:40:12.100710Z","level":"info","event":"    \"forecasted_project_start_date\": null,","logger":"task.stdout"}
{"timestamp":"2026-09-01T13:40:12.104133Z","level":"info","event":"    \"funding_categories\": [","logger":"task.stdout"}
{"timestamp":"2026-09-01T13:40:12.107697Z","level":"info","event":"      \"energy\"","logger":"task.stdout"}
{"timestamp":"2026-09-01T13:40:12.112543Z","level":"info","event":"    ],","logger":"task.stdout"}
{"timestamp":"2026-09-01T13:40:12.129307Z","level":"info","event":"    \"funding_category_description\": null,","logger":"task.stdout"}
{"timestamp":"2026-09-01T13:40:12.138836Z","level":"info","event":"    \"funding_instruments\": [","logger":"task.stdout"}
{"timestamp":"2026-09-01T13:40:12.148789Z","level":"info","event":"      \"cooperative_agreement\"","logger":"task.stdout"}
{"timestamp":"2026-09-01T13:40:12.158320Z","level":"info","event":"    ],","logger":"task.stdout"}
{"timestamp":"2026-09-01T13:40:12.166696Z","level":"info","event":"    \"is_cost_sharing\": false,","logger":"task.stdout"}
{"timestamp":"2026-09-01T13:40:12.179309Z","level":"info","event":"    \"is_forecast\": false,","logger":"task.stdout"}
{"timestamp":"2026-09-01T13:40:12.191072Z","level":"info","event":"    \"post_date\": \"2026-09-01\",","logger":"task.stdout"}
{"timestamp":"2026-09-01T13:40:11.078104Z","level":"info","event":"Response status: 202\nResponse headers:\n    'Server': 'Windows-Azure-HDFS/1.0 Microsoft-HTTPAPI/2.0'\n    'x-ms-request-server-encrypted': 'REDACTED'\n    'x-ms-request-id': 'b921182a-001f-00c3-5e17-3a14d6000000'\n    'x-ms-version': 'REDACTED'\n    'x-ms-client-request-id': 'a72cf308-a60a-11f1-bb50-ce45cfbe13d6'\n    'Date': 'Tue, 01 Sep 2026 13:40:09 GMT'\n    'Content-Length': '0'","logger":"azure.core.pipeline.policies.http_logging_policy","ti_id":"01a05d32-b82c-7dfe-9fe7-785ed90e5617","dag_id":"orchestrate","try_number":1,"map_index":-1,"run_id":"scheduled__2026-09-01T07:00:00+00:00","task_id":"ingest_cdc","filename":"_universal.py","lineno":581}
{"timestamp":"2026-09-01T13:40:11.079574Z","level":"info","event":"Request URL: 'https://grantproject.dfs.core.windows.net/bronze/grants_gov/ingest_date%3D2026-09-01/opportunities.json?action=REDACTED&position=REDACTED&close=REDACTED'\nRequest method: 'PATCH'\nRequest headers:\n    'If-Match': '\"0x8DF082E8A69D108\"'\n    'x-ms-version': 'REDACTED'\n    'Accept': 'application/json'\n    'User-Agent': 'azsdk-python-storage-dfs/12.25.0 Python/3.13.14 (Linux-6.18.33.2-microsoft-standard-WSL2-x86_64-with-glibc2.36)'\n    'x-ms-date': 'REDACTED'\n    'x-ms-client-request-id': 'a73bc0ea-a60a-11f1-bb50-ce45cfbe13d6'\n    'Authorization': 'REDACTED'\nNo body was attached to the request","logger":"azure.core.pipeline.policies.http_logging_policy","ti_id":"01a05d32-b82c-7dfe-9fe7-785ed90e5617","dag_id":"orchestrate","try_number":1,"map_index":-1,"run_id":"scheduled__2026-09-01T07:00:00+00:00","task_id":"ingest_cdc","filename":"_universal.py","lineno":535}
{"timestamp":"2026-09-01T13:40:11.167528Z","level":"info","event":"Response status: 200\nResponse headers:\n    'Last-Modified': 'Tue, 01 Sep 2026 13:40:09 GMT'\n    'ETag': '\"0x8DF082E8A8746E8\"'\n    'Server': 'Windows-Azure-HDFS/1.0 Microsoft-HTTPAPI/2.0'\n    'x-ms-request-server-encrypted': 'REDACTED'\n    'x-ms-request-id': 'b921183a-001f-00c3-6e17-3a14d6000000'\n    'x-ms-version': 'REDACTED'\n    'x-ms-client-request-id': 'a73bc0ea-a60a-11f1-bb50-ce45cfbe13d6'\n    'Date': 'Tue, 01 Sep 2026 13:40:09 GMT'\n    'Content-Length': '0'","logger":"azure.core.pipeline.policies.http_logging_policy","ti_id":"01a05d32-b82c-7dfe-9fe7-785ed90e5617","dag_id":"orchestrate","try_number":1,"map_index":-1,"run_id":"scheduled__2026-09-01T07:00:00+00:00","task_id":"ingest_cdc","filename":"_universal.py","lineno":581}
{"timestamp":"2026-09-01T13:40:11.170467Z","level":"info","event":"Done. Returned value was: 21","ti_id":"01a05d32-b82c-7dfe-9fe7-785ed90e5617","dag_id":"orchestrate","try_number":1,"map_index":-1,"run_id":"scheduled__2026-09-01T07:00:00+00:00","task_id":"ingest_cdc","logger":"airflow.task.operators.airflow.providers.standard.decorators.python._PythonDecoratedOperator","filename":"python.py","lineno":233}
{"timestamp":"2026-09-01T13:40:11.170831Z","level":"info","event":"::group::Post Execute","ti_id":"01a05d32-b82c-7dfe-9fe7-785ed90e5617","dag_id":"orchestrate","try_number":1,"map_index":-1,"run_id":"scheduled__2026-09-01T07:00:00+00:00","task_id":"ingest_cdc","logger":"task","filename":"task_runner.py","lineno":1580}
{"timestamp":"2026-09-01T13:40:12.303462Z","level":"info","event":"    \"summary_description\": \"<p>Staff Support for Regional State Engagement with the United States (U.S.) Department of Energy, Office of Nuclear Energy, Office of Storage &amp; Transportation on Radioactive Materials Transportation Planning. Facilitate engagement between DOE and State government representatives in four (4) specific regions (Eastern Region, Western Region, Midwestern Region, or Southern Region of the United States) and the Office of Storage &amp; Transportation (DOE-S&amp;T) in planning for future large-scale DOE transportation of commercial used nuclear fuel (UNF) and high-level radioactive waste (HLW), and addressing related DOE program issues that may impact a State or region. DOE anticipates making a total of four (4) awards e from this NOFO, one (1) award for each region.</p>\",","logger":"task.stdout"}
{"timestamp":"2026-09-01T13:40:12.310036Z","level":"info","event":"    \"updated_at\": \"2026-09-01T12:53:14+00:00\",","logger":"task.stdout"}
{"timestamp":"2026-09-01T13:40:12.315380Z","level":"info","event":"    \"version_number\": 1","logger":"task.stdout"}
{"timestamp":"2026-09-01T13:40:12.326622Z","level":"info","event":"  },","logger":"task.stdout"}
{"timestamp":"2026-09-01T13:40:12.335060Z","level":"info","event":"  \"tagline\": null,","logger":"task.stdout"}
{"timestamp":"2026-09-01T13:40:12.343568Z","level":"info","event":"  \"top_level_agency_code\": \"DOE\",","logger":"task.stdout"}
{"timestamp":"2026-09-01T13:40:12.350258Z","level":"info","event":"  \"top_level_agency_name\": \"Department of Energy\"","logger":"task.stdout"}
{"timestamp":"2026-09-01T13:40:12.362571Z","level":"info","event":"}","logger":"task.stdout"}
{"timestamp":"2026-09-01T13:40:12.377045Z","level":"info","event":"","logger":"task.stdout"}
{"timestamp":"2026-09-01T13:40:12.389108Z","level":"info","event":"================================================================================","logger":"task.stdout"}
{"timestamp":"2026-09-01T13:40:12.393025Z","level":"info","event":"OPPORTUNITY 4 of 21","logger":"task.stdout"}
{"timestamp":"2026-09-01T13:40:12.398392Z","level":"info","event":"================================================================================","logger":"task.stdout"}
{"timestamp":"2026-09-01T13:40:12.406443Z","level":"info","event":"{","logger":"task.stdout"}
{"timestamp":"2026-09-01T13:40:12.410756Z","level":"info","event":"  \"agency\": \"HHS-NIH11\",","logger":"task.stdout"}
{"timestamp":"2026-09-01T13:40:12.422019Z","level":"info","event":"  \"agency_code\": \"HHS-NIH11\",","logger":"task.stdout"}
{"timestamp":"2026-09-01T13:40:12.430028Z","level":"info","event":"  \"agency_name\": \"National Institutes of Health\",","logger":"task.stdout"}
{"timestamp":"2026-09-01T13:40:12.435952Z","level":"info","event":"  \"category\": \"discretionary\",","logger":"task.stdout"}
{"timestamp":"2026-09-01T13:40:12.439284Z","level":"info","event":"  \"category_explanation\": null,","logger":"task.stdout"}
{"timestamp":"2026-09-01T13:40:12.446568Z","level":"info","event":"  \"legacy_opportunity_id\": 361518,","logger":"task.stdout"}
{"timestamp":"2026-09-01T13:40:12.451418Z","level":"info","event":"  \"opportunity_assistance_listings\": [","logger":"task.stdout"}
{"timestamp":"2026-09-01T13:40:12.459017Z","level":"info","event":"    {","logger":"task.stdout"}
{"timestamp":"2026-09-01T13:40:12.466617Z","level":"info","event":"      \"assistance_listing_number\": \"93.279\",","logger":"task.stdout"}
{"timestamp":"2026-09-01T13:40:12.469649Z","level":"info","event":"      \"program_title\": \"Drug Use and Addiction Research Programs\"","logger":"task.stdout"}
{"timestamp":"2026-09-01T13:40:12.471262Z","level":"info","event":"    }","logger":"task.stdout"}
{"timestamp":"2026-09-01T13:40:12.473047Z","level":"info","event":"  ],","logger":"task.stdout"}
{"timestamp":"2026-09-01T13:40:12.479061Z","level":"info","event":"  \"opportunity_id\": \"42df9ed2-0331-41fd-8d9b-6040ec13e4c9\",","logger":"task.stdout"}
{"timestamp":"2026-09-01T13:40:12.480875Z","level":"info","event":"  \"opportunity_number\": \"PAR-27-053\",","logger":"task.stdout"}
{"timestamp":"2026-09-01T13:40:12.482916Z","level":"info","event":"  \"opportunity_status\": \"posted\",","logger":"task.stdout"}
{"timestamp":"2026-09-01T13:40:12.484308Z","level":"info","event":"  \"opportunity_title\": \"Exploratory Clinical Neuroscience Research on Substance Use Disorders (R61/R33 Clinical Trial Optional)\",","logger":"task.stdout"}
{"timestamp":"2026-09-01T13:40:12.486133Z","level":"info","event":"  \"purpose_statement\": null,","logger":"task.stdout"}
{"timestamp":"2026-09-01T13:40:12.487766Z","level":"info","event":"  \"summary\": {","logger":"task.stdout"}
{"timestamp":"2026-09-01T13:40:12.492137Z","level":"info","event":"    \"additional_info_url\": null,","logger":"task.stdout"}
{"timestamp":"2026-09-01T13:40:12.495595Z","level":"info","event":"    \"additional_info_url_description\": null,","logger":"task.stdout"}
{"timestamp":"2026-09-01T13:40:12.499471Z","level":"info","event":"    \"agency_contact_description\": \"Division of Neuroscience and Behavior (DNB)\\nNIDA_DNB_BCNB_r61@nih.gov\",","logger":"task.stdout"}
{"timestamp":"2026-09-01T13:40:12.516590Z","level":"info","event":"    \"agency_email_address\": \"NIDA_DNB_BCNB_r61@nih.gov\",","logger":"task.stdout"}
{"timestamp":"2026-09-01T13:40:12.566230Z","level":"info","event":"    \"agency_email_address_description\": \"NIDA_DNB_BCNB_r61@nih.gov\",","logger":"task.stdout"}
{"timestamp":"2026-09-01T13:40:12.597554Z","level":"info","event":"    \"applicant_eligibility_description\": \"Refer to Section III. Eligibility Information in the NOFO for additional information on eligibility.Foreign Organizations/International CollaborationsNon-domestic (non-U.S.) Entities (Foreign Organizations) are eligible to apply.Non-domestic (non-U.S.) components of U.S. Organizations are eligible to apply.Foreign components, as defined in the NIH Grants Policy Statement, are allowed.NIH will no longer issue awards (i.e., new, renewal, or non-competing continuation) to domestic or foreign entities that involve foreign subawards/subcontracts. All NIH-funded research involving foreign subawards/subcontracts must be submitted in response to a NOFO that is specifically designated for funded international collaborations. See NIH Grants Policy Statement 16.8 Collaborative International Research Awards.Applications involving foreign subawards/subcontracts submitted in response to this NOFO will be deemed noncompliant and will not be considered for funding. This policy applies to all monetary international collaborations resulting in foreign subawards/subcontracts, however, it does not preclude unfunded international collaborations or foreign components, funding for foreign consultants, or procurement of unique equipment or supplies from foreign vendors.\",","logger":"task.stdout"}
{"timestamp":"2026-09-01T13:40:12.616079Z","level":"info","event":"    \"applicant_types\": [","logger":"task.stdout"}
{"timestamp":"2026-09-01T13:40:12.630732Z","level":"info","event":"      \"for_profit_organizations_other_than_small_businesses\",","logger":"task.stdout"}
{"timestamp":"2026-09-01T13:40:12.638554Z","level":"info","event":"      \"small_businesses\",","logger":"task.stdout"}
{"timestamp":"2026-09-01T13:40:12.642968Z","level":"info","event":"      \"private_institutions_of_higher_education\",","logger":"task.stdout"}
{"timestamp":"2026-09-01T13:40:12.649597Z","level":"info","event":"      \"public_and_indian_housing_authorities\",","logger":"task.stdout"}
{"timestamp":"2026-09-01T13:40:12.660015Z","level":"info","event":"      \"special_district_governments\",","logger":"task.stdout"}
{"timestamp":"2026-09-01T13:40:12.663339Z","level":"info","event":"      \"city_or_township_governments\",","logger":"task.stdout"}
{"timestamp":"2026-09-01T13:40:12.665237Z","level":"info","event":"      \"other\",","logger":"task.stdout"}
{"timestamp":"2026-09-01T13:40:12.666952Z","level":"info","event":"      \"public_and_state_institutions_of_higher_education\",","logger":"task.stdout"}
{"timestamp":"2026-09-01T13:40:12.668510Z","level":"info","event":"      \"nonprofits_non_higher_education_without_501c3\",","logger":"task.stdout"}
{"timestamp":"2026-09-01T13:40:12.670212Z","level":"info","event":"      \"other_native_american_tribal_organizations\",","logger":"task.stdout"}
{"timestamp":"2026-09-01T13:40:12.671509Z","level":"info","event":"      \"state_governments\",","logger":"task.stdout"}
{"timestamp":"2026-09-01T13:40:12.673121Z","level":"info","event":"      \"independent_school_districts\",","logger":"task.stdout"}
{"timestamp":"2026-09-01T13:40:12.675287Z","level":"info","event":"      \"federally_recognized_native_american_tribal_governments\",","logger":"task.stdout"}
{"timestamp":"2026-09-01T13:40:11.171283Z","level":"info","event":"Pushing xcom","ti":"RuntimeTaskInstance(id=UUID('01a05d32-b82c-7dfe-9fe7-785ed90e5617'), task_id='ingest_cdc', dag_id='orchestrate', run_id='scheduled__2026-09-01T07:00:00+00:00', try_number=1, dag_version_id=UUID('01a05855-86d5-7bb9-8801-fa0a38a8d595'), map_index=-1, hostname='89db77d81350', context_carrier={'traceparent': '00-00b4c987cc2f8958eb4a4ff21c934aa3-a76697498277c57d-00'}, queue='default', task=<Task(_PythonDecoratedOperator): ingest_cdc>, bundle_instance=LocalDagBundle(name=dags-folder), max_tries=0, start_date=datetime.datetime(2026, 9, 1, 13, 40, 5, 501750, tzinfo=datetime.timezone.utc), end_date=None, state=<TaskInstanceState.RUNNING: 'running'>, is_mapped=False, rendered_map_index=None, sentry_integration='sentry_sdk.integrations.celery.CeleryIntegration')","ti_id":"01a05d32-b82c-7dfe-9fe7-785ed90e5617","dag_id":"orchestrate","try_number":1,"map_index":-1,"run_id":"scheduled__2026-09-01T07:00:00+00:00","task_id":"ingest_cdc","logger":"task","filename":"task_runner.py","lineno":2280}
{"timestamp":"2026-09-01T13:40:12.683590Z","level":"info","event":"      \"nonprofits_non_higher_education_with_501c3\",","logger":"task.stdout"}
{"timestamp":"2026-09-01T13:40:12.685927Z","level":"info","event":"      \"county_governments\"","logger":"task.stdout"}
{"timestamp":"2026-09-01T13:40:12.688503Z","level":"info","event":"    ],","logger":"task.stdout"}
{"timestamp":"2026-09-01T13:40:12.696829Z","level":"info","event":"    \"archive_date\": \"2028-08-15\",","logger":"task.stdout"}
{"timestamp":"2026-09-01T13:40:12.700460Z","level":"info","event":"    \"award_ceiling\": null,","logger":"task.stdout"}
{"timestamp":"2026-09-01T13:40:12.701861Z","level":"info","event":"    \"award_floor\": null,","logger":"task.stdout"}
{"timestamp":"2026-09-01T13:40:12.703144Z","level":"info","event":"    \"close_date\": \"2028-06-16\",","logger":"task.stdout"}
{"timestamp":"2026-09-01T13:40:12.709900Z","level":"info","event":"    \"close_date_description\": null,","logger":"task.stdout"}
{"timestamp":"2026-09-01T13:40:12.712142Z","level":"info","event":"    \"created_at\": \"2026-08-31T15:47:16+00:00\",","logger":"task.stdout"}
{"timestamp":"2026-09-01T13:40:12.714819Z","level":"info","event":"    \"estimated_total_program_funding\": null,","logger":"task.stdout"}
{"timestamp":"2026-09-01T13:40:12.717316Z","level":"info","event":"    \"expected_number_of_awards\": null,","logger":"task.stdout"}
{"timestamp":"2026-09-01T13:40:12.721367Z","level":"info","event":"    \"fiscal_year\": null,","logger":"task.stdout"}
{"timestamp":"2026-09-01T13:40:12.724558Z","level":"info","event":"    \"forecasted_award_date\": null,","logger":"task.stdout"}
{"timestamp":"2026-09-01T13:40:12.726737Z","level":"info","event":"    \"forecasted_close_date\": null,","logger":"task.stdout"}
{"timestamp":"2026-09-01T13:40:12.728384Z","level":"info","event":"    \"forecasted_close_date_description\": null,","logger":"task.stdout"}
{"timestamp":"2026-09-01T13:40:12.729587Z","level":"info","event":"    \"forecasted_post_date\": null,","logger":"task.stdout"}
{"timestamp":"2026-09-01T13:40:12.732280Z","level":"info","event":"    \"forecasted_project_start_date\": null,","logger":"task.stdout"}
{"timestamp":"2026-09-01T13:40:12.734750Z","level":"info","event":"    \"funding_categories\": [","logger":"task.stdout"}
{"timestamp":"2026-09-01T13:40:12.737375Z","level":"info","event":"      \"health\"","logger":"task.stdout"}
{"timestamp":"2026-09-01T13:40:12.738525Z","level":"info","event":"    ],","logger":"task.stdout"}
{"timestamp":"2026-09-01T13:40:12.740898Z","level":"info","event":"    \"funding_category_description\": null,","logger":"task.stdout"}
{"timestamp":"2026-09-01T13:40:12.743453Z","level":"info","event":"    \"funding_instruments\": [","logger":"task.stdout"}
{"timestamp":"2026-09-01T13:40:12.745360Z","level":"info","event":"      \"grant\"","logger":"task.stdout"}
{"timestamp":"2026-09-01T13:40:12.747530Z","level":"info","event":"    ],","logger":"task.stdout"}
{"timestamp":"2026-09-01T13:40:12.750628Z","level":"info","event":"    \"is_cost_sharing\": false,","logger":"task.stdout"}
{"timestamp":"2026-09-01T13:40:12.754691Z","level":"info","event":"    \"is_forecast\": false,","logger":"task.stdout"}
{"timestamp":"2026-09-01T13:40:12.756738Z","level":"info","event":"    \"post_date\": \"2026-08-31\",","logger":"task.stdout"}
{"timestamp":"2026-09-01T13:40:12.760358Z","level":"info","event":"    \"summary_description\": \"This notice of funding opportunity (NOFO) uses a R61/R33 Phased Innovation Award activity code to support clinical research applications that are exploratory and developmental in nature and focus on understanding the neurobiological mechanisms underlying substance use disorders (SUD), including fundamental circuitry and behavior relevant to substance use. For projects not requiring a phased research approach, applicants are encouraged to apply under a different funding activity code (e.g., PA-25-305 \\\"Research Project Grant (Parent R01 Clinical Trial Required)\\\" or its subsequent reissue).\",","logger":"task.stdout"}
{"timestamp":"2026-09-01T13:40:12.765382Z","level":"info","event":"    \"updated_at\": \"2026-08-31T15:47:16+00:00\",","logger":"task.stdout"}
{"timestamp":"2026-09-01T13:40:12.773695Z","level":"info","event":"    \"version_number\": 1","logger":"task.stdout"}
{"timestamp":"2026-09-01T13:40:12.778646Z","level":"info","event":"  },","logger":"task.stdout"}
{"timestamp":"2026-09-01T13:40:12.785165Z","level":"info","event":"  \"tagline\": null,","logger":"task.stdout"}
{"timestamp":"2026-09-01T13:40:12.792709Z","level":"info","event":"  \"top_level_agency_code\": \"HHS\",","logger":"task.stdout"}
{"timestamp":"2026-09-01T13:40:12.801217Z","level":"info","event":"  \"top_level_agency_name\": \"Department of Health and Human Services\"","logger":"task.stdout"}
{"timestamp":"2026-09-01T13:40:12.808889Z","level":"info","event":"}","logger":"task.stdout"}
{"timestamp":"2026-09-01T13:40:12.816489Z","level":"info","event":"","logger":"task.stdout"}
{"timestamp":"2026-09-01T13:40:12.823120Z","level":"info","event":"================================================================================","logger":"task.stdout"}
{"timestamp":"2026-09-01T13:40:12.830418Z","level":"info","event":"OPPORTUNITY 5 of 21","logger":"task.stdout"}
{"timestamp":"2026-09-01T13:40:12.836023Z","level":"info","event":"================================================================================","logger":"task.stdout"}
{"timestamp":"2026-09-01T13:40:12.838824Z","level":"info","event":"{","logger":"task.stdout"}
{"timestamp":"2026-09-01T13:40:12.842802Z","level":"info","event":"  \"agency\": \"HHS-NIH11\",","logger":"task.stdout"}
{"timestamp":"2026-09-01T13:40:12.846889Z","level":"info","event":"  \"agency_code\": \"HHS-NIH11\",","logger":"task.stdout"}
{"timestamp":"2026-09-01T13:40:12.850907Z","level":"info","event":"  \"agency_name\": \"National Institutes of Health\",","logger":"task.stdout"}
{"timestamp":"2026-09-01T13:40:12.855963Z","level":"info","event":"  \"category\": \"discretionary\",","logger":"task.stdout"}
{"timestamp":"2026-09-01T13:40:12.861686Z","level":"info","event":"  \"category_explanation\": null,","logger":"task.stdout"}
{"timestamp":"2026-09-01T13:40:12.868820Z","level":"info","event":"  \"legacy_opportunity_id\": 360393,","logger":"task.stdout"}
{"timestamp":"2026-09-01T13:40:12.875902Z","level":"info","event":"  \"opportunity_assistance_listings\": [","logger":"task.stdout"}
{"timestamp":"2026-09-01T13:40:12.883925Z","level":"info","event":"    {","logger":"task.stdout"}
{"timestamp":"2026-09-01T13:40:12.890336Z","level":"info","event":"      \"assistance_listing_number\": \"93.399\",","logger":"task.stdout"}
{"timestamp":"2026-09-01T13:40:12.899058Z","level":"info","event":"      \"program_title\": \"Cancer Control\"","logger":"task.stdout"}
{"timestamp":"2026-09-01T13:40:12.904599Z","level":"info","event":"    }","logger":"task.stdout"}
{"timestamp":"2026-09-01T13:40:12.910854Z","level":"info","event":"  ],","logger":"task.stdout"}
{"timestamp":"2026-09-01T13:40:12.913924Z","level":"info","event":"  \"opportunity_id\": \"6552e00b-8e51-4278-ab04-b6e3765a88a0\",","logger":"task.stdout"}
{"timestamp":"2026-09-01T13:40:12.920446Z","level":"info","event":"  \"opportunity_number\": \"PAR-28-062\",","logger":"task.stdout"}
{"timestamp":"2026-09-01T13:40:12.927798Z","level":"info","event":"  \"opportunity_status\": \"posted\",","logger":"task.stdout"}
{"timestamp":"2026-09-01T13:40:12.932030Z","level":"info","event":"  \"opportunity_title\": \"Cancer Advancement through Partnerships in Research and Infrastructure (CAPRI) (U54 Clinical Trial Optional)\",","logger":"task.stdout"}
{"timestamp":"2026-09-01T13:40:12.936837Z","level":"info","event":"  \"purpose_statement\": null,","logger":"task.stdout"}
{"timestamp":"2026-09-01T13:40:12.940583Z","level":"info","event":"  \"summary\": {","logger":"task.stdout"}
{"timestamp":"2026-09-01T13:40:12.948342Z","level":"info","event":"    \"additional_info_url\": null,","logger":"task.stdout"}
{"timestamp":"2026-09-01T13:40:12.951473Z","level":"info","event":"    \"additional_info_url_description\": null,","logger":"task.stdout"}
{"timestamp":"2026-09-01T13:40:12.955311Z","level":"info","event":"    \"agency_contact_description\": \"NCI CRCHD Program Inbox National Cancer Institute (NCI)\\nnci-crchd@mail.nih.gov\",","logger":"task.stdout"}
{"timestamp":"2026-09-01T13:40:12.960660Z","level":"info","event":"    \"agency_email_address\": \"nci-crchd@mail.nih.gov\",","logger":"task.stdout"}
{"timestamp":"2026-09-01T13:40:12.968642Z","level":"info","event":"    \"agency_email_address_description\": \"ncicpachU54@mail.nih.gov\",","logger":"task.stdout"}
{"timestamp":"2026-09-01T13:40:12.974445Z","level":"info","event":"    \"applicant_eligibility_description\": \"Other Eligible ApplicantsEligible Agencies of the Federal Government;U.S. Territory or Possession;Faith-based or Community-based Organizations;Regional Organizations.Refer to Section III. Eligibility Information in the NOFO for additional information on eligibility.Foreign Organizations/International CollaborationsNon-domestic (non-U.S.) Entities (Foreign Organization) are not eligible to apply.Non-domestic (non-U.S.) components of U.S. Organizations are not eligible to apply.Foreign components, as defined in the NIH Grants Policy Statement, are not allowed.\",","logger":"task.stdout"}
{"timestamp":"2026-09-01T13:40:12.980423Z","level":"info","event":"    \"applicant_types\": [","logger":"task.stdout"}
{"timestamp":"2026-09-01T13:40:12.984669Z","level":"info","event":"      \"other\",","logger":"task.stdout"}
{"timestamp":"2026-09-01T13:40:12.993030Z","level":"info","event":"      \"public_and_state_institutions_of_higher_education\",","logger":"task.stdout"}
{"timestamp":"2026-09-01T13:40:13.000428Z","level":"info","event":"      \"nonprofits_non_higher_education_with_501c3\",","logger":"task.stdout"}
{"timestamp":"2026-09-01T13:40:13.008306Z","level":"info","event":"      \"nonprofits_non_higher_education_without_501c3\",","logger":"task.stdout"}
{"timestamp":"2026-09-01T13:40:13.016382Z","level":"info","event":"      \"independent_school_districts\"","logger":"task.stdout"}
{"timestamp":"2026-09-01T13:40:13.024707Z","level":"info","event":"    ],","logger":"task.stdout"}
{"timestamp":"2026-09-01T13:40:13.032663Z","level":"info","event":"    \"archive_date\": \"2027-03-26\",","logger":"task.stdout"}
{"timestamp":"2026-09-01T13:40:13.035162Z","level":"info","event":"    \"award_ceiling\": null,","logger":"task.stdout"}
{"timestamp":"2026-09-01T13:40:13.036621Z","level":"info","event":"    \"award_floor\": null,","logger":"task.stdout"}
{"timestamp":"2026-09-01T13:40:13.039278Z","level":"info","event":"    \"close_date\": \"2027-01-25\",","logger":"task.stdout"}
{"timestamp":"2026-09-01T13:40:13.044906Z","level":"info","event":"    \"close_date_description\": null,","logger":"task.stdout"}
{"timestamp":"2026-09-01T13:40:13.050320Z","level":"info","event":"    \"created_at\": \"2026-08-31T14:41:00+00:00\",","logger":"task.stdout"}
{"timestamp":"2026-09-01T13:40:13.060397Z","level":"info","event":"    \"estimated_total_program_funding\": null,","logger":"task.stdout"}
{"timestamp":"2026-09-01T13:40:13.075695Z","level":"info","event":"    \"expected_number_of_awards\": null,","logger":"task.stdout"}
{"timestamp":"2026-09-01T13:40:13.102462Z","level":"info","event":"    \"fiscal_year\": null,","logger":"task.stdout"}
{"timestamp":"2026-09-01T13:40:13.108809Z","level":"info","event":"    \"forecasted_award_date\": null,","logger":"task.stdout"}
{"timestamp":"2026-09-01T13:40:13.121295Z","level":"info","event":"    \"forecasted_close_date\": null,","logger":"task.stdout"}
{"timestamp":"2026-09-01T13:40:13.141126Z","level":"info","event":"    \"forecasted_close_date_description\": null,","logger":"task.stdout"}
{"timestamp":"2026-09-01T13:40:13.158107Z","level":"info","event":"    \"forecasted_post_date\": null,","logger":"task.stdout"}
{"timestamp":"2026-09-01T13:40:13.280003Z","level":"info","event":"    \"forecasted_project_start_date\": null,","logger":"task.stdout"}
{"timestamp":"2026-09-01T13:40:13.301574Z","level":"info","event":"    \"funding_categories\": [","logger":"task.stdout"}
{"timestamp":"2026-09-01T13:40:13.326938Z","level":"info","event":"      \"health\"","logger":"task.stdout"}
{"timestamp":"2026-09-01T13:40:13.348984Z","level":"info","event":"    ],","logger":"task.stdout"}
{"timestamp":"2026-09-01T13:40:13.364329Z","level":"info","event":"    \"funding_category_description\": null,","logger":"task.stdout"}
{"timestamp":"2026-09-01T13:40:13.377361Z","level":"info","event":"    \"funding_instruments\": [","logger":"task.stdout"}
{"timestamp":"2026-09-01T13:40:13.387944Z","level":"info","event":"      \"cooperative_agreement\"","logger":"task.stdout"}
{"timestamp":"2026-09-01T13:40:13.396769Z","level":"info","event":"    ],","logger":"task.stdout"}
{"timestamp":"2026-09-01T13:40:13.400007Z","level":"info","event":"    \"is_cost_sharing\": false,","logger":"task.stdout"}
{"timestamp":"2026-09-01T13:40:13.402442Z","level":"info","event":"    \"is_forecast\": false,","logger":"task.stdout"}
{"timestamp":"2026-09-01T13:40:13.408347Z","level":"info","event":"    \"post_date\": \"2026-08-31\",","logger":"task.stdout"}
{"timestamp":"2026-09-01T13:40:13.414653Z","level":"info","event":"    \"summary_description\": \"This is a Notice of Funding Opportunity (NOFO) for a Limited Competition that invites applications from eligible organizations to apply. Please see Section III. Eligibility for additional information. In accordance with NIH standard peer-review processes, the applications will be peer-reviewed, and only meritorious applications will be considered for funding. This funding opportunity seeks to support the Cancer Advancement through Partnerships in Research and Infrastructure (CAPRI). The CAPRI Program establishes and strengthens comprehensive, mutually beneficial and meaningful partnerships between Resource Limited Institutions (RLIs) and NCI-designated Cancer Centers (CCs) to accelerate collaborative and innovative cancer. The Program achieves this by strategically building institutional capacity, advancing research capabilities, enhancing the impact of innovative cancer research, cultivating the next generation of Early-Stage Investigators and trainees, and implementing coordinated outreach and education initiatives that extend the benefits of research to all populations nationwide.\",","logger":"task.stdout"}
{"timestamp":"2026-09-01T13:40:13.464100Z","level":"info","event":"    \"updated_at\": \"2026-08-31T14:41:00+00:00\",","logger":"task.stdout"}
{"timestamp":"2026-09-01T13:40:13.494204Z","level":"info","event":"    \"version_number\": 1","logger":"task.stdout"}
{"timestamp":"2026-09-01T13:40:13.514762Z","level":"info","event":"  },","logger":"task.stdout"}
{"timestamp":"2026-09-01T13:40:13.534024Z","level":"info","event":"  \"tagline\": null,","logger":"task.stdout"}
{"timestamp":"2026-09-01T13:40:13.547666Z","level":"info","event":"  \"top_level_agency_code\": \"HHS\",","logger":"task.stdout"}
{"timestamp":"2026-09-01T13:40:13.559609Z","level":"info","event":"  \"top_level_agency_name\": \"Department of Health and Human Services\"","logger":"task.stdout"}
{"timestamp":"2026-09-01T13:40:13.568167Z","level":"info","event":"}","logger":"task.stdout"}
{"timestamp":"2026-09-01T13:40:13.572877Z","level":"info","event":"","logger":"task.stdout"}
{"timestamp":"2026-09-01T13:40:13.579040Z","level":"info","event":"================================================================================","logger":"task.stdout"}
{"timestamp":"2026-09-01T13:40:13.586485Z","level":"info","event":"OPPORTUNITY 6 of 21","logger":"task.stdout"}
{"timestamp":"2026-09-01T13:40:13.593782Z","level":"info","event":"================================================================================","logger":"task.stdout"}
{"timestamp":"2026-09-01T13:40:13.601035Z","level":"info","event":"{","logger":"task.stdout"}
{"timestamp":"2026-09-01T13:40:13.606408Z","level":"info","event":"  \"agency\": \"DOE-ID\",","logger":"task.stdout"}
{"timestamp":"2026-09-01T13:40:13.614155Z","level":"info","event":"  \"agency_code\": \"DOE-ID\",","logger":"task.stdout"}
{"timestamp":"2026-09-01T13:40:13.626243Z","level":"info","event":"  \"agency_name\": \"Idaho Field Office\",","logger":"task.stdout"}
{"timestamp":"2026-09-01T13:40:13.632114Z","level":"info","event":"  \"category\": \"discretionary\",","logger":"task.stdout"}
{"timestamp":"2026-09-01T13:40:13.638555Z","level":"info","event":"  \"category_explanation\": null,","logger":"task.stdout"}
{"timestamp":"2026-09-01T13:40:13.645569Z","level":"info","event":"  \"legacy_opportunity_id\": 363754,","logger":"task.stdout"}
{"timestamp":"2026-09-01T13:40:13.649908Z","level":"info","event":"  \"opportunity_assistance_listings\": [","logger":"task.stdout"}
{"timestamp":"2026-09-01T13:40:13.656712Z","level":"info","event":"    {","logger":"task.stdout"}
{"timestamp":"2026-09-01T13:40:13.662372Z","level":"info","event":"      \"assistance_listing_number\": \"81.121\",","logger":"task.stdout"}
{"timestamp":"2026-09-01T13:40:13.666243Z","level":"info","event":"      \"program_title\": \"Nuclear Energy Research, Development and Demonstration\"","logger":"task.stdout"}
{"timestamp":"2026-09-01T13:40:13.671580Z","level":"info","event":"    }","logger":"task.stdout"}
{"timestamp":"2026-09-01T13:40:13.674925Z","level":"info","event":"  ],","logger":"task.stdout"}
{"timestamp":"2026-09-01T13:40:13.678494Z","level":"info","event":"  \"opportunity_id\": \"8c895cc1-5996-4234-a482-ec9c6c9e88f4\",","logger":"task.stdout"}
{"timestamp":"2026-09-01T13:40:13.681735Z","level":"info","event":"  \"opportunity_number\": \"DE-FOA-0003618\",","logger":"task.stdout"}
{"timestamp":"2026-09-01T13:40:13.683622Z","level":"info","event":"  \"opportunity_status\": \"posted\",","logger":"task.stdout"}
{"timestamp":"2026-09-01T13:40:13.685218Z","level":"info","event":"  \"opportunity_title\": \"Staff Support to Tribal Radioactive Materials Transportation Committee for Engagement with the United States (U.S.) Department of Energy on Radioactive Materials Transportation Planning\",","logger":"task.stdout"}
{"timestamp":"2026-09-01T13:40:13.688487Z","level":"info","event":"  \"purpose_statement\": null,","logger":"task.stdout"}
{"timestamp":"2026-09-01T13:40:13.692351Z","level":"info","event":"  \"summary\": {","logger":"task.stdout"}
{"timestamp":"2026-09-01T13:40:13.695385Z","level":"info","event":"    \"additional_info_url\": null,","logger":"task.stdout"}
{"timestamp":"2026-09-01T13:40:13.697552Z","level":"info","event":"    \"additional_info_url_description\": null,","logger":"task.stdout"}
{"timestamp":"2026-09-01T13:40:13.700280Z","level":"info","event":"    \"agency_contact_description\": \"Jeff A. Rigby 208-223-2479\\nrigbyja@id.doe.gov\",","logger":"task.stdout"}
{"timestamp":"2026-09-01T13:40:13.703735Z","level":"info","event":"    \"agency_email_address\": \"rigbyja@id.doe.gov\",","logger":"task.stdout"}
{"timestamp":"2026-09-01T13:40:13.707319Z","level":"info","event":"    \"agency_email_address_description\": \"Click to email contact\",","logger":"task.stdout"}
{"timestamp":"2026-09-01T13:40:13.712270Z","level":"info","event":"    \"applicant_eligibility_description\": \"\",","logger":"task.stdout"}
{"timestamp":"2026-09-01T13:40:13.715515Z","level":"info","event":"    \"applicant_types\": [","logger":"task.stdout"}
{"timestamp":"2026-09-01T13:40:13.719615Z","level":"info","event":"      \"other_native_american_tribal_organizations\",","logger":"task.stdout"}
{"timestamp":"2026-09-01T13:40:13.723515Z","level":"info","event":"      \"for_profit_organizations_other_than_small_businesses\",","logger":"task.stdout"}
{"timestamp":"2026-09-01T13:40:13.726350Z","level":"info","event":"      \"public_and_state_institutions_of_higher_education\",","logger":"task.stdout"}
{"timestamp":"2026-09-01T13:40:13.735277Z","level":"info","event":"      \"nonprofits_non_higher_education_without_501c3\",","logger":"task.stdout"}
{"timestamp":"2026-09-01T13:40:13.740517Z","level":"info","event":"      \"private_institutions_of_higher_education\",","logger":"task.stdout"}
{"timestamp":"2026-09-01T13:40:13.746569Z","level":"info","event":"      \"federally_recognized_native_american_tribal_governments\",","logger":"task.stdout"}
{"timestamp":"2026-09-01T13:40:13.750729Z","level":"info","event":"      \"nonprofits_non_higher_education_with_501c3\",","logger":"task.stdout"}
{"timestamp":"2026-09-01T13:40:13.752134Z","level":"info","event":"      \"state_governments\",","logger":"task.stdout"}
{"timestamp":"2026-09-01T13:40:13.753364Z","level":"info","event":"      \"small_businesses\"","logger":"task.stdout"}
{"timestamp":"2026-09-01T13:40:13.754466Z","level":"info","event":"    ],","logger":"task.stdout"}
{"timestamp":"2026-09-01T13:40:13.755915Z","level":"info","event":"    \"archive_date\": \"2026-10-30\",","logger":"task.stdout"}
{"timestamp":"2026-09-01T13:40:13.757813Z","level":"info","event":"    \"award_ceiling\": 2000000,","logger":"task.stdout"}
{"timestamp":"2026-09-01T13:40:13.759176Z","level":"info","event":"    \"award_floor\": 0,","logger":"task.stdout"}
{"timestamp":"2026-09-01T13:40:13.760422Z","level":"info","event":"    \"close_date\": \"2026-09-30\",","logger":"task.stdout"}
{"timestamp":"2026-09-01T13:40:13.761710Z","level":"info","event":"    \"close_date_description\": \"\",","logger":"task.stdout"}
{"timestamp":"2026-09-01T13:40:13.764184Z","level":"info","event":"    \"created_at\": \"2026-08-31T22:48:07+00:00\",","logger":"task.stdout"}
{"timestamp":"2026-09-01T13:40:13.766813Z","level":"info","event":"    \"estimated_total_program_funding\": 2000000,","logger":"task.stdout"}
{"timestamp":"2026-09-01T13:40:13.768887Z","level":"info","event":"    \"expected_number_of_awards\": 1,","logger":"task.stdout"}
{"timestamp":"2026-09-01T13:40:13.770165Z","level":"info","event":"    \"fiscal_year\": null,","logger":"task.stdout"}
{"timestamp":"2026-09-01T13:40:13.771170Z","level":"info","event":"    \"forecasted_award_date\": null,","logger":"task.stdout"}
{"timestamp":"2026-09-01T13:40:13.773459Z","level":"info","event":"    \"forecasted_close_date\": null,","logger":"task.stdout"}
{"timestamp":"2026-09-01T13:40:13.774823Z","level":"info","event":"    \"forecasted_close_date_description\": null,","logger":"task.stdout"}
{"timestamp":"2026-09-01T13:40:13.776139Z","level":"info","event":"    \"forecasted_post_date\": null,","logger":"task.stdout"}
{"timestamp":"2026-09-01T13:40:13.777532Z","level":"info","event":"    \"forecasted_project_start_date\": null,","logger":"task.stdout"}
{"timestamp":"2026-09-01T13:40:13.778533Z","level":"info","event":"    \"funding_categories\": [","logger":"task.stdout"}
{"timestamp":"2026-09-01T13:40:13.779466Z","level":"info","event":"      \"energy\"","logger":"task.stdout"}
{"timestamp":"2026-09-01T13:40:13.780609Z","level":"info","event":"    ],","logger":"task.stdout"}
{"timestamp":"2026-09-01T13:40:13.781746Z","level":"info","event":"    \"funding_category_description\": null,","logger":"task.stdout"}
{"timestamp":"2026-09-01T13:40:13.782913Z","level":"info","event":"    \"funding_instruments\": [","logger":"task.stdout"}
{"timestamp":"2026-09-01T13:40:13.784040Z","level":"info","event":"      \"cooperative_agreement\"","logger":"task.stdout"}
{"timestamp":"2026-09-01T13:40:13.785424Z","level":"info","event":"    ],","logger":"task.stdout"}
{"timestamp":"2026-09-01T13:40:13.786575Z","level":"info","event":"    \"is_cost_sharing\": false,","logger":"task.stdout"}
{"timestamp":"2026-09-01T13:40:13.788620Z","level":"info","event":"    \"is_forecast\": false,","logger":"task.stdout"}
{"timestamp":"2026-09-01T13:40:13.790430Z","level":"info","event":"    \"post_date\": \"2026-08-31\",","logger":"task.stdout"}
{"timestamp":"2026-09-01T13:40:13.791634Z","level":"info","event":"    \"summary_description\": \"Staff Support to the Tribal Radioactive Materials Transportation Committee for Engagement with the U.S. Department of Energy on Radioactive Materials Transportation Planning. Facilitate engagement between DOE and federally-recognized Tribal governments throughout the United States in planning for future large-scale DOE transportation of commercial used nuclear fuel (UNF), high-level radioactive waste (HLW) and other radioactive wastes, as well as related DOE program issues that may impact Tribal areas.\",","logger":"task.stdout"}
{"timestamp":"2026-09-01T13:40:13.792827Z","level":"info","event":"    \"updated_at\": \"2026-08-31T22:48:07+00:00\",","logger":"task.stdout"}
{"timestamp":"2026-09-01T13:40:13.794160Z","level":"info","event":"    \"version_number\": 1","logger":"task.stdout"}
{"timestamp":"2026-09-01T13:40:13.796872Z","level":"info","event":"  },","logger":"task.stdout"}
{"timestamp":"2026-09-01T13:40:13.799183Z","level":"info","event":"  \"tagline\": null,","logger":"task.stdout"}
{"timestamp":"2026-09-01T13:40:13.805522Z","level":"info","event":"  \"top_level_agency_code\": \"DOE\",","logger":"task.stdout"}
{"timestamp":"2026-09-01T13:40:13.808666Z","level":"info","event":"  \"top_level_agency_name\": \"Department of Energy\"","logger":"task.stdout"}
{"timestamp":"2026-09-01T13:40:13.811516Z","level":"info","event":"}","logger":"task.stdout"}
{"timestamp":"2026-09-01T13:40:13.813042Z","level":"info","event":"","logger":"task.stdout"}
{"timestamp":"2026-09-01T13:40:13.814930Z","level":"info","event":"================================================================================","logger":"task.stdout"}
{"timestamp":"2026-09-01T13:40:13.816118Z","level":"info","event":"OPPORTUNITY 7 of 21","logger":"task.stdout"}
{"timestamp":"2026-09-01T13:40:13.817319Z","level":"info","event":"================================================================================","logger":"task.stdout"}
{"timestamp":"2026-09-01T13:40:13.819549Z","level":"info","event":"{","logger":"task.stdout"}
{"timestamp":"2026-09-01T13:40:13.822252Z","level":"info","event":"  \"agency\": \"DOS-SAU\",","logger":"task.stdout"}
{"timestamp":"2026-09-01T13:40:13.825882Z","level":"info","event":"  \"agency_code\": \"DOS-SAU\",","logger":"task.stdout"}
{"timestamp":"2026-09-01T13:40:13.827907Z","level":"info","event":"  \"agency_name\": \"U.S. Mission to Saudi Arabia\",","logger":"task.stdout"}
{"timestamp":"2026-09-01T13:40:13.829453Z","level":"info","event":"  \"category\": \"discretionary\",","logger":"task.stdout"}
{"timestamp":"2026-09-01T13:40:13.831176Z","level":"info","event":"  \"category_explanation\": null,","logger":"task.stdout"}
{"timestamp":"2026-09-01T13:40:13.837141Z","level":"info","event":"  \"legacy_opportunity_id\": 363746,","logger":"task.stdout"}
{"timestamp":"2026-09-01T13:40:13.840928Z","level":"info","event":"  \"opportunity_assistance_listings\": [","logger":"task.stdout"}
{"timestamp":"2026-09-01T13:40:13.843425Z","level":"info","event":"    {","logger":"task.stdout"}
{"timestamp":"2026-09-01T13:40:13.844626Z","level":"info","event":"      \"assistance_listing_number\": \"19.040\",","logger":"task.stdout"}
{"timestamp":"2026-09-01T13:40:13.845897Z","level":"info","event":"      \"program_title\": \"Public Diplomacy Programs\"","logger":"task.stdout"}
{"timestamp":"2026-09-01T13:40:13.847186Z","level":"info","event":"    }","logger":"task.stdout"}
{"timestamp":"2026-09-01T13:40:13.848752Z","level":"info","event":"  ],","logger":"task.stdout"}
{"timestamp":"2026-09-01T13:40:13.852382Z","level":"info","event":"  \"opportunity_id\": \"bc37c884-aa28-48cc-9863-cf02d2c6046b\",","logger":"task.stdout"}
{"timestamp":"2026-09-01T13:40:13.855086Z","level":"info","event":"  \"opportunity_number\": \"DOS-SAU-2606-PD\",","logger":"task.stdout"}
{"timestamp":"2026-09-01T13:40:13.858065Z","level":"info","event":"  \"opportunity_status\": \"posted\",","logger":"task.stdout"}
{"timestamp":"2026-09-01T13:40:13.859324Z","level":"info","event":"  \"opportunity_title\": \"MENA Freedom 250 NFL Flag Football Launch and Championship\",","logger":"task.stdout"}
{"timestamp":"2026-09-01T13:40:13.860582Z","level":"info","event":"  \"purpose_statement\": null,","logger":"task.stdout"}
{"timestamp":"2026-09-01T13:40:13.862315Z","level":"info","event":"  \"summary\": {","logger":"task.stdout"}
{"timestamp":"2026-09-01T13:40:13.863696Z","level":"info","event":"    \"additional_info_url\": null,","logger":"task.stdout"}
{"timestamp":"2026-09-01T13:40:13.871954Z","level":"info","event":"    \"additional_info_url_description\": null,","logger":"task.stdout"}
{"timestamp":"2026-09-01T13:40:13.877475Z","level":"info","event":"    \"agency_contact_description\": \"Public Diplomacy Section\\r\\nU.S. Embassy, Riyadh\\r\\nPhone 00966118354000\",","logger":"task.stdout"}
{"timestamp":"2026-09-01T13:40:13.883359Z","level":"info","event":"    \"agency_email_address\": \"RiyadhGrants@state.gov\",","logger":"task.stdout"}
{"timestamp":"2026-09-01T13:40:13.886438Z","level":"info","event":"    \"agency_email_address_description\": \"For inquiries\",","logger":"task.stdout"}
{"timestamp":"2026-09-01T13:40:13.890565Z","level":"info","event":"    \"applicant_eligibility_description\": \"\\u2022\\tNot-for-profit organizations, including sports diplomacy implementers, cultural exchange organizations, and civil society/NGOs with demonstrated experience in international sports programming\\r\\n\\u2022\\tPublic and private educational institutions with athletics or exchange programming capacity\\r\\n\\u2022\\tPublic international organizations and governmental institutions with relevant sports programming experience\\r\\n\\u2022\\tFor-profit entities are not eligible to apply as prime recipients but may be engaged as in-kind partners under the Recipient's award.\",","logger":"task.stdout"}
{"timestamp":"2026-09-01T13:40:13.895195Z","level":"info","event":"    \"applicant_types\": [","logger":"task.stdout"}
{"timestamp":"2026-09-01T13:40:13.902801Z","level":"info","event":"      \"other\"","logger":"task.stdout"}
{"timestamp":"2026-09-01T13:40:13.905436Z","level":"info","event":"    ],","logger":"task.stdout"}
{"timestamp":"2026-09-01T13:40:13.909628Z","level":"info","event":"    \"archive_date\": \"2026-10-14\",","logger":"task.stdout"}
{"timestamp":"2026-09-01T13:40:13.916798Z","level":"info","event":"    \"award_ceiling\": 150000,","logger":"task.stdout"}
{"timestamp":"2026-09-01T13:40:13.926671Z","level":"info","event":"    \"award_floor\": 100000,","logger":"task.stdout"}
{"timestamp":"2026-09-01T13:40:13.934051Z","level":"info","event":"    \"close_date\": \"2026-09-14\",","logger":"task.stdout"}
{"timestamp":"2026-09-01T13:40:13.938606Z","level":"info","event":"    \"close_date_description\": \"\",","logger":"task.stdout"}
{"timestamp":"2026-09-01T13:40:13.944622Z","level":"info","event":"    \"created_at\": \"2026-08-31T13:08:16+00:00\",","logger":"task.stdout"}
{"timestamp":"2026-09-01T13:40:13.951122Z","level":"info","event":"    \"estimated_total_program_funding\": 150000,","logger":"task.stdout"}
{"timestamp":"2026-09-01T13:40:13.959941Z","level":"info","event":"    \"expected_number_of_awards\": 1,","logger":"task.stdout"}
{"timestamp":"2026-09-01T13:40:13.970230Z","level":"info","event":"    \"fiscal_year\": null,","logger":"task.stdout"}
{"timestamp":"2026-09-01T13:40:13.981509Z","level":"info","event":"    \"forecasted_award_date\": null,","logger":"task.stdout"}
{"timestamp":"2026-09-01T13:40:13.987769Z","level":"info","event":"    \"forecasted_close_date\": null,","logger":"task.stdout"}
{"timestamp":"2026-09-01T13:40:13.994506Z","level":"info","event":"    \"forecasted_close_date_description\": null,","logger":"task.stdout"}
{"timestamp":"2026-09-01T13:40:13.997682Z","level":"info","event":"    \"forecasted_post_date\": null,","logger":"task.stdout"}
{"timestamp":"2026-09-01T13:40:14.001797Z","level":"info","event":"    \"forecasted_project_start_date\": null,","logger":"task.stdout"}
{"timestamp":"2026-09-01T13:40:14.004212Z","level":"info","event":"    \"funding_categories\": [","logger":"task.stdout"}
{"timestamp":"2026-09-01T13:40:14.007375Z","level":"info","event":"      \"other\"","logger":"task.stdout"}
{"timestamp":"2026-09-01T13:40:14.012059Z","level":"info","event":"    ],","logger":"task.stdout"}
{"timestamp":"2026-09-01T13:40:14.015479Z","level":"info","event":"    \"funding_category_description\": \"Public Diplomacy\",","logger":"task.stdout"}
{"timestamp":"2026-09-01T13:40:14.019093Z","level":"info","event":"    \"funding_instruments\": [","logger":"task.stdout"}
{"timestamp":"2026-09-01T13:40:14.023705Z","level":"info","event":"      \"cooperative_agreement\"","logger":"task.stdout"}
{"timestamp":"2026-09-01T13:40:14.065103Z","level":"info","event":"    ],","logger":"task.stdout"}
{"timestamp":"2026-09-01T13:40:14.104661Z","level":"info","event":"    \"is_cost_sharing\": false,","logger":"task.stdout"}
{"timestamp":"2026-09-01T13:40:14.125613Z","level":"info","event":"    \"is_forecast\": false,","logger":"task.stdout"}
{"timestamp":"2026-09-01T13:40:14.146021Z","level":"info","event":"    \"post_date\": \"2026-08-31\",","logger":"task.stdout"}
{"timestamp":"2026-09-01T13:40:14.158046Z","level":"info","event":"    \"summary_description\": \"<p>Under the U.S. Department of State\\u2013NFL Sports Diplomacy Partnership, the U.S. Mission to Saudi Arabia announces an open competition to implement the \\\"MENA Freedom 250\\\" NFL Flag Football Launch and Championship, culminating in a March 2027 regional championship event in Riyadh. This 12-month program will establish a foundational development pipeline for MENA flag football athletes inspired by the sport's upcoming debut at the LA28 Summer Games, support participating countries in organizing national outreach events and youth programs, and leverage iconic American cultural exports to advance U.S. influence, economic interests, and sport-governance leadership.&nbsp;</p>\",","logger":"task.stdout"}
{"timestamp":"2026-09-01T13:40:14.166768Z","level":"info","event":"    \"updated_at\": \"2026-08-31T13:08:16+00:00\",","logger":"task.stdout"}
{"timestamp":"2026-09-01T13:40:14.177213Z","level":"info","event":"    \"version_number\": 1","logger":"task.stdout"}
{"timestamp":"2026-09-01T13:40:14.184727Z","level":"info","event":"  },","logger":"task.stdout"}
{"timestamp":"2026-09-01T13:40:14.191978Z","level":"info","event":"  \"tagline\": null,","logger":"task.stdout"}
{"timestamp":"2026-09-01T13:40:14.198548Z","level":"info","event":"  \"top_level_agency_code\": \"DOS\",","logger":"task.stdout"}
{"timestamp":"2026-09-01T13:40:13.280675Z","level":"info","event":"::endgroup::","ti_id":"01a05d32-b82c-7dfe-9fe7-785ed90e5617","dag_id":"orchestrate","try_number":1,"map_index":-1,"run_id":"scheduled__2026-09-01T07:00:00+00:00","task_id":"ingest_cdc","logger":"task","filename":"task_runner.py","lineno":2379}
{"timestamp":"2026-09-01T13:40:14.209182Z","level":"info","event":"  \"top_level_agency_name\": \"Department of State\"","logger":"task.stdout"}
{"timestamp":"2026-09-01T13:40:14.211966Z","level":"info","event":"}","logger":"task.stdout"}
{"timestamp":"2026-09-01T13:40:14.218502Z","level":"info","event":"","logger":"task.stdout"}
{"timestamp":"2026-09-01T13:40:14.223257Z","level":"info","event":"================================================================================","logger":"task.stdout"}
{"timestamp":"2026-09-01T13:40:14.227369Z","level":"info","event":"OPPORTUNITY 8 of 21","logger":"task.stdout"}
{"timestamp":"2026-09-01T13:40:14.231382Z","level":"info","event":"================================================================================","logger":"task.stdout"}
{"timestamp":"2026-09-01T13:40:14.234458Z","level":"info","event":"{","logger":"task.stdout"}
{"timestamp":"2026-09-01T13:40:14.237578Z","level":"info","event":"  \"agency\": \"DOD-AFOSR\",","logger":"task.stdout"}
{"timestamp":"2026-09-01T13:40:14.241726Z","level":"info","event":"  \"agency_code\": \"DOD-AFOSR\",","logger":"task.stdout"}
{"timestamp":"2026-09-01T13:40:14.244300Z","level":"info","event":"  \"agency_name\": \"Air Force Office of Scientific Research\",","logger":"task.stdout"}
{"timestamp":"2026-09-01T13:40:14.246829Z","level":"info","event":"  \"category\": \"discretionary\",","logger":"task.stdout"}
{"timestamp":"2026-09-01T13:40:14.249118Z","level":"info","event":"  \"category_explanation\": null,","logger":"task.stdout"}
{"timestamp":"2026-09-01T13:40:14.251081Z","level":"info","event":"  \"legacy_opportunity_id\": 363745,","logger":"task.stdout"}
{"timestamp":"2026-09-01T13:40:14.255530Z","level":"info","event":"  \"opportunity_assistance_listings\": [","logger":"task.stdout"}
{"timestamp":"2026-09-01T13:40:14.259422Z","level":"info","event":"    {","logger":"task.stdout"}
{"timestamp":"2026-09-01T13:40:14.262611Z","level":"info","event":"      \"assistance_listing_number\": \"12.800\",","logger":"task.stdout"}
{"timestamp":"2026-09-01T13:40:14.264550Z","level":"info","event":"      \"program_title\": \"Air Force Defense Research Sciences Program\"","logger":"task.stdout"}
{"timestamp":"2026-09-01T13:40:14.267824Z","level":"info","event":"    }","logger":"task.stdout"}
{"timestamp":"2026-09-01T13:40:14.271365Z","level":"info","event":"  ],","logger":"task.stdout"}
{"timestamp":"2026-09-01T13:40:14.273637Z","level":"info","event":"  \"opportunity_id\": \"b7fddbe0-486a-4d82-bfa3-14fb0f0b0527\",","logger":"task.stdout"}
{"timestamp":"2026-09-01T13:40:14.276174Z","level":"info","event":"  \"opportunity_number\": \"FA955026S0002\",","logger":"task.stdout"}
{"timestamp":"2026-09-01T13:40:14.278460Z","level":"info","event":"  \"opportunity_status\": \"posted\",","logger":"task.stdout"}
{"timestamp":"2026-09-01T13:40:14.282691Z","level":"info","event":"  \"opportunity_title\": \"Air Force Basic Research Sciences Conference and Workshop Support\",","logger":"task.stdout"}
{"timestamp":"2026-09-01T13:40:14.284975Z","level":"info","event":"  \"purpose_statement\": null,","logger":"task.stdout"}
{"timestamp":"2026-09-01T13:40:14.286384Z","level":"info","event":"  \"summary\": {","logger":"task.stdout"}
{"timestamp":"2026-09-01T13:40:14.293394Z","level":"info","event":"    \"additional_info_url\": null,","logger":"task.stdout"}
{"timestamp":"2026-09-01T13:40:14.300814Z","level":"info","event":"    \"additional_info_url_description\": null,","logger":"task.stdout"}
{"timestamp":"2026-09-01T13:40:14.306600Z","level":"info","event":"    \"agency_contact_description\": \"Jennifer Brown\",","logger":"task.stdout"}
{"timestamp":"2026-09-01T13:40:14.316853Z","level":"info","event":"    \"agency_email_address\": \"afosr.baa@us.af.mil\",","logger":"task.stdout"}
{"timestamp":"2026-09-01T13:40:14.325527Z","level":"info","event":"    \"agency_email_address_description\": \"BAA Email\",","logger":"task.stdout"}
{"timestamp":"2026-09-01T13:40:14.331888Z","level":"info","event":"    \"applicant_eligibility_description\": \"Only some organizations are eligible to submit proposals for conference or workshop support. We can consider conference or workshop funding requests from U.S. institutions of higher education (IHE) or nonprofit organizations, including foreign public entities and foreign organizations operated primarily for scientific, educational, service, charitable, or similar purposes in the public interest.\",","logger":"task.stdout"}
{"timestamp":"2026-09-01T13:40:14.334225Z","level":"info","event":"    \"applicant_types\": [","logger":"task.stdout"}
{"timestamp":"2026-09-01T13:40:14.336541Z","level":"info","event":"      \"public_and_state_institutions_of_higher_education\",","logger":"task.stdout"}
{"timestamp":"2026-09-01T13:40:14.337724Z","level":"info","event":"      \"nonprofits_non_higher_education_with_501c3\",","logger":"task.stdout"}
{"timestamp":"2026-09-01T13:40:14.339881Z","level":"info","event":"      \"other\",","logger":"task.stdout"}
{"timestamp":"2026-09-01T13:40:14.345748Z","level":"info","event":"      \"private_institutions_of_higher_education\",","logger":"task.stdout"}
{"timestamp":"2026-09-01T13:40:14.349385Z","level":"info","event":"      \"nonprofits_non_higher_education_without_501c3\"","logger":"task.stdout"}
{"timestamp":"2026-09-01T13:40:14.352701Z","level":"info","event":"    ],","logger":"task.stdout"}
{"timestamp":"2026-09-01T13:40:14.354081Z","level":"info","event":"    \"archive_date\": \"2029-09-30\",","logger":"task.stdout"}
{"timestamp":"2026-09-01T13:40:14.357494Z","level":"info","event":"    \"award_ceiling\": 2000000,","logger":"task.stdout"}
{"timestamp":"2026-09-01T13:40:14.360854Z","level":"info","event":"    \"award_floor\": 1,","logger":"task.stdout"}
{"timestamp":"2026-09-01T13:40:14.364441Z","level":"info","event":"    \"close_date\": \"2029-08-31\",","logger":"task.stdout"}
{"timestamp":"2026-09-01T13:40:14.367354Z","level":"info","event":"    \"close_date_description\": \"\",","logger":"task.stdout"}
{"timestamp":"2026-09-01T13:40:14.368645Z","level":"info","event":"    \"created_at\": \"2026-08-31T13:09:11+00:00\",","logger":"task.stdout"}
{"timestamp":"2026-09-01T13:40:14.369712Z","level":"info","event":"    \"estimated_total_program_funding\": null,","logger":"task.stdout"}
{"timestamp":"2026-09-01T13:40:14.373124Z","level":"info","event":"    \"expected_number_of_awards\": 500,","logger":"task.stdout"}
{"timestamp":"2026-09-01T13:40:14.377080Z","level":"info","event":"    \"fiscal_year\": null,","logger":"task.stdout"}
{"timestamp":"2026-09-01T13:40:14.379504Z","level":"info","event":"    \"forecasted_award_date\": null,","logger":"task.stdout"}
{"timestamp":"2026-09-01T13:40:14.381068Z","level":"info","event":"    \"forecasted_close_date\": null,","logger":"task.stdout"}
{"timestamp":"2026-09-01T13:40:14.382771Z","level":"info","event":"    \"forecasted_close_date_description\": null,","logger":"task.stdout"}
{"timestamp":"2026-09-01T13:40:14.384392Z","level":"info","event":"    \"forecasted_post_date\": null,","logger":"task.stdout"}
{"timestamp":"2026-09-01T13:40:14.391031Z","level":"info","event":"    \"forecasted_project_start_date\": null,","logger":"task.stdout"}
{"timestamp":"2026-09-01T13:40:14.395551Z","level":"info","event":"    \"funding_categories\": [","logger":"task.stdout"}
{"timestamp":"2026-09-01T13:40:14.399353Z","level":"info","event":"      \"science_technology_and_other_research_and_development\"","logger":"task.stdout"}
{"timestamp":"2026-09-01T13:40:14.403237Z","level":"info","event":"    ],","logger":"task.stdout"}
{"timestamp":"2026-09-01T13:40:14.405038Z","level":"info","event":"    \"funding_category_description\": null,","logger":"task.stdout"}
{"timestamp":"2026-09-01T13:40:14.407248Z","level":"info","event":"    \"funding_instruments\": [","logger":"task.stdout"}
{"timestamp":"2026-09-01T13:40:14.409675Z","level":"info","event":"      \"cooperative_agreement\",","logger":"task.stdout"}
{"timestamp":"2026-09-01T13:40:14.411156Z","level":"info","event":"      \"grant\"","logger":"task.stdout"}
{"timestamp":"2026-09-01T13:40:14.412736Z","level":"info","event":"    ],","logger":"task.stdout"}
{"timestamp":"2026-09-01T13:40:14.414075Z","level":"info","event":"    \"is_cost_sharing\": false,","logger":"task.stdout"}
{"timestamp":"2026-09-01T13:40:14.415263Z","level":"info","event":"    \"is_forecast\": false,","logger":"task.stdout"}
{"timestamp":"2026-09-01T13:40:14.418167Z","level":"info","event":"    \"post_date\": \"2026-08-31\",","logger":"task.stdout"}
{"timestamp":"2026-09-01T13:40:14.421392Z","level":"info","event":"    \"summary_description\": \"<p>The Air Force Office of Scientific Research manages the basic research investment for the Department of the Air Force. Conferences and workshops constitute key forums for research and technology interchange. We provide partial support for conferences and workshops as defined in the DoW Joint Travel Regulations in special areas of science that bring experts together to discuss recent research or educational findings, or to expose other researchers or advanced graduate students to new research and educational techniques in our areas of research interest. Our research interests are described in the most recent version of our general Broad Agency Announcement titled, \\u201cResearch Interests of the Air Force Office of Scientific Research\\u201d posted on Grants.gov.</p><p><br></p><p>We can only consider funding requests from U.S. institutions of higher education (IHE) or nonprofit organizations as described in 2 CFR 200.1, including foreign public entities and foreign organizations operated primarily for scientific, educational, service, charitable, or similar purposes in the public interest. We do not award grants to organizations with a for-profit organization type.</p><p><br></p><p>Our support for a workshop or conference is not an endorsement of any organization.</p>\",","logger":"task.stdout"}
{"timestamp":"2026-09-01T13:40:14.424923Z","level":"info","event":"    \"updated_at\": \"2026-08-31T13:32:36+00:00\",","logger":"task.stdout"}
{"timestamp":"2026-09-01T13:40:14.429981Z","level":"info","event":"    \"version_number\": 2","logger":"task.stdout"}
{"timestamp":"2026-09-01T13:40:14.433206Z","level":"info","event":"  },","logger":"task.stdout"}
{"timestamp":"2026-09-01T13:40:14.436359Z","level":"info","event":"  \"tagline\": null,","logger":"task.stdout"}
{"timestamp":"2026-09-01T13:40:14.438297Z","level":"info","event":"  \"top_level_agency_code\": \"DOD\",","logger":"task.stdout"}
{"timestamp":"2026-09-01T13:40:14.440010Z","level":"info","event":"  \"top_level_agency_name\": \"Department of Defense\"","logger":"task.stdout"}
{"timestamp":"2026-09-01T13:40:14.442425Z","level":"info","event":"}","logger":"task.stdout"}
{"timestamp":"2026-09-01T13:40:14.444240Z","level":"info","event":"","logger":"task.stdout"}
{"timestamp":"2026-09-01T13:40:14.447298Z","level":"info","event":"================================================================================","logger":"task.stdout"}
{"timestamp":"2026-09-01T13:40:14.449866Z","level":"info","event":"OPPORTUNITY 9 of 21","logger":"task.stdout"}
{"timestamp":"2026-09-01T13:40:14.451449Z","level":"info","event":"================================================================================","logger":"task.stdout"}
{"timestamp":"2026-09-01T13:40:14.454239Z","level":"info","event":"{","logger":"task.stdout"}
{"timestamp":"2026-09-01T13:40:14.458048Z","level":"info","event":"  \"agency\": \"HHS-NIH11\",","logger":"task.stdout"}
{"timestamp":"2026-09-01T13:40:14.460462Z","level":"info","event":"  \"agency_code\": \"HHS-NIH11\",","logger":"task.stdout"}
{"timestamp":"2026-09-01T13:40:14.464368Z","level":"info","event":"  \"agency_name\": \"National Institutes of Health\",","logger":"task.stdout"}
{"timestamp":"2026-09-01T13:40:14.467078Z","level":"info","event":"  \"category\": \"discretionary\",","logger":"task.stdout"}
{"timestamp":"2026-09-01T13:40:14.470066Z","level":"info","event":"  \"category_explanation\": null,","logger":"task.stdout"}
{"timestamp":"2026-09-01T13:40:14.472601Z","level":"info","event":"  \"legacy_opportunity_id\": 360404,","logger":"task.stdout"}
{"timestamp":"2026-09-01T13:40:14.474018Z","level":"info","event":"  \"opportunity_assistance_listings\": [","logger":"task.stdout"}
{"timestamp":"2026-09-01T13:40:14.475347Z","level":"info","event":"    {","logger":"task.stdout"}
{"timestamp":"2026-09-01T13:40:14.477803Z","level":"info","event":"      \"assistance_listing_number\": \"93.853\",","logger":"task.stdout"}
{"timestamp":"2026-09-01T13:40:14.481289Z","level":"info","event":"      \"program_title\": \"Extramural Research Programs in the Neurosciences and Neurological Disorders\"","logger":"task.stdout"}
{"timestamp":"2026-09-01T13:40:14.482541Z","level":"info","event":"    }","logger":"task.stdout"}
{"timestamp":"2026-09-01T13:40:14.484015Z","level":"info","event":"  ],","logger":"task.stdout"}
{"timestamp":"2026-09-01T13:40:14.485801Z","level":"info","event":"  \"opportunity_id\": \"d87d3264-4bd8-470d-9b31-29bebd33c707\",","logger":"task.stdout"}
{"timestamp":"2026-09-01T13:40:14.487444Z","level":"info","event":"  \"opportunity_number\": \"PAR-27-065\",","logger":"task.stdout"}
{"timestamp":"2026-09-01T13:40:14.488491Z","level":"info","event":"  \"opportunity_status\": \"posted\",","logger":"task.stdout"}
{"timestamp":"2026-09-01T13:40:14.489925Z","level":"info","event":"  \"opportunity_title\": \"NINDS Efficacy and Exploratory Clinical Trials (UG3/UH3 - Clinical Trial Required)\",","logger":"task.stdout"}
{"timestamp":"2026-09-01T13:40:14.491027Z","level":"info","event":"  \"purpose_statement\": null,","logger":"task.stdout"}
{"timestamp":"2026-09-01T13:40:14.493238Z","level":"info","event":"  \"summary\": {","logger":"task.stdout"}
{"timestamp":"2026-09-01T13:40:14.494848Z","level":"info","event":"    \"additional_info_url\": null,","logger":"task.stdout"}
{"timestamp":"2026-09-01T13:40:14.496034Z","level":"info","event":"    \"additional_info_url_description\": null,","logger":"task.stdout"}
{"timestamp":"2026-09-01T13:40:14.497153Z","level":"info","event":"    \"agency_contact_description\": \"Exploratory_Efficacy_Trials@ninds.nih.gov\\nExploratory_Efficacy_Trials@ninds.nih.gov\",","logger":"task.stdout"}
{"timestamp":"2026-09-01T13:40:14.498152Z","level":"info","event":"    \"agency_email_address\": \"Exploratory_Efficacy_Trials@ninds.nih.gov\",","logger":"task.stdout"}
{"timestamp":"2026-09-01T13:40:14.499255Z","level":"info","event":"    \"agency_email_address_description\": \"Exploratory_Efficacy_Trials@ninds.nih.gov\",","logger":"task.stdout"}
{"timestamp":"2026-09-01T13:40:14.500478Z","level":"info","event":"    \"applicant_eligibility_description\": \"Refer to Section III. Eligibility Information in the NOFO for additional information on eligibility.Foreign Organizations/International CollaborationsNon-domestic (non-U.S.) Entities (Foreign Organizations) are eligible to apply.Non-domestic (non-U.S.) components of U.S. Organizations are eligible to apply.Foreign components, as defined in the NIH Grants Policy Statement, are allowed.NIH will no longer issue awards (i.e., new, renewal, or non-competing continuation) to domestic or foreign entities that involve foreign subawards/subcontracts. All NIH-funded research involving foreign subawards/subcontracts must be submitted in response to a NOFO that is specifically designated for funded international collaborations. See NIH Grants Policy Statement 16.8 Collaborative International Research Awards.Applications involving foreign subawards/subcontracts submitted in response to this NOFO will be deemed noncompliant and will not be considered for funding. This policy applies to all monetary international collaborations resulting in foreign subawards/subcontracts, however, it does not preclude unfunded international collaborations or foreign components, funding for foreign consultants, or procurement of unique equipment or supplies from foreign vendors.\",","logger":"task.stdout"}
{"timestamp":"2026-09-01T13:40:14.502041Z","level":"info","event":"    \"applicant_types\": [","logger":"task.stdout"}
{"timestamp":"2026-09-01T13:40:14.503317Z","level":"info","event":"      \"state_governments\",","logger":"task.stdout"}
{"timestamp":"2026-09-01T13:40:14.504771Z","level":"info","event":"      \"public_and_indian_housing_authorities\",","logger":"task.stdout"}
{"timestamp":"2026-09-01T13:40:14.505773Z","level":"info","event":"      \"for_profit_organizations_other_than_small_businesses\",","logger":"task.stdout"}
{"timestamp":"2026-09-01T13:40:14.507306Z","level":"info","event":"      \"other_native_american_tribal_organizations\",","logger":"task.stdout"}
{"timestamp":"2026-09-01T13:40:14.509809Z","level":"info","event":"      \"other\",","logger":"task.stdout"}
{"timestamp":"2026-09-01T13:40:14.513262Z","level":"info","event":"      \"nonprofits_non_higher_education_with_501c3\",","logger":"task.stdout"}
{"timestamp":"2026-09-01T13:40:14.514685Z","level":"info","event":"      \"federally_recognized_native_american_tribal_governments\",","logger":"task.stdout"}
{"timestamp":"2026-09-01T13:40:14.515835Z","level":"info","event":"      \"private_institutions_of_higher_education\",","logger":"task.stdout"}
{"timestamp":"2026-09-01T13:40:14.516862Z","level":"info","event":"      \"county_governments\",","logger":"task.stdout"}
{"timestamp":"2026-09-01T13:40:14.517961Z","level":"info","event":"      \"nonprofits_non_higher_education_without_501c3\",","logger":"task.stdout"}
{"timestamp":"2026-09-01T13:40:14.518852Z","level":"info","event":"      \"public_and_state_institutions_of_higher_education\",","logger":"task.stdout"}
{"timestamp":"2026-09-01T13:40:14.519886Z","level":"info","event":"      \"city_or_township_governments\",","logger":"task.stdout"}
{"timestamp":"2026-09-01T13:40:14.520782Z","level":"info","event":"      \"special_district_governments\",","logger":"task.stdout"}
{"timestamp":"2026-09-01T13:40:14.522240Z","level":"info","event":"      \"small_businesses\",","logger":"task.stdout"}
{"timestamp":"2026-09-01T13:40:14.524406Z","level":"info","event":"      \"independent_school_districts\"","logger":"task.stdout"}
{"timestamp":"2026-09-01T13:40:14.525514Z","level":"info","event":"    ],","logger":"task.stdout"}
{"timestamp":"2026-09-01T13:40:14.526573Z","level":"info","event":"    \"archive_date\": \"2029-05-08\",","logger":"task.stdout"}
{"timestamp":"2026-09-01T13:40:14.527779Z","level":"info","event":"    \"award_ceiling\": null,","logger":"task.stdout"}
{"timestamp":"2026-09-01T13:40:14.529077Z","level":"info","event":"    \"award_floor\": null,","logger":"task.stdout"}
{"timestamp":"2026-09-01T13:40:14.530346Z","level":"info","event":"    \"close_date\": \"2029-03-09\",","logger":"task.stdout"}
{"timestamp":"2026-09-01T13:40:14.531359Z","level":"info","event":"    \"close_date_description\": null,","logger":"task.stdout"}
{"timestamp":"2026-09-01T13:40:14.532432Z","level":"info","event":"    \"created_at\": \"2026-08-31T14:35:01+00:00\",","logger":"task.stdout"}
{"timestamp":"2026-09-01T13:40:14.533692Z","level":"info","event":"    \"estimated_total_program_funding\": null,","logger":"task.stdout"}
{"timestamp":"2026-09-01T13:40:14.534933Z","level":"info","event":"    \"expected_number_of_awards\": null,","logger":"task.stdout"}
{"timestamp":"2026-09-01T13:40:14.536034Z","level":"info","event":"    \"fiscal_year\": null,","logger":"task.stdout"}
{"timestamp":"2026-09-01T13:40:14.537471Z","level":"info","event":"    \"forecasted_award_date\": null,","logger":"task.stdout"}
{"timestamp":"2026-09-01T13:40:14.540043Z","level":"info","event":"    \"forecasted_close_date\": null,","logger":"task.stdout"}
{"timestamp":"2026-09-01T13:40:14.541535Z","level":"info","event":"    \"forecasted_close_date_description\": null,","logger":"task.stdout"}
{"timestamp":"2026-09-01T13:40:14.543070Z","level":"info","event":"    \"forecasted_post_date\": null,","logger":"task.stdout"}
{"timestamp":"2026-09-01T13:40:14.543865Z","level":"info","event":"    \"forecasted_project_start_date\": null,","logger":"task.stdout"}
{"timestamp":"2026-09-01T13:40:14.545271Z","level":"info","event":"    \"funding_categories\": [","logger":"task.stdout"}
{"timestamp":"2026-09-01T13:40:14.546314Z","level":"info","event":"      \"health\"","logger":"task.stdout"}
{"timestamp":"2026-09-01T13:40:14.550188Z","level":"info","event":"    ],","logger":"task.stdout"}
{"timestamp":"2026-09-01T13:40:14.560162Z","level":"info","event":"    \"funding_category_description\": null,","logger":"task.stdout"}
{"timestamp":"2026-09-01T13:40:14.570078Z","level":"info","event":"    \"funding_instruments\": [","logger":"task.stdout"}
{"timestamp":"2026-09-01T13:40:14.578895Z","level":"info","event":"      \"cooperative_agreement\"","logger":"task.stdout"}
{"timestamp":"2026-09-01T13:40:14.586233Z","level":"info","event":"    ],","logger":"task.stdout"}
{"timestamp":"2026-09-01T13:40:14.589764Z","level":"info","event":"    \"is_cost_sharing\": false,","logger":"task.stdout"}
{"timestamp":"2026-09-01T13:40:14.594047Z","level":"info","event":"    \"is_forecast\": false,","logger":"task.stdout"}
{"timestamp":"2026-09-01T13:40:14.596756Z","level":"info","event":"    \"post_date\": \"2026-08-31\",","logger":"task.stdout"}
{"timestamp":"2026-09-01T13:40:14.598307Z","level":"info","event":"    \"summary_description\": \"This Notice of Funding Opportunity (NOFO) encourages applications for investigator-initiated clinical trials to the National Institute of Neurological Disorders and Stroke (NINDS). These trials must address questions within the mission and research interests of the NINDS and may include studies of small molecules, biologics, devices as well as surgical, behavioral, diet-based, or rehabilitation therapies. Studies addressing neurological diseases and care across the lifespan are highly encouraged.  This notice invites both early- and middle-phase exploratory clinical trials as well as later phase confirmatory Phase 3 or comparative effectiveness clinical trials.\",","logger":"task.stdout"}
{"timestamp":"2026-09-01T13:40:14.603030Z","level":"info","event":"    \"updated_at\": \"2026-08-31T14:35:01+00:00\",","logger":"task.stdout"}
{"timestamp":"2026-09-01T13:40:14.608546Z","level":"info","event":"    \"version_number\": 1","logger":"task.stdout"}
{"timestamp":"2026-09-01T13:40:14.619650Z","level":"info","event":"  },","logger":"task.stdout"}
{"timestamp":"2026-09-01T13:40:14.625921Z","level":"info","event":"  \"tagline\": null,","logger":"task.stdout"}
{"timestamp":"2026-09-01T13:40:14.634816Z","level":"info","event":"  \"top_level_agency_code\": \"HHS\",","logger":"task.stdout"}
{"timestamp":"2026-09-01T13:40:14.643700Z","level":"info","event":"  \"top_level_agency_name\": \"Department of Health and Human Services\"","logger":"task.stdout"}
{"timestamp":"2026-09-01T13:40:14.648623Z","level":"info","event":"}","logger":"task.stdout"}
{"timestamp":"2026-09-01T13:40:14.652544Z","level":"info","event":"","logger":"task.stdout"}
{"timestamp":"2026-09-01T13:40:14.655397Z","level":"info","event":"================================================================================","logger":"task.stdout"}
{"timestamp":"2026-09-01T13:40:14.658561Z","level":"info","event":"OPPORTUNITY 10 of 21","logger":"task.stdout"}
{"timestamp":"2026-09-01T13:40:14.662079Z","level":"info","event":"================================================================================","logger":"task.stdout"}
{"timestamp":"2026-09-01T13:40:14.665444Z","level":"info","event":"{","logger":"task.stdout"}
{"timestamp":"2026-09-01T13:40:14.670708Z","level":"info","event":"  \"agency\": \"HHS-NIH11\",","logger":"task.stdout"}
{"timestamp":"2026-09-01T13:40:14.672879Z","level":"info","event":"  \"agency_code\": \"HHS-NIH11\",","logger":"task.stdout"}
{"timestamp":"2026-09-01T13:40:14.675127Z","level":"info","event":"  \"agency_name\": \"National Institutes of Health\",","logger":"task.stdout"}
{"timestamp":"2026-09-01T13:40:14.677429Z","level":"info","event":"  \"category\": \"discretionary\",","logger":"task.stdout"}
{"timestamp":"2026-09-01T13:40:14.680299Z","level":"info","event":"  \"category_explanation\": null,","logger":"task.stdout"}
{"timestamp":"2026-09-01T13:40:14.683220Z","level":"info","event":"  \"legacy_opportunity_id\": 361213,","logger":"task.stdout"}
{"timestamp":"2026-09-01T13:40:14.685247Z","level":"info","event":"  \"opportunity_assistance_listings\": [","logger":"task.stdout"}
{"timestamp":"2026-09-01T13:40:14.688433Z","level":"info","event":"    {","logger":"task.stdout"}
{"timestamp":"2026-09-01T13:40:14.692080Z","level":"info","event":"      \"assistance_listing_number\": \"93.847\",","logger":"task.stdout"}
{"timestamp":"2026-09-01T13:40:14.694289Z","level":"info","event":"      \"program_title\": \"Diabetes, Digestive, and Kidney Diseases Extramural Research\"","logger":"task.stdout"}
{"timestamp":"2026-09-01T13:40:14.696620Z","level":"info","event":"    }","logger":"task.stdout"}
{"timestamp":"2026-09-01T13:40:14.697900Z","level":"info","event":"  ],","logger":"task.stdout"}
{"timestamp":"2026-09-01T13:40:14.699445Z","level":"info","event":"  \"opportunity_id\": \"cc2db03a-79c2-4ef5-afab-3f8c2561f135\",","logger":"task.stdout"}
{"timestamp":"2026-09-01T13:40:14.700696Z","level":"info","event":"  \"opportunity_number\": \"RFA-DK-27-112\",","logger":"task.stdout"}
{"timestamp":"2026-09-01T13:40:14.702518Z","level":"info","event":"  \"opportunity_status\": \"posted\",","logger":"task.stdout"}
{"timestamp":"2026-09-01T13:40:14.704750Z","level":"info","event":"  \"opportunity_title\": \"Single Source for the Continuation of the Epidemiology of Diabetes Interventions and Complications (EDIC) Study Research Center (Collaborative U01 Clinical Trial Not Allowed)\",","logger":"task.stdout"}
{"timestamp":"2026-09-01T13:40:14.706726Z","level":"info","event":"  \"purpose_statement\": null,","logger":"task.stdout"}
{"timestamp":"2026-09-01T13:40:14.708545Z","level":"info","event":"  \"summary\": {","logger":"task.stdout"}
{"timestamp":"2026-09-01T13:40:14.711124Z","level":"info","event":"    \"additional_info_url\": null,","logger":"task.stdout"}
{"timestamp":"2026-09-01T13:40:14.713562Z","level":"info","event":"    \"additional_info_url_description\": null,","logger":"task.stdout"}
{"timestamp":"2026-09-01T13:40:14.715436Z","level":"info","event":"    \"agency_contact_description\": \"Division of Diabetes, Endocrinology and Metabolic Diseases\\nNIDDK_DEM@nih.gov\",","logger":"task.stdout"}
{"timestamp":"2026-09-01T13:40:14.716792Z","level":"info","event":"    \"agency_email_address\": \"NIDDK_DEM@nih.gov\",","logger":"task.stdout"}
{"timestamp":"2026-09-01T13:40:14.717898Z","level":"info","event":"    \"agency_email_address_description\": \"NIDDK_DEM@nih.gov\",","logger":"task.stdout"}
{"timestamp":"2026-09-01T13:40:14.719547Z","level":"info","event":"    \"applicant_eligibility_description\": \"This is a Forecast for a single source competition that will invite application(s) from eligible organization(s) to apply. Please see Eligibility Section for additional information. In accordance with NIH standard peer-review processes, the application(s) will be peer-reviewed, and only meritorious application(s) will be considered for funding.Refer to Section III. Eligibility Information in the NOFO for additional information on eligibility.Foreign Organizations/International CollaborationsNon-domestic (non-U.S.) Entities (Foreign Organizations) are not eligible to apply.Non-domestic (non-U.S.) components of U.S. Organizations are not eligible to apply.Foreign components, as defined in the NIH Grants Policy Statement, are allowed.NIH will no longer issue awards (i.e., new, renewal, or non-competing continuation) to domestic or foreign entities that involve foreign subawards/subcontracts. All NIH-funded research involving foreign subawards/subcontracts must be submitted in response to a NOFO that is specifically designated for funded international collaborations. See NIH Grants Policy Statement 16.8 Collaborative International Research Awards.Applications involving foreign subawards/subcontracts submitted in response to this NOFO will be deemed noncompliant and will not be considered for funding. This policy applies to all monetary international collaborations resulting in foreign subawards/subcontracts, however, it does not preclude unfunded international collaborations or foreign components, funding for foreign consultants, or procurement of unique equipment or supplies from foreign vendors.\",","logger":"task.stdout"}
{"timestamp":"2026-09-01T13:40:14.722160Z","level":"info","event":"    \"applicant_types\": [","logger":"task.stdout"}
{"timestamp":"2026-09-01T13:40:14.725734Z","level":"info","event":"      \"other\"","logger":"task.stdout"}
{"timestamp":"2026-09-01T13:40:14.730516Z","level":"info","event":"    ],","logger":"task.stdout"}
{"timestamp":"2026-09-01T13:40:14.732273Z","level":"info","event":"    \"archive_date\": \"2027-01-08\",","logger":"task.stdout"}
{"timestamp":"2026-09-01T13:40:14.734365Z","level":"info","event":"    \"award_ceiling\": null,","logger":"task.stdout"}
{"timestamp":"2026-09-01T13:40:14.736850Z","level":"info","event":"    \"award_floor\": null,","logger":"task.stdout"}
{"timestamp":"2026-09-01T13:40:14.738934Z","level":"info","event":"    \"close_date\": \"2026-11-09\",","logger":"task.stdout"}
{"timestamp":"2026-09-01T13:40:14.741371Z","level":"info","event":"    \"close_date_description\": null,","logger":"task.stdout"}
{"timestamp":"2026-09-01T13:40:14.742650Z","level":"info","event":"    \"created_at\": \"2026-08-31T14:20:25+00:00\",","logger":"task.stdout"}
{"timestamp":"2026-09-01T13:40:14.744390Z","level":"info","event":"    \"estimated_total_program_funding\": 6300000,","logger":"task.stdout"}
{"timestamp":"2026-09-01T13:40:14.745844Z","level":"info","event":"    \"expected_number_of_awards\": 1,","logger":"task.stdout"}
{"timestamp":"2026-09-01T13:40:14.747463Z","level":"info","event":"    \"fiscal_year\": null,","logger":"task.stdout"}
{"timestamp":"2026-09-01T13:40:14.748734Z","level":"info","event":"    \"forecasted_award_date\": null,","logger":"task.stdout"}
{"timestamp":"2026-09-01T13:40:14.749899Z","level":"info","event":"    \"forecasted_close_date\": null,","logger":"task.stdout"}
{"timestamp":"2026-09-01T13:40:14.753908Z","level":"info","event":"    \"forecasted_close_date_description\": null,","logger":"task.stdout"}
{"timestamp":"2026-09-01T13:40:14.758341Z","level":"info","event":"    \"forecasted_post_date\": null,","logger":"task.stdout"}
{"timestamp":"2026-09-01T13:40:14.761246Z","level":"info","event":"    \"forecasted_project_start_date\": null,","logger":"task.stdout"}
{"timestamp":"2026-09-01T13:40:14.764645Z","level":"info","event":"    \"funding_categories\": [","logger":"task.stdout"}
{"timestamp":"2026-09-01T13:40:14.767492Z","level":"info","event":"      \"health\"","logger":"task.stdout"}
{"timestamp":"2026-09-01T13:40:14.769356Z","level":"info","event":"    ],","logger":"task.stdout"}
{"timestamp":"2026-09-01T13:40:14.770577Z","level":"info","event":"    \"funding_category_description\": null,","logger":"task.stdout"}
{"timestamp":"2026-09-01T13:40:14.771731Z","level":"info","event":"    \"funding_instruments\": [","logger":"task.stdout"}
{"timestamp":"2026-09-01T13:40:14.773053Z","level":"info","event":"      \"cooperative_agreement\"","logger":"task.stdout"}
{"timestamp":"2026-09-01T13:40:14.773995Z","level":"info","event":"    ],","logger":"task.stdout"}
{"timestamp":"2026-09-01T13:40:14.775024Z","level":"info","event":"    \"is_cost_sharing\": false,","logger":"task.stdout"}
{"timestamp":"2026-09-01T13:40:14.776411Z","level":"info","event":"    \"is_forecast\": false,","logger":"task.stdout"}
{"timestamp":"2026-09-01T13:40:14.778172Z","level":"info","event":"    \"post_date\": \"2026-08-31\",","logger":"task.stdout"}
{"timestamp":"2026-09-01T13:40:14.779300Z","level":"info","event":"    \"summary_description\": \"This is a Notice of Funding Opportunity (NOFO) for a Single Source that will invite an application from the eligible organization to apply. Please see Section III. Eligibility for additional information. In accordance with NIH standard peer-review processes, applications will be peer-reviewed, and only meritorious applications will be considered for funding. Through this NOFO, the National institute of Diabetes and Digestive and Kidney Diseases (NIDDK) invites an application to continue to follow the Epidemiology of Diabetes Interventions and Complications (EDIC) cohort through a collaborative cooperative agreement that addresses specific knowledge gaps in the development and progression of type 1 diabetes complications.  Applications should include hypothesis-based research, support for cohort infrastructure and/or maintenance, continued follow-up, and supporting collaborative research to utilize the EDIC cohort as well as its data set and biologic/genetic samples.\",","logger":"task.stdout"}
{"timestamp":"2026-09-01T13:40:14.780805Z","level":"info","event":"    \"updated_at\": \"2026-08-31T14:20:25+00:00\",","logger":"task.stdout"}
{"timestamp":"2026-09-01T13:40:14.786222Z","level":"info","event":"    \"version_number\": 1","logger":"task.stdout"}
{"timestamp":"2026-09-01T13:40:14.792934Z","level":"info","event":"  },","logger":"task.stdout"}
{"timestamp":"2026-09-01T13:40:14.799255Z","level":"info","event":"  \"tagline\": null,","logger":"task.stdout"}
{"timestamp":"2026-09-01T13:40:14.806202Z","level":"info","event":"  \"top_level_agency_code\": \"HHS\",","logger":"task.stdout"}
{"timestamp":"2026-09-01T13:40:14.809307Z","level":"info","event":"  \"top_level_agency_name\": \"Department of Health and Human Services\"","logger":"task.stdout"}
{"timestamp":"2026-09-01T13:40:14.815218Z","level":"info","event":"}","logger":"task.stdout"}
{"timestamp":"2026-09-01T13:40:14.821457Z","level":"info","event":"","logger":"task.stdout"}
{"timestamp":"2026-09-01T13:40:14.826036Z","level":"info","event":"================================================================================","logger":"task.stdout"}
{"timestamp":"2026-09-01T13:40:14.832460Z","level":"info","event":"OPPORTUNITY 11 of 21","logger":"task.stdout"}
{"timestamp":"2026-09-01T13:40:14.835095Z","level":"info","event":"================================================================================","logger":"task.stdout"}
{"timestamp":"2026-09-01T13:40:14.836471Z","level":"info","event":"{","logger":"task.stdout"}
{"timestamp":"2026-09-01T13:40:14.840706Z","level":"info","event":"  \"agency\": \"HHS-NIH11\",","logger":"task.stdout"}
{"timestamp":"2026-09-01T13:40:14.842790Z","level":"info","event":"  \"agency_code\": \"HHS-NIH11\",","logger":"task.stdout"}
{"timestamp":"2026-09-01T13:40:14.845577Z","level":"info","event":"  \"agency_name\": \"National Institutes of Health\",","logger":"task.stdout"}
{"timestamp":"2026-09-01T13:40:14.847082Z","level":"info","event":"  \"category\": \"discretionary\",","logger":"task.stdout"}
{"timestamp":"2026-09-01T13:40:14.849914Z","level":"info","event":"  \"category_explanation\": null,","logger":"task.stdout"}
{"timestamp":"2026-09-01T13:40:14.853157Z","level":"info","event":"  \"legacy_opportunity_id\": 360458,","logger":"task.stdout"}
{"timestamp":"2026-09-01T13:40:14.854774Z","level":"info","event":"  \"opportunity_assistance_listings\": [","logger":"task.stdout"}
{"timestamp":"2026-09-01T13:40:14.855738Z","level":"info","event":"    {","logger":"task.stdout"}
{"timestamp":"2026-09-01T13:40:14.856698Z","level":"info","event":"      \"assistance_listing_number\": \"93.847\",","logger":"task.stdout"}
{"timestamp":"2026-09-01T13:40:14.859464Z","level":"info","event":"      \"program_title\": \"Diabetes, Digestive, and Kidney Diseases Extramural Research\"","logger":"task.stdout"}
{"timestamp":"2026-09-01T13:40:14.862441Z","level":"info","event":"    }","logger":"task.stdout"}
{"timestamp":"2026-09-01T13:40:14.864357Z","level":"info","event":"  ],","logger":"task.stdout"}
{"timestamp":"2026-09-01T13:40:14.867369Z","level":"info","event":"  \"opportunity_id\": \"364c3084-41cd-4e28-b1d3-065e5cfcb1bb\",","logger":"task.stdout"}
{"timestamp":"2026-09-01T13:40:14.869325Z","level":"info","event":"  \"opportunity_number\": \"RFA-DK-27-139\",","logger":"task.stdout"}
{"timestamp":"2026-09-01T13:40:14.871562Z","level":"info","event":"  \"opportunity_status\": \"posted\",","logger":"task.stdout"}
{"timestamp":"2026-09-01T13:40:14.873522Z","level":"info","event":"  \"opportunity_title\": \"Single Source for the Continuation of the Caring for OutPatiEnts after Acute Kidney Injury (COPE-AKI) Scientific and Data Research Center (U01 Clinical Trial Required)\",","logger":"task.stdout"}
{"timestamp":"2026-09-01T13:40:14.874962Z","level":"info","event":"  \"purpose_statement\": null,","logger":"task.stdout"}
{"timestamp":"2026-09-01T13:40:14.876663Z","level":"info","event":"  \"summary\": {","logger":"task.stdout"}
{"timestamp":"2026-09-01T13:40:14.878094Z","level":"info","event":"    \"additional_info_url\": null,","logger":"task.stdout"}
{"timestamp":"2026-09-01T13:40:14.880192Z","level":"info","event":"    \"additional_info_url_description\": null,","logger":"task.stdout"}
{"timestamp":"2026-09-01T13:40:14.881657Z","level":"info","event":"    \"agency_contact_description\": \"Division of Kidney, Urologic, and Hematologic Diseases\\nNIDDK_KUH@nih.gov\",","logger":"task.stdout"}
{"timestamp":"2026-09-01T13:40:14.883398Z","level":"info","event":"    \"agency_email_address\": \"NIDDK_KUH@nih.gov\",","logger":"task.stdout"}
{"timestamp":"2026-09-01T13:40:14.884946Z","level":"info","event":"    \"agency_email_address_description\": \"NIDDK_KUH@nih.gov\",","logger":"task.stdout"}
{"timestamp":"2026-09-01T13:40:14.886819Z","level":"info","event":"    \"applicant_eligibility_description\": \"As this NOFO is a Single Source application, only the current recipient under RFA-DK-20-012 is eligible to apply under this announcement. Refer to Section III. Eligibility Information in the NOFO for additional information on eligibility.Foreign Organizations/International CollaborationsNon-domestic (non-U.S.) Entities (Foreign Organizations) are not eligible to apply.Non-domestic (non-U.S.) components of U.S. Organizations are not eligible to apply.Foreign components, as defined in the NIH Grants Policy Statement, are not allowed.\",","logger":"task.stdout"}
{"timestamp":"2026-09-01T13:40:14.890155Z","level":"info","event":"    \"applicant_types\": [","logger":"task.stdout"}
{"timestamp":"2026-09-01T13:40:14.891959Z","level":"info","event":"      \"other\"","logger":"task.stdout"}
{"timestamp":"2026-09-01T13:40:14.894745Z","level":"info","event":"    ],","logger":"task.stdout"}
{"timestamp":"2026-09-01T13:40:14.896638Z","level":"info","event":"    \"archive_date\": \"2027-01-08\",","logger":"task.stdout"}
{"timestamp":"2026-09-01T13:40:14.898133Z","level":"info","event":"    \"award_ceiling\": null,","logger":"task.stdout"}
{"timestamp":"2026-09-01T13:40:14.899449Z","level":"info","event":"    \"award_floor\": null,","logger":"task.stdout"}
{"timestamp":"2026-09-01T13:40:14.900545Z","level":"info","event":"    \"close_date\": \"2026-11-09\",","logger":"task.stdout"}
{"timestamp":"2026-09-01T13:40:14.901587Z","level":"info","event":"    \"close_date_description\": null,","logger":"task.stdout"}
{"timestamp":"2026-09-01T13:40:14.903157Z","level":"info","event":"    \"created_at\": \"2026-08-31T14:26:32+00:00\",","logger":"task.stdout"}
{"timestamp":"2026-09-01T13:40:14.904159Z","level":"info","event":"    \"estimated_total_program_funding\": 1800000,","logger":"task.stdout"}
{"timestamp":"2026-09-01T13:40:14.905539Z","level":"info","event":"    \"expected_number_of_awards\": 1,","logger":"task.stdout"}
{"timestamp":"2026-09-01T13:40:14.906775Z","level":"info","event":"    \"fiscal_year\": null,","logger":"task.stdout"}
{"timestamp":"2026-09-01T13:40:14.907998Z","level":"info","event":"    \"forecasted_award_date\": null,","logger":"task.stdout"}
{"timestamp":"2026-09-01T13:40:14.908892Z","level":"info","event":"    \"forecasted_close_date\": null,","logger":"task.stdout"}
{"timestamp":"2026-09-01T13:40:14.909978Z","level":"info","event":"    \"forecasted_close_date_description\": null,","logger":"task.stdout"}
{"timestamp":"2026-09-01T13:40:14.911072Z","level":"info","event":"    \"forecasted_post_date\": null,","logger":"task.stdout"}
{"timestamp":"2026-09-01T13:40:14.912157Z","level":"info","event":"    \"forecasted_project_start_date\": null,","logger":"task.stdout"}
{"timestamp":"2026-09-01T13:40:14.913207Z","level":"info","event":"    \"funding_categories\": [","logger":"task.stdout"}
{"timestamp":"2026-09-01T13:40:14.914342Z","level":"info","event":"      \"health\"","logger":"task.stdout"}
{"timestamp":"2026-09-01T13:40:14.915608Z","level":"info","event":"    ],","logger":"task.stdout"}
{"timestamp":"2026-09-01T13:40:14.920440Z","level":"info","event":"    \"funding_category_description\": null,","logger":"task.stdout"}
{"timestamp":"2026-09-01T13:40:14.922937Z","level":"info","event":"    \"funding_instruments\": [","logger":"task.stdout"}
{"timestamp":"2026-09-01T13:40:14.924063Z","level":"info","event":"      \"cooperative_agreement\"","logger":"task.stdout"}
{"timestamp":"2026-09-01T13:40:14.925129Z","level":"info","event":"    ],","logger":"task.stdout"}
{"timestamp":"2026-09-01T13:40:14.926155Z","level":"info","event":"    \"is_cost_sharing\": false,","logger":"task.stdout"}
{"timestamp":"2026-09-01T13:40:14.927215Z","level":"info","event":"    \"is_forecast\": false,","logger":"task.stdout"}
{"timestamp":"2026-09-01T13:40:14.928567Z","level":"info","event":"    \"post_date\": \"2026-08-31\",","logger":"task.stdout"}
{"timestamp":"2026-09-01T13:40:14.929580Z","level":"info","event":"    \"summary_description\": \"Applications for a 3-year extension/renewal of the Caring for OutPatiEnts after Acute Kidney Injury (COPE-AKI) clinical trial consortium are requested to fully meet the enrollment targets, complete participant follow-up, and finalize data analysis and dissemination of study findings. This Notice of Funding Opportunity (NOFO) invites a Single Source application for the eligible organization, the Scientific and Data Research Center (SDRC) already involved in the Caring for OutPatiEnts after Acute Kidney Injury (COPE-AKI) Consortium. Please see Section III. Eligibility for additional information. In accordance with NIH standard peer-review processes, the application(s) will be peer-reviewed, and only meritorious application(s) will be considered.There is currently no standard of care for patients after hospitalization with acute kidney injury (AKI). Successful completion of the COPE-AKI study will provide key insights that are expected to directly inform improved clinical management strategies and the development of standard of care for Stage 2 and 3 AKI survivors.\",","logger":"task.stdout"}
{"timestamp":"2026-09-01T13:40:14.930726Z","level":"info","event":"    \"updated_at\": \"2026-08-31T14:26:32+00:00\",","logger":"task.stdout"}
{"timestamp":"2026-09-01T13:40:14.933245Z","level":"info","event":"    \"version_number\": 1","logger":"task.stdout"}
{"timestamp":"2026-09-01T13:40:14.934399Z","level":"info","event":"  },","logger":"task.stdout"}
{"timestamp":"2026-09-01T13:40:14.935530Z","level":"info","event":"  \"tagline\": null,","logger":"task.stdout"}
{"timestamp":"2026-09-01T13:40:14.937346Z","level":"info","event":"  \"top_level_agency_code\": \"HHS\",","logger":"task.stdout"}
{"timestamp":"2026-09-01T13:40:14.938846Z","level":"info","event":"  \"top_level_agency_name\": \"Department of Health and Human Services\"","logger":"task.stdout"}
{"timestamp":"2026-09-01T13:40:14.939786Z","level":"info","event":"}","logger":"task.stdout"}
{"timestamp":"2026-09-01T13:40:14.941252Z","level":"info","event":"","logger":"task.stdout"}
{"timestamp":"2026-09-01T13:40:14.943139Z","level":"info","event":"================================================================================","logger":"task.stdout"}
{"timestamp":"2026-09-01T13:40:14.944223Z","level":"info","event":"OPPORTUNITY 12 of 21","logger":"task.stdout"}
{"timestamp":"2026-09-01T13:40:14.945598Z","level":"info","event":"================================================================================","logger":"task.stdout"}
{"timestamp":"2026-09-01T13:40:14.949995Z","level":"info","event":"{","logger":"task.stdout"}
{"timestamp":"2026-09-01T13:40:14.952411Z","level":"info","event":"  \"agency\": \"HHS-NIH11\",","logger":"task.stdout"}
{"timestamp":"2026-09-01T13:40:14.954004Z","level":"info","event":"  \"agency_code\": \"HHS-NIH11\",","logger":"task.stdout"}
{"timestamp":"2026-09-01T13:40:14.955143Z","level":"info","event":"  \"agency_name\": \"National Institutes of Health\",","logger":"task.stdout"}
{"timestamp":"2026-09-01T13:40:14.956501Z","level":"info","event":"  \"category\": \"discretionary\",","logger":"task.stdout"}
{"timestamp":"2026-09-01T13:40:14.957653Z","level":"info","event":"  \"category_explanation\": null,","logger":"task.stdout"}
{"timestamp":"2026-09-01T13:40:14.958813Z","level":"info","event":"  \"legacy_opportunity_id\": 360679,","logger":"task.stdout"}
{"timestamp":"2026-09-01T13:40:14.959813Z","level":"info","event":"  \"opportunity_assistance_listings\": [","logger":"task.stdout"}
{"timestamp":"2026-09-01T13:40:14.961199Z","level":"info","event":"    {","logger":"task.stdout"}
{"timestamp":"2026-09-01T13:40:14.965735Z","level":"info","event":"      \"assistance_listing_number\": \"93.847\",","logger":"task.stdout"}
{"timestamp":"2026-09-01T13:40:14.971193Z","level":"info","event":"      \"program_title\": \"Diabetes, Digestive, and Kidney Diseases Extramural Research\"","logger":"task.stdout"}
{"timestamp":"2026-09-01T13:40:14.975637Z","level":"info","event":"    }","logger":"task.stdout"}
{"timestamp":"2026-09-01T13:40:14.979066Z","level":"info","event":"  ],","logger":"task.stdout"}
{"timestamp":"2026-09-01T13:40:14.980719Z","level":"info","event":"  \"opportunity_id\": \"1700147b-4832-40f6-8357-14a51630c62f\",","logger":"task.stdout"}
{"timestamp":"2026-09-01T13:40:14.982179Z","level":"info","event":"  \"opportunity_number\": \"RFA-DK-27-125\",","logger":"task.stdout"}
{"timestamp":"2026-09-01T13:40:14.983315Z","level":"info","event":"  \"opportunity_status\": \"posted\",","logger":"task.stdout"}
{"timestamp":"2026-09-01T13:40:14.984230Z","level":"info","event":"  \"opportunity_title\": \"Limited Competition for the Continuation of the Caring for OutPatiEnts after Acute Kidney Injury (COPE-AKI) Clinical Centers (U01 Clinical Trial Required)\",","logger":"task.stdout"}
{"timestamp":"2026-09-01T13:40:14.985159Z","level":"info","event":"  \"purpose_statement\": null,","logger":"task.stdout"}
{"timestamp":"2026-09-01T13:40:14.986040Z","level":"info","event":"  \"summary\": {","logger":"task.stdout"}
{"timestamp":"2026-09-01T13:40:14.986896Z","level":"info","event":"    \"additional_info_url\": null,","logger":"task.stdout"}
{"timestamp":"2026-09-01T13:40:14.987723Z","level":"info","event":"    \"additional_info_url_description\": null,","logger":"task.stdout"}
{"timestamp":"2026-09-01T13:40:14.988677Z","level":"info","event":"    \"agency_contact_description\": \"Division of Kidney, Urologic, and Hematologic Diseases\\nNIDDK_KUH@nih.gov\",","logger":"task.stdout"}
{"timestamp":"2026-09-01T13:40:14.989755Z","level":"info","event":"    \"agency_email_address\": \"NIDDK_KUH@nih.gov\",","logger":"task.stdout"}
{"timestamp":"2026-09-01T13:40:14.990676Z","level":"info","event":"    \"agency_email_address_description\": \"NIDDK_KUH@nih.gov\",","logger":"task.stdout"}
{"timestamp":"2026-09-01T13:40:14.991590Z","level":"info","event":"    \"applicant_eligibility_description\": \"Refer to Section III. Eligibility Information in the NOFO for additional information on eligibility.As this NOFO is a Limited Competition, only the current recipients under RFA-DK-20-011 are eligible to apply under this announcement.As this NOFO is a limited competition opportunity, only the institutions that are the principal employer of the Program Director/Principal Investigator of the original COPE-AKI Participating Clinical Centers and the COPE-AKI Scientific Data Research Center are eligible to apply in response to this NOFO.Foreign Organizations/International Collaborations:Non-domestic (non-U.S.) Entities (Foreign Organizations) are not eligible to apply.Non-domestic (non-U.S.) components of U.S. Organizations are not eligible to apply.Foreign components, as defined in the NIH Grants Policy Statement, are not allowed.\",","logger":"task.stdout"}
{"timestamp":"2026-09-01T13:40:14.994283Z","level":"info","event":"    \"applicant_types\": [","logger":"task.stdout"}
{"timestamp":"2026-09-01T13:40:14.995422Z","level":"info","event":"      \"other\"","logger":"task.stdout"}
{"timestamp":"2026-09-01T13:40:14.996445Z","level":"info","event":"    ],","logger":"task.stdout"}
{"timestamp":"2026-09-01T13:40:14.997338Z","level":"info","event":"    \"archive_date\": \"2027-01-05\",","logger":"task.stdout"}
{"timestamp":"2026-09-01T13:40:14.998445Z","level":"info","event":"    \"award_ceiling\": null,","logger":"task.stdout"}
{"timestamp":"2026-09-01T13:40:14.999442Z","level":"info","event":"    \"award_floor\": null,","logger":"task.stdout"}
{"timestamp":"2026-09-01T13:40:15.000569Z","level":"info","event":"    \"close_date\": \"2026-11-06\",","logger":"task.stdout"}
{"timestamp":"2026-09-01T13:40:15.001538Z","level":"info","event":"    \"close_date_description\": null,","logger":"task.stdout"}
{"timestamp":"2026-09-01T13:40:15.002593Z","level":"info","event":"    \"created_at\": \"2026-08-31T14:13:52+00:00\",","logger":"task.stdout"}
{"timestamp":"2026-09-01T13:40:15.003535Z","level":"info","event":"    \"estimated_total_program_funding\": 1850000,","logger":"task.stdout"}
{"timestamp":"2026-09-01T13:40:15.004682Z","level":"info","event":"    \"expected_number_of_awards\": 3,","logger":"task.stdout"}
{"timestamp":"2026-09-01T13:40:15.005727Z","level":"info","event":"    \"fiscal_year\": null,","logger":"task.stdout"}
{"timestamp":"2026-09-01T13:40:15.006783Z","level":"info","event":"    \"forecasted_award_date\": null,","logger":"task.stdout"}
{"timestamp":"2026-09-01T13:40:15.010811Z","level":"info","event":"    \"forecasted_close_date\": null,","logger":"task.stdout"}
{"timestamp":"2026-09-01T13:40:15.013266Z","level":"info","event":"    \"forecasted_close_date_description\": null,","logger":"task.stdout"}
{"timestamp":"2026-09-01T13:40:15.016556Z","level":"info","event":"    \"forecasted_post_date\": null,","logger":"task.stdout"}
{"timestamp":"2026-09-01T13:40:15.017969Z","level":"info","event":"    \"forecasted_project_start_date\": null,","logger":"task.stdout"}
{"timestamp":"2026-09-01T13:40:15.019577Z","level":"info","event":"    \"funding_categories\": [","logger":"task.stdout"}
{"timestamp":"2026-09-01T13:40:15.020525Z","level":"info","event":"      \"health\"","logger":"task.stdout"}
{"timestamp":"2026-09-01T13:40:15.021850Z","level":"info","event":"    ],","logger":"task.stdout"}
{"timestamp":"2026-09-01T13:40:15.023673Z","level":"info","event":"    \"funding_category_description\": null,","logger":"task.stdout"}
{"timestamp":"2026-09-01T13:40:15.025226Z","level":"info","event":"    \"funding_instruments\": [","logger":"task.stdout"}
{"timestamp":"2026-09-01T13:40:15.026506Z","level":"info","event":"      \"cooperative_agreement\"","logger":"task.stdout"}
{"timestamp":"2026-09-01T13:40:15.029248Z","level":"info","event":"    ],","logger":"task.stdout"}
{"timestamp":"2026-09-01T13:40:15.030340Z","level":"info","event":"    \"is_cost_sharing\": false,","logger":"task.stdout"}
{"timestamp":"2026-09-01T13:40:15.031641Z","level":"info","event":"    \"is_forecast\": false,","logger":"task.stdout"}
{"timestamp":"2026-09-01T13:40:15.032678Z","level":"info","event":"    \"post_date\": \"2026-08-31\",","logger":"task.stdout"}
{"timestamp":"2026-09-01T13:40:15.034735Z","level":"info","event":"    \"summary_description\": \"This is a Notice of Funding Opportunity (NOFO) for a Limited Competition that will invite application(s) from eligible organization(s) to apply. Please see Section III. Eligibility for additional information. In accordance with NIH standard peer-review processes, the application(s) will be peer-reviewed, and only meritorious application(s) will be considered for funding. This NOFO requests limited competition applications for a 3-year extension of the COPE-AKI clinical trial consortium, which includes three clinical centers (CCs) and one scientific and data research center (SDRC), to fully meet the enrollment targets, complete participant follow-up, and provide resources for data analysis and dissemination of study findings. There is currently no standard of care for patients after hospitalization with acute kidney injury (AKI). Successful completion of the COPE-AKI study will provide key insights that are expected to directly inform improved clinical management strategies and the development of standard of care for Stage 2 and 3 AKI survivors.\",","logger":"task.stdout"}
{"timestamp":"2026-09-01T13:40:15.036182Z","level":"info","event":"    \"updated_at\": \"2026-08-31T14:13:52+00:00\",","logger":"task.stdout"}
{"timestamp":"2026-09-01T13:40:15.037154Z","level":"info","event":"    \"version_number\": 1","logger":"task.stdout"}
{"timestamp":"2026-09-01T13:40:15.039829Z","level":"info","event":"  },","logger":"task.stdout"}
{"timestamp":"2026-09-01T13:40:15.042576Z","level":"info","event":"  \"tagline\": null,","logger":"task.stdout"}
{"timestamp":"2026-09-01T13:40:15.044285Z","level":"info","event":"  \"top_level_agency_code\": \"HHS\",","logger":"task.stdout"}
{"timestamp":"2026-09-01T13:40:15.046525Z","level":"info","event":"  \"top_level_agency_name\": \"Department of Health and Human Services\"","logger":"task.stdout"}
{"timestamp":"2026-09-01T13:40:15.048654Z","level":"info","event":"}","logger":"task.stdout"}
{"timestamp":"2026-09-01T13:40:15.049927Z","level":"info","event":"","logger":"task.stdout"}
{"timestamp":"2026-09-01T13:40:15.051014Z","level":"info","event":"================================================================================","logger":"task.stdout"}
{"timestamp":"2026-09-01T13:40:15.052002Z","level":"info","event":"OPPORTUNITY 13 of 21","logger":"task.stdout"}
{"timestamp":"2026-09-01T13:40:15.054714Z","level":"info","event":"================================================================================","logger":"task.stdout"}
{"timestamp":"2026-09-01T13:40:15.056128Z","level":"info","event":"{","logger":"task.stdout"}
{"timestamp":"2026-09-01T13:40:15.058453Z","level":"info","event":"  \"agency\": \"USDOJ-OJP-BJA\",","logger":"task.stdout"}
{"timestamp":"2026-09-01T13:40:15.061454Z","level":"info","event":"  \"agency_code\": \"USDOJ-OJP-BJA\",","logger":"task.stdout"}
{"timestamp":"2026-09-01T13:40:15.064058Z","level":"info","event":"  \"agency_name\": \"Bureau of Justice Assistance\",","logger":"task.stdout"}
{"timestamp":"2026-09-01T13:40:15.066847Z","level":"info","event":"  \"category\": \"other\",","logger":"task.stdout"}
{"timestamp":"2026-09-01T13:40:15.071799Z","level":"info","event":"  \"category_explanation\": \"Invited to apply\",","logger":"task.stdout"}
{"timestamp":"2026-09-01T13:40:15.074050Z","level":"info","event":"  \"legacy_opportunity_id\": 363750,","logger":"task.stdout"}
{"timestamp":"2026-09-01T13:40:15.075794Z","level":"info","event":"  \"opportunity_assistance_listings\": [","logger":"task.stdout"}
{"timestamp":"2026-09-01T13:40:15.076908Z","level":"info","event":"    {","logger":"task.stdout"}
{"timestamp":"2026-09-01T13:40:15.078113Z","level":"info","event":"      \"assistance_listing_number\": \"16.610\",","logger":"task.stdout"}
{"timestamp":"2026-09-01T13:40:15.079333Z","level":"info","event":"      \"program_title\": \"Regional Information Sharing Systems\"","logger":"task.stdout"}
{"timestamp":"2026-09-01T13:40:15.080431Z","level":"info","event":"    }","logger":"task.stdout"}
{"timestamp":"2026-09-01T13:40:15.081560Z","level":"info","event":"  ],","logger":"task.stdout"}
{"timestamp":"2026-09-01T13:40:15.082727Z","level":"info","event":"  \"opportunity_id\": \"cda6d8a7-f1c1-4651-a4cc-f5bb39cf21e6\",","logger":"task.stdout"}
{"timestamp":"2026-09-01T13:40:15.084051Z","level":"info","event":"  \"opportunity_number\": \"O-BJA-2026-172722\",","logger":"task.stdout"}
{"timestamp":"2026-09-01T13:40:15.085607Z","level":"info","event":"  \"opportunity_status\": \"posted\",","logger":"task.stdout"}
{"timestamp":"2026-09-01T13:40:15.086806Z","level":"info","event":"  \"opportunity_title\": \"BJA FY 2026 Invited to Apply- Regional Information Sharing Systems\",","logger":"task.stdout"}
{"timestamp":"2026-09-01T13:40:15.087954Z","level":"info","event":"  \"purpose_statement\": null,","logger":"task.stdout"}
{"timestamp":"2026-09-01T13:40:15.089042Z","level":"info","event":"  \"summary\": {","logger":"task.stdout"}
{"timestamp":"2026-09-01T13:40:15.091360Z","level":"info","event":"    \"additional_info_url\": \"https://bja.ojp.gov/\",","logger":"task.stdout"}
{"timestamp":"2026-09-01T13:40:15.093199Z","level":"info","event":"    \"additional_info_url_description\": \"https://bja.ojp.gov/\",","logger":"task.stdout"}
{"timestamp":"2026-09-01T13:40:15.094625Z","level":"info","event":"    \"agency_contact_description\": \"OJP.ResponseCenter@usdoj.gov\\nOJP.ResponseCenter@usdoj.gov\",","logger":"task.stdout"}
{"timestamp":"2026-09-01T13:40:15.096304Z","level":"info","event":"    \"agency_email_address\": \"OJP.ResponseCenter@usdoj.gov\",","logger":"task.stdout"}
{"timestamp":"2026-09-01T13:40:15.099668Z","level":"info","event":"    \"agency_email_address_description\": \"OJP Response Center\",","logger":"task.stdout"}
{"timestamp":"2026-09-01T13:40:15.101492Z","level":"info","event":"    \"applicant_eligibility_description\": \"Only applicants that received an official invitation letter from BJA concerning RISS are eligible to apply. Applications will only be accepted from the following: Middle Atlantic-Great Lakes Organized Crime Law Enforcement Network (MAGLOCLEN); Mid-States Organized Crime Information Center (MOCIC); New England State Police Information Network (NESPIN); Regional Organized Crime Information Center (ROCIC); Rocky Mountain Information Network (RMIN); Western States Information Network (WSIN)\",","logger":"task.stdout"}
{"timestamp":"2026-09-01T13:40:15.102713Z","level":"info","event":"    \"applicant_types\": [","logger":"task.stdout"}
{"timestamp":"2026-09-01T13:40:15.104856Z","level":"info","event":"      \"other\"","logger":"task.stdout"}
{"timestamp":"2026-09-01T13:40:15.106312Z","level":"info","event":"    ],","logger":"task.stdout"}
{"timestamp":"2026-09-01T13:40:15.107298Z","level":"info","event":"    \"archive_date\": null,","logger":"task.stdout"}
{"timestamp":"2026-09-01T13:40:15.108367Z","level":"info","event":"    \"award_ceiling\": 109000000,","logger":"task.stdout"}
{"timestamp":"2026-09-01T13:40:15.109459Z","level":"info","event":"    \"award_floor\": 0,","logger":"task.stdout"}
{"timestamp":"2026-09-01T13:40:15.110397Z","level":"info","event":"    \"close_date\": \"2026-09-01\",","logger":"task.stdout"}
{"timestamp":"2026-09-01T13:40:15.111746Z","level":"info","event":"    \"close_date_description\": null,","logger":"task.stdout"}
{"timestamp":"2026-09-01T13:40:15.112720Z","level":"info","event":"    \"created_at\": \"2026-08-31T17:47:10+00:00\",","logger":"task.stdout"}
{"timestamp":"2026-09-01T13:40:15.113904Z","level":"info","event":"    \"estimated_total_program_funding\": null,","logger":"task.stdout"}
{"timestamp":"2026-09-01T13:40:15.119438Z","level":"info","event":"    \"expected_number_of_awards\": null,","logger":"task.stdout"}
{"timestamp":"2026-09-01T13:40:15.121976Z","level":"info","event":"    \"fiscal_year\": null,","logger":"task.stdout"}
{"timestamp":"2026-09-01T13:40:15.123159Z","level":"info","event":"    \"forecasted_award_date\": null,","logger":"task.stdout"}
{"timestamp":"2026-09-01T13:40:15.126169Z","level":"info","event":"    \"forecasted_close_date\": null,","logger":"task.stdout"}
{"timestamp":"2026-09-01T13:40:15.127511Z","level":"info","event":"    \"forecasted_close_date_description\": null,","logger":"task.stdout"}
{"timestamp":"2026-09-01T13:40:15.131285Z","level":"info","event":"    \"forecasted_post_date\": null,","logger":"task.stdout"}
{"timestamp":"2026-09-01T13:40:15.133507Z","level":"info","event":"    \"forecasted_project_start_date\": null,","logger":"task.stdout"}
{"timestamp":"2026-09-01T13:40:15.136089Z","level":"info","event":"    \"funding_categories\": [","logger":"task.stdout"}
{"timestamp":"2026-09-01T13:40:15.137228Z","level":"info","event":"      \"law_justice_and_legal_services\"","logger":"task.stdout"}
{"timestamp":"2026-09-01T13:40:15.138497Z","level":"info","event":"    ],","logger":"task.stdout"}
{"timestamp":"2026-09-01T13:40:15.140820Z","level":"info","event":"    \"funding_category_description\": null,","logger":"task.stdout"}
{"timestamp":"2026-09-01T13:40:15.142209Z","level":"info","event":"    \"funding_instruments\": [","logger":"task.stdout"}
{"timestamp":"2026-09-01T13:40:15.143296Z","level":"info","event":"      \"grant\"","logger":"task.stdout"}
{"timestamp":"2026-09-01T13:40:15.147708Z","level":"info","event":"    ],","logger":"task.stdout"}
{"timestamp":"2026-09-01T13:40:15.153630Z","level":"info","event":"    \"is_cost_sharing\": false,","logger":"task.stdout"}
{"timestamp":"2026-09-01T13:40:15.158448Z","level":"info","event":"    \"is_forecast\": false,","logger":"task.stdout"}
{"timestamp":"2026-09-01T13:40:15.165343Z","level":"info","event":"    \"post_date\": \"2026-08-31\",","logger":"task.stdout"}
{"timestamp":"2026-09-01T13:40:15.170682Z","level":"info","event":"    \"summary_description\": \"This funding opportunity seeks applications from the six Regional Information Sharing Systems (RISS) Centers who received invitation letters with instructions on how to apply to this NOFO. RISS Centers provide investigative support to federal, state, local, tribal, and territorial criminal justice agencies and practitioners by facilitating secure information sharing and intelligence collaboration across jurisdictional lines.\",","logger":"task.stdout"}
{"timestamp":"2026-09-01T13:40:15.174183Z","level":"info","event":"    \"updated_at\": \"2026-08-31T17:47:10+00:00\",","logger":"task.stdout"}
{"timestamp":"2026-09-01T13:40:15.182067Z","level":"info","event":"    \"version_number\": 1","logger":"task.stdout"}
{"timestamp":"2026-09-01T13:40:15.186762Z","level":"info","event":"  },","logger":"task.stdout"}
{"timestamp":"2026-09-01T13:40:15.189591Z","level":"info","event":"  \"tagline\": null,","logger":"task.stdout"}
{"timestamp":"2026-09-01T13:40:15.193327Z","level":"info","event":"  \"top_level_agency_code\": \"USDOJ\",","logger":"task.stdout"}
{"timestamp":"2026-09-01T13:40:15.197349Z","level":"info","event":"  \"top_level_agency_name\": \"Department of Justice\"","logger":"task.stdout"}
{"timestamp":"2026-09-01T13:40:15.202078Z","level":"info","event":"}","logger":"task.stdout"}
{"timestamp":"2026-09-01T13:40:15.207029Z","level":"info","event":"","logger":"task.stdout"}
{"timestamp":"2026-09-01T13:40:15.210036Z","level":"info","event":"================================================================================","logger":"task.stdout"}
{"timestamp":"2026-09-01T13:40:15.212410Z","level":"info","event":"OPPORTUNITY 14 of 21","logger":"task.stdout"}
{"timestamp":"2026-09-01T13:40:15.216063Z","level":"info","event":"================================================================================","logger":"task.stdout"}
{"timestamp":"2026-09-01T13:40:15.217491Z","level":"info","event":"{","logger":"task.stdout"}
{"timestamp":"2026-09-01T13:40:15.222644Z","level":"info","event":"  \"agency\": \"HHS-NIH11\",","logger":"task.stdout"}
{"timestamp":"2026-09-01T13:40:15.224736Z","level":"info","event":"  \"agency_code\": \"HHS-NIH11\",","logger":"task.stdout"}
{"timestamp":"2026-09-01T13:40:15.227779Z","level":"info","event":"  \"agency_name\": \"National Institutes of Health\",","logger":"task.stdout"}
{"timestamp":"2026-09-01T13:40:15.230941Z","level":"info","event":"  \"category\": \"discretionary\",","logger":"task.stdout"}
{"timestamp":"2026-09-01T13:40:15.232047Z","level":"info","event":"  \"category_explanation\": null,","logger":"task.stdout"}
{"timestamp":"2026-09-01T13:40:15.233148Z","level":"info","event":"  \"legacy_opportunity_id\": 360606,","logger":"task.stdout"}
{"timestamp":"2026-09-01T13:40:15.234215Z","level":"info","event":"  \"opportunity_assistance_listings\": [","logger":"task.stdout"}
{"timestamp":"2026-09-01T13:40:15.235683Z","level":"info","event":"    {","logger":"task.stdout"}
{"timestamp":"2026-09-01T13:40:15.237093Z","level":"info","event":"      \"assistance_listing_number\": \"93.395\",","logger":"task.stdout"}
{"timestamp":"2026-09-01T13:40:15.239431Z","level":"info","event":"      \"program_title\": \"Cancer Treatment Research\"","logger":"task.stdout"}
{"timestamp":"2026-09-01T13:40:15.242425Z","level":"info","event":"    },","logger":"task.stdout"}
{"timestamp":"2026-09-01T13:40:15.243940Z","level":"info","event":"    {","logger":"task.stdout"}
{"timestamp":"2026-09-01T13:40:15.245600Z","level":"info","event":"      \"assistance_listing_number\": \"93.394\",","logger":"task.stdout"}
{"timestamp":"2026-09-01T13:40:15.248609Z","level":"info","event":"      \"program_title\": \"Cancer Detection and Diagnosis Research\"","logger":"task.stdout"}
{"timestamp":"2026-09-01T13:40:15.251995Z","level":"info","event":"    }","logger":"task.stdout"}
{"timestamp":"2026-09-01T13:40:15.255721Z","level":"info","event":"  ],","logger":"task.stdout"}
{"timestamp":"2026-09-01T13:40:15.257625Z","level":"info","event":"  \"opportunity_id\": \"de7f0a72-0ef8-4c9c-894b-1fc92c9d1097\",","logger":"task.stdout"}
{"timestamp":"2026-09-01T13:40:15.258732Z","level":"info","event":"  \"opportunity_number\": \"RFA-CA-27-005\",","logger":"task.stdout"}
{"timestamp":"2026-09-01T13:40:15.260177Z","level":"info","event":"  \"opportunity_status\": \"posted\",","logger":"task.stdout"}
{"timestamp":"2026-09-01T13:40:15.262498Z","level":"info","event":"  \"opportunity_title\": \"Glioblastoma Therapeutics Network (GTN) (U19 Clinical Trial Required)\",","logger":"task.stdout"}
{"timestamp":"2026-09-01T13:40:15.265165Z","level":"info","event":"  \"purpose_statement\": null,","logger":"task.stdout"}
{"timestamp":"2026-09-01T13:40:15.267587Z","level":"info","event":"  \"summary\": {","logger":"task.stdout"}
{"timestamp":"2026-09-01T13:40:15.269638Z","level":"info","event":"    \"additional_info_url\": null,","logger":"task.stdout"}
{"timestamp":"2026-09-01T13:40:15.272456Z","level":"info","event":"    \"additional_info_url_description\": null,","logger":"task.stdout"}
{"timestamp":"2026-09-01T13:40:15.273899Z","level":"info","event":"    \"agency_contact_description\": \"NCI GTN Program National Cancer Institute (NCI)\\nGTN-contacts@nih.gov\",","logger":"task.stdout"}
{"timestamp":"2026-09-01T13:40:15.276348Z","level":"info","event":"    \"agency_email_address\": \"GTN-contacts@nih.gov\",","logger":"task.stdout"}
{"timestamp":"2026-09-01T13:40:15.281233Z","level":"info","event":"    \"agency_email_address_description\": \"National Cancer Institute (NCI)\",","logger":"task.stdout"}
{"timestamp":"2026-09-01T13:40:15.284780Z","level":"info","event":"    \"applicant_eligibility_description\": \"Refer to Section III. Eligibility Information in the NOFO for additional information on eligibility.Foreign Organizations/International Collaborations:Non-domestic (non-U.S.) Entities (Foreign Organization) are not eligible to apply.Non-domestic (non-U.S.) components of U.S. Organizations are not eligible to apply.Foreign components, as defined in the NIH Grants Policy Statement, are not allowed.\",","logger":"task.stdout"}
{"timestamp":"2026-09-01T13:40:15.286919Z","level":"info","event":"    \"applicant_types\": [","logger":"task.stdout"}
{"timestamp":"2026-09-01T13:40:15.288705Z","level":"info","event":"      \"other_native_american_tribal_organizations\",","logger":"task.stdout"}
{"timestamp":"2026-09-01T13:40:15.290908Z","level":"info","event":"      \"public_and_indian_housing_authorities\",","logger":"task.stdout"}
{"timestamp":"2026-09-01T13:40:15.293254Z","level":"info","event":"      \"private_institutions_of_higher_education\",","logger":"task.stdout"}
{"timestamp":"2026-09-01T13:40:15.295467Z","level":"info","event":"      \"for_profit_organizations_other_than_small_businesses\",","logger":"task.stdout"}
{"timestamp":"2026-09-01T13:40:15.299059Z","level":"info","event":"      \"other\",","logger":"task.stdout"}
{"timestamp":"2026-09-01T13:40:15.303761Z","level":"info","event":"      \"public_and_state_institutions_of_higher_education\",","logger":"task.stdout"}
{"timestamp":"2026-09-01T13:40:15.307874Z","level":"info","event":"      \"state_governments\",","logger":"task.stdout"}
{"timestamp":"2026-09-01T13:40:15.309437Z","level":"info","event":"      \"nonprofits_non_higher_education_with_501c3\",","logger":"task.stdout"}
{"timestamp":"2026-09-01T13:40:15.313024Z","level":"info","event":"      \"city_or_township_governments\",","logger":"task.stdout"}
{"timestamp":"2026-09-01T13:40:15.318908Z","level":"info","event":"      \"special_district_governments\",","logger":"task.stdout"}
{"timestamp":"2026-09-01T13:40:15.324777Z","level":"info","event":"      \"small_businesses\",","logger":"task.stdout"}
{"timestamp":"2026-09-01T13:40:15.327776Z","level":"info","event":"      \"federally_recognized_native_american_tribal_governments\",","logger":"task.stdout"}
{"timestamp":"2026-09-01T13:40:15.330548Z","level":"info","event":"      \"independent_school_districts\",","logger":"task.stdout"}
{"timestamp":"2026-09-01T13:40:15.332617Z","level":"info","event":"      \"nonprofits_non_higher_education_without_501c3\",","logger":"task.stdout"}
{"timestamp":"2026-09-01T13:40:15.334207Z","level":"info","event":"      \"county_governments\"","logger":"task.stdout"}
{"timestamp":"2026-09-01T13:40:15.338374Z","level":"info","event":"    ],","logger":"task.stdout"}
{"timestamp":"2026-09-01T13:40:15.341339Z","level":"info","event":"    \"archive_date\": \"2026-11-30\",","logger":"task.stdout"}
{"timestamp":"2026-09-01T13:40:15.345813Z","level":"info","event":"    \"award_ceiling\": 700000,","logger":"task.stdout"}
{"timestamp":"2026-09-01T13:40:15.348257Z","level":"info","event":"    \"award_floor\": null,","logger":"task.stdout"}
{"timestamp":"2026-09-01T13:40:15.350064Z","level":"info","event":"    \"close_date\": \"2026-10-01\",","logger":"task.stdout"}
{"timestamp":"2026-09-01T13:40:15.351378Z","level":"info","event":"    \"close_date_description\": null,","logger":"task.stdout"}
{"timestamp":"2026-09-01T13:40:15.354013Z","level":"info","event":"    \"created_at\": \"2026-08-31T13:35:48+00:00\",","logger":"task.stdout"}
{"timestamp":"2026-09-01T13:40:15.357161Z","level":"info","event":"    \"estimated_total_program_funding\": 4400000,","logger":"task.stdout"}
{"timestamp":"2026-09-01T13:40:15.362490Z","level":"info","event":"    \"expected_number_of_awards\": 4,","logger":"task.stdout"}
{"timestamp":"2026-09-01T13:40:15.365745Z","level":"info","event":"    \"fiscal_year\": null,","logger":"task.stdout"}
{"timestamp":"2026-09-01T13:40:15.367077Z","level":"info","event":"    \"forecasted_award_date\": null,","logger":"task.stdout"}
{"timestamp":"2026-09-01T13:40:15.368215Z","level":"info","event":"    \"forecasted_close_date\": null,","logger":"task.stdout"}
{"timestamp":"2026-09-01T13:40:15.371814Z","level":"info","event":"    \"forecasted_close_date_description\": null,","logger":"task.stdout"}
{"timestamp":"2026-09-01T13:40:15.374170Z","level":"info","event":"    \"forecasted_post_date\": null,","logger":"task.stdout"}
{"timestamp":"2026-09-01T13:40:15.377060Z","level":"info","event":"    \"forecasted_project_start_date\": null,","logger":"task.stdout"}
{"timestamp":"2026-09-01T13:40:15.379839Z","level":"info","event":"    \"funding_categories\": [","logger":"task.stdout"}
{"timestamp":"2026-09-01T13:40:15.382810Z","level":"info","event":"      \"health\"","logger":"task.stdout"}
{"timestamp":"2026-09-01T13:40:15.386605Z","level":"info","event":"    ],","logger":"task.stdout"}
{"timestamp":"2026-09-01T13:40:15.391819Z","level":"info","event":"    \"funding_category_description\": null,","logger":"task.stdout"}
{"timestamp":"2026-09-01T13:40:15.396436Z","level":"info","event":"    \"funding_instruments\": [","logger":"task.stdout"}
{"timestamp":"2026-09-01T13:40:15.400009Z","level":"info","event":"      \"cooperative_agreement\"","logger":"task.stdout"}
{"timestamp":"2026-09-01T13:40:15.403434Z","level":"info","event":"    ],","logger":"task.stdout"}
{"timestamp":"2026-09-01T13:40:15.406634Z","level":"info","event":"    \"is_cost_sharing\": false,","logger":"task.stdout"}
{"timestamp":"2026-09-01T13:40:15.409678Z","level":"info","event":"    \"is_forecast\": false,","logger":"task.stdout"}
{"timestamp":"2026-09-01T13:40:15.414070Z","level":"info","event":"    \"post_date\": \"2026-08-31\",","logger":"task.stdout"}
{"timestamp":"2026-09-01T13:40:15.416520Z","level":"info","event":"    \"summary_description\": \"Through this Notice of Funding Opportunity (NOFO), the National Cancer Institute (NCI) solicits applications for research on novel therapies for adult glioblastoma (GBM). The goal is to improve the treatment of adult GBM by developing novel effective agents that can cross the blood brain barrier (BBB) and testing them clinically. Successful early-stage trials of new drugs from this NOFO would transition seamlessly to later stage trials using well-established NCI clinical trial mechanisms.To implement this concept, a highly collaborative GBM Therapeutics Network (GTN) of cross-cutting teams will be established, each team capable of driving therapeutic agent(s) from pre-clinical development, through investigational new drugs (IND) studies, into pilot clinical studies in humans. Appropriate therapeutic agents include: (1) novel agents or (2) agents or combinations approved for other indications and repurposed for treatment of GBM following appropriate preclinical studies. The scope of the NOFO, from late pre-clinical through early (Phase 0/1) clinical studies, uniquely spans a gap in the GBM drug development process.\",","logger":"task.stdout"}
{"timestamp":"2026-09-01T13:40:15.419033Z","level":"info","event":"    \"updated_at\": \"2026-08-31T13:35:48+00:00\",","logger":"task.stdout"}
{"timestamp":"2026-09-01T13:40:15.420418Z","level":"info","event":"    \"version_number\": 1","logger":"task.stdout"}
{"timestamp":"2026-09-01T13:40:15.422637Z","level":"info","event":"  },","logger":"task.stdout"}
{"timestamp":"2026-09-01T13:40:15.424499Z","level":"info","event":"  \"tagline\": null,","logger":"task.stdout"}
{"timestamp":"2026-09-01T13:40:15.427959Z","level":"info","event":"  \"top_level_agency_code\": \"HHS\",","logger":"task.stdout"}
{"timestamp":"2026-09-01T13:40:15.431906Z","level":"info","event":"  \"top_level_agency_name\": \"Department of Health and Human Services\"","logger":"task.stdout"}
{"timestamp":"2026-09-01T13:40:15.434846Z","level":"info","event":"}","logger":"task.stdout"}
{"timestamp":"2026-09-01T13:40:15.436438Z","level":"info","event":"","logger":"task.stdout"}
{"timestamp":"2026-09-01T13:40:15.438429Z","level":"info","event":"================================================================================","logger":"task.stdout"}
{"timestamp":"2026-09-01T13:40:15.444395Z","level":"info","event":"OPPORTUNITY 15 of 21","logger":"task.stdout"}
{"timestamp":"2026-09-01T13:40:15.447987Z","level":"info","event":"================================================================================","logger":"task.stdout"}
{"timestamp":"2026-09-01T13:40:15.450047Z","level":"info","event":"{","logger":"task.stdout"}
{"timestamp":"2026-09-01T13:40:15.451644Z","level":"info","event":"  \"agency\": \"NSF\",","logger":"task.stdout"}
{"timestamp":"2026-09-01T13:40:15.453006Z","level":"info","event":"  \"agency_code\": \"NSF\",","logger":"task.stdout"}
{"timestamp":"2026-09-01T13:40:15.454316Z","level":"info","event":"  \"agency_name\": \"U.S. National Science Foundation\",","logger":"task.stdout"}
{"timestamp":"2026-09-01T13:40:15.456116Z","level":"info","event":"  \"category\": \"discretionary\",","logger":"task.stdout"}
{"timestamp":"2026-09-01T13:40:15.457405Z","level":"info","event":"  \"category_explanation\": null,","logger":"task.stdout"}
{"timestamp":"2026-09-01T13:40:15.458957Z","level":"info","event":"  \"legacy_opportunity_id\": 363752,","logger":"task.stdout"}
{"timestamp":"2026-09-01T13:40:15.460124Z","level":"info","event":"  \"opportunity_assistance_listings\": [","logger":"task.stdout"}
{"timestamp":"2026-09-01T13:40:15.461229Z","level":"info","event":"    {","logger":"task.stdout"}
{"timestamp":"2026-09-01T13:40:15.462405Z","level":"info","event":"      \"assistance_listing_number\": \"47.076\",","logger":"task.stdout"}
{"timestamp":"2026-09-01T13:40:15.463491Z","level":"info","event":"      \"program_title\": \"STEM Education (formerly Education and Human Resources)\"","logger":"task.stdout"}
{"timestamp":"2026-09-01T13:40:15.466377Z","level":"info","event":"    }","logger":"task.stdout"}
{"timestamp":"2026-09-01T13:40:15.467911Z","level":"info","event":"  ],","logger":"task.stdout"}
{"timestamp":"2026-09-01T13:40:15.469695Z","level":"info","event":"  \"opportunity_id\": \"ec4020b2-a94e-497a-a0f0-7f8625d4b0d5\",","logger":"task.stdout"}
{"timestamp":"2026-09-01T13:40:15.471160Z","level":"info","event":"  \"opportunity_number\": \"23-584\",","logger":"task.stdout"}
{"timestamp":"2026-09-01T13:40:15.472666Z","level":"info","event":"  \"opportunity_status\": \"posted\",","logger":"task.stdout"}
{"timestamp":"2026-09-01T13:40:15.474403Z","level":"info","event":"  \"opportunity_title\": \"IUSE: Innovation in Two-Year College STEM Education (ITYC)\",","logger":"task.stdout"}
{"timestamp":"2026-09-01T13:40:15.476393Z","level":"info","event":"  \"purpose_statement\": null,","logger":"task.stdout"}
{"timestamp":"2026-09-01T13:40:15.478042Z","level":"info","event":"  \"summary\": {","logger":"task.stdout"}
{"timestamp":"2026-09-01T13:40:15.479690Z","level":"info","event":"    \"additional_info_url\": \"http://www.nsf.gov/publications/pub_summ.jsp?ods_key=nsf23584\",","logger":"task.stdout"}
{"timestamp":"2026-09-01T13:40:15.481754Z","level":"info","event":"    \"additional_info_url_description\": \"NSF Publication 23-584\",","logger":"task.stdout"}
{"timestamp":"2026-09-01T13:40:15.482837Z","level":"info","event":"    \"agency_contact_description\": \"NSF grants.gov support\\ngrantsgovsupport@nsf.gov\",","logger":"task.stdout"}
{"timestamp":"2026-09-01T13:40:15.483995Z","level":"info","event":"    \"agency_email_address\": \"grantsgovsupport@nsf.gov\",","logger":"task.stdout"}
{"timestamp":"2026-09-01T13:40:15.485677Z","level":"info","event":"    \"agency_email_address_description\": \"If you have any problems linking to this funding announcement, please contact the email address above.\",","logger":"task.stdout"}
{"timestamp":"2026-09-01T13:40:15.488044Z","level":"info","event":"    \"applicant_eligibility_description\": \"*Who May Submit Proposals: Proposals may only be submitted by the following:\\n  -Proposals may only be submitted by two-year colleges of higher education (either Associate&rsquo;s College or Baccalaureate / Associate&rsquo;s Colleges) that are accredited and offer undergraduate educational degree programs in science, technology, engineering, and mathematics (STEM).&nbsp; Baccalaureate, Master&rsquo;s, and Doctoral institutions, and Professional Organizations may partner with a two-year college as a subaward or as a collaborator.&nbsp; For all collaborative proposals, two-year colleges must be the lead organization. &nbsp;Please see PAPPG Chapter II.E.3 for additional guidance on collaborative proposals.\",","logger":"task.stdout"}
{"timestamp":"2026-09-01T13:40:15.489059Z","level":"info","event":"    \"applicant_types\": [","logger":"task.stdout"}
{"timestamp":"2026-09-01T13:40:15.490147Z","level":"info","event":"      \"other\"","logger":"task.stdout"}
{"timestamp":"2026-09-01T13:40:15.491532Z","level":"info","event":"    ],","logger":"task.stdout"}
{"timestamp":"2026-09-01T13:40:15.492622Z","level":"info","event":"    \"archive_date\": \"2027-01-08\",","logger":"task.stdout"}
{"timestamp":"2026-09-01T13:40:15.493788Z","level":"info","event":"    \"award_ceiling\": null,","logger":"task.stdout"}
{"timestamp":"2026-09-01T13:40:15.495934Z","level":"info","event":"    \"award_floor\": null,","logger":"task.stdout"}
{"timestamp":"2026-09-01T13:40:15.497930Z","level":"info","event":"    \"close_date\": \"2026-12-09\",","logger":"task.stdout"}
{"timestamp":"2026-09-01T13:40:15.499717Z","level":"info","event":"    \"close_date_description\": null,","logger":"task.stdout"}
{"timestamp":"2026-09-01T13:40:15.502129Z","level":"info","event":"    \"created_at\": \"2026-08-31T18:22:15+00:00\",","logger":"task.stdout"}
{"timestamp":"2026-09-01T13:40:15.503423Z","level":"info","event":"    \"estimated_total_program_funding\": 10000000,","logger":"task.stdout"}
{"timestamp":"2026-09-01T13:40:15.505266Z","level":"info","event":"    \"expected_number_of_awards\": 20,","logger":"task.stdout"}
{"timestamp":"2026-09-01T13:40:15.506382Z","level":"info","event":"    \"fiscal_year\": null,","logger":"task.stdout"}
{"timestamp":"2026-09-01T13:40:15.507518Z","level":"info","event":"    \"forecasted_award_date\": null,","logger":"task.stdout"}
{"timestamp":"2026-09-01T13:40:15.510104Z","level":"info","event":"    \"forecasted_close_date\": null,","logger":"task.stdout"}
{"timestamp":"2026-09-01T13:40:15.511821Z","level":"info","event":"    \"forecasted_close_date_description\": null,","logger":"task.stdout"}
{"timestamp":"2026-09-01T13:40:15.514199Z","level":"info","event":"    \"forecasted_post_date\": null,","logger":"task.stdout"}
{"timestamp":"2026-09-01T13:40:15.516464Z","level":"info","event":"    \"forecasted_project_start_date\": null,","logger":"task.stdout"}
{"timestamp":"2026-09-01T13:40:15.518521Z","level":"info","event":"    \"funding_categories\": [","logger":"task.stdout"}
{"timestamp":"2026-09-01T13:40:15.520041Z","level":"info","event":"      \"science_technology_and_other_research_and_development\"","logger":"task.stdout"}
{"timestamp":"2026-09-01T13:40:15.522395Z","level":"info","event":"    ],","logger":"task.stdout"}
{"timestamp":"2026-09-01T13:40:15.523547Z","level":"info","event":"    \"funding_category_description\": null,","logger":"task.stdout"}
{"timestamp":"2026-09-01T13:40:15.525324Z","level":"info","event":"    \"funding_instruments\": [","logger":"task.stdout"}
{"timestamp":"2026-09-01T13:40:15.527485Z","level":"info","event":"      \"grant\"","logger":"task.stdout"}
{"timestamp":"2026-09-01T13:40:15.528778Z","level":"info","event":"    ],","logger":"task.stdout"}
{"timestamp":"2026-09-01T13:40:15.530121Z","level":"info","event":"    \"is_cost_sharing\": false,","logger":"task.stdout"}
{"timestamp":"2026-09-01T13:40:15.532795Z","level":"info","event":"    \"is_forecast\": false,","logger":"task.stdout"}
{"timestamp":"2026-09-01T13:40:15.535826Z","level":"info","event":"    \"post_date\": \"2026-08-31\",","logger":"task.stdout"}
{"timestamp":"2026-09-01T13:40:15.538415Z","level":"info","event":"    \"summary_description\": \"<p>The National Science Foundation (NSF) plays a prominent role in the improvement of undergraduate STEM education at the Nation&rsquo;s colleges and universities.&nbsp; Through the IUSE: Innovation in Two-Year College STEM Education (ITYC) program, the agency seeks to extend this effort by making an intentional investment in the country&rsquo;s two-year institutions of higher education, or two-year colleges. <strong>The twin goals of the ITYC program are to (1) center students in the effort to advance innovation and promote success in STEM education at two-year colleges, and (2) enhance the capacity of two-year colleges to harness the talent and potential of their student and faculty populations through innovative disciplinary, multi-department, and college-wide efforts. </strong>These goals will be achieved by investing in projects at two-year colleges that contribute to student success in STEM-based foundational courses and academic pathways for both majors and non-majors. Project activities may be in any discipline that is currently supported by NSF funding, which includes the social, behavioral, and economic sciences. Collectively, projects in the ITYC program will make progress towards ensuring that two-year college students and faculty have the resources to&nbsp; participate in and contribute to the broader STEM enterprise.</p>\\n<p>Aligned with the goals above, the ITYC program features two tracks: (1) <strong>A Focus on the Academic Experiences of Two-Year College Students </strong>and (2)<strong> Leveraging Two-Year College Strengths and Innovation.</strong> Each Track can support projects requesting up to $500,000 for a duration of up to three years.&nbsp; For institutions that have not received NSF funding in the past five years, an additional $100,000 may be added to the budget which may be used by the institution to support and carry out grant-funded activities over four years.&nbsp; This would result in a total maximum budget of $600,000 for a project over four years. &nbsp;&nbsp;Institutions that have been funded as part of a collaborative award with their own NSF Award Number are not eligible for this incentive, however, institutions that have had a subaward from another institution are eligible.</p>\\n<p>This program is open to two-year colleges, which includes the following institutions, as described by Carnegie Classifications:</p>\\n<ul>\\n<li>Associate&rsquo;s Colleges:&nbsp; Institutions at which the highest-level degree awarded is an associate degree.&nbsp; This may include transfer as well a career and technical oriented colleges.</li>\\n<li>Baccalaureate / Associate&rsquo;s Colleges:&nbsp; Institutions that award at least one baccalaureate degree but confer at least 50% of their degrees at the associate level.</li>\\n</ul>\\n<p>The ITYC program is aligned with NSF's Improving Undergraduate STEM Education (IUSE) framework, which is a comprehensive effort to accelerate improvements in the quality and effectiveness of undergraduate education in STEM fields.</p>\",","logger":"task.stdout"}
{"timestamp":"2026-09-01T13:40:15.540605Z","level":"info","event":"    \"updated_at\": \"2026-08-31T18:22:15+00:00\",","logger":"task.stdout"}
{"timestamp":"2026-09-01T13:40:15.541973Z","level":"info","event":"    \"version_number\": 1","logger":"task.stdout"}
{"timestamp":"2026-09-01T13:40:15.543145Z","level":"info","event":"  },","logger":"task.stdout"}
{"timestamp":"2026-09-01T13:40:15.544554Z","level":"info","event":"  \"tagline\": null,","logger":"task.stdout"}
{"timestamp":"2026-09-01T13:40:15.545577Z","level":"info","event":"  \"top_level_agency_code\": \"NSF\",","logger":"task.stdout"}
{"timestamp":"2026-09-01T13:40:15.546702Z","level":"info","event":"  \"top_level_agency_name\": \"U.S. National Science Foundation\"","logger":"task.stdout"}
{"timestamp":"2026-09-01T13:40:15.547714Z","level":"info","event":"}","logger":"task.stdout"}
{"timestamp":"2026-09-01T13:40:15.548674Z","level":"info","event":"","logger":"task.stdout"}
{"timestamp":"2026-09-01T13:40:15.572207Z","level":"info","event":"================================================================================","logger":"task.stdout"}
{"timestamp":"2026-09-01T13:40:15.573623Z","level":"info","event":"OPPORTUNITY 16 of 21","logger":"task.stdout"}
{"timestamp":"2026-09-01T13:40:15.575119Z","level":"info","event":"================================================================================","logger":"task.stdout"}
{"timestamp":"2026-09-01T13:40:15.576296Z","level":"info","event":"{","logger":"task.stdout"}
{"timestamp":"2026-09-01T13:40:15.577347Z","level":"info","event":"  \"agency\": \"NASA-HQ\",","logger":"task.stdout"}
{"timestamp":"2026-09-01T13:40:15.578598Z","level":"info","event":"  \"agency_code\": \"NASA-HQ\",","logger":"task.stdout"}
{"timestamp":"2026-09-01T13:40:15.579883Z","level":"info","event":"  \"agency_name\": \"NASA Headquarters\",","logger":"task.stdout"}
{"timestamp":"2026-09-01T13:40:15.580925Z","level":"info","event":"  \"category\": \"discretionary\",","logger":"task.stdout"}
{"timestamp":"2026-09-01T13:40:15.582147Z","level":"info","event":"  \"category_explanation\": null,","logger":"task.stdout"}
{"timestamp":"2026-09-01T13:40:15.583252Z","level":"info","event":"  \"legacy_opportunity_id\": 363747,","logger":"task.stdout"}
{"timestamp":"2026-09-01T13:40:15.584243Z","level":"info","event":"  \"opportunity_assistance_listings\": [","logger":"task.stdout"}
{"timestamp":"2026-09-01T13:40:15.585518Z","level":"info","event":"    {","logger":"task.stdout"}
{"timestamp":"2026-09-01T13:40:15.586469Z","level":"info","event":"      \"assistance_listing_number\": \"43.001\",","logger":"task.stdout"}
{"timestamp":"2026-09-01T13:40:15.587347Z","level":"info","event":"      \"program_title\": \"Science\"","logger":"task.stdout"}
{"timestamp":"2026-09-01T13:40:15.588103Z","level":"info","event":"    }","logger":"task.stdout"}
{"timestamp":"2026-09-01T13:40:15.589136Z","level":"info","event":"  ],","logger":"task.stdout"}
{"timestamp":"2026-09-01T13:40:15.590247Z","level":"info","event":"  \"opportunity_id\": \"fb11f302-7bf9-4c01-8ec7-43032bee386a\",","logger":"task.stdout"}
{"timestamp":"2026-09-01T13:40:15.591306Z","level":"info","event":"  \"opportunity_number\": \"NNH25ZDA001N-TCAN\",","logger":"task.stdout"}
{"timestamp":"2026-09-01T13:40:15.592289Z","level":"info","event":"  \"opportunity_status\": \"posted\",","logger":"task.stdout"}
{"timestamp":"2026-09-01T13:40:15.593251Z","level":"info","event":"  \"opportunity_title\": \"ROSES 2025: D.4 Theoretical and Computational Astrophysics Networks\",","logger":"task.stdout"}
{"timestamp":"2026-09-01T13:40:15.594188Z","level":"info","event":"  \"purpose_statement\": null,","logger":"task.stdout"}
{"timestamp":"2026-09-01T13:40:15.595302Z","level":"info","event":"  \"summary\": {","logger":"task.stdout"}
{"timestamp":"2026-09-01T13:40:15.596826Z","level":"info","event":"    \"additional_info_url\": \"https://solicitation.nasaprs.com/NNH25ZDA001N-TCAN\",","logger":"task.stdout"}
{"timestamp":"2026-09-01T13:40:15.597900Z","level":"info","event":"    \"additional_info_url_description\": \"Click on the following link to see the full text of the announcement for this funding opportunity.\",","logger":"task.stdout"}
{"timestamp":"2026-09-01T13:40:15.599099Z","level":"info","event":"    \"agency_contact_description\": \"Sanaz Vahidinia\\r\\nAstrophysics Division\\r\\nScience Mission Directorate\\r\\nNASA Headquarters\\r\\nWashington, DC 20546-0001\\r\\nTelephone: (202) 510-1982\\r\\nEmail: Sanaz.Vahidinia@nasa.gov\",","logger":"task.stdout"}
{"timestamp":"2026-09-01T13:40:15.603129Z","level":"info","event":"    \"agency_email_address\": \"Sanaz.Vahidinia@nasa.gov\",","logger":"task.stdout"}
{"timestamp":"2026-09-01T13:40:15.604731Z","level":"info","event":"    \"agency_email_address_description\": \"Direct questions about this funding announcement to:\",","logger":"task.stdout"}
{"timestamp":"2026-09-01T13:40:15.605901Z","level":"info","event":"    \"applicant_eligibility_description\": \"Proposers must be affiliated with an institution at nspires.nasaprs.com/ and, in general, NASA provides funding only to U.S. institutions. Organizations outside the U.S. that propose on the basis of a policy of no-exchange-of-funds; consult the NASA Grant and Cooperative Agreement Manual (GCAM) (https://www.nasa.gov/grants-policy-and-compliance-team/#Regulations) for specific details. Some NRAs may be issued jointly with a non-U.S. organization, e.g., those concerning guest observing programs for jointly sponsored space science programs, that will contain additional special guidelines for non-U.S. participants. Also reference the GCAM for special instructions for proposals from non-U.S. organizations that involve U.S. personnel for whom NASA support is requested.\",","logger":"task.stdout"}
{"timestamp":"2026-09-01T13:40:15.607131Z","level":"info","event":"    \"applicant_types\": [","logger":"task.stdout"}
{"timestamp":"2026-09-01T13:40:15.608329Z","level":"info","event":"      \"other\"","logger":"task.stdout"}
{"timestamp":"2026-09-01T13:40:15.609900Z","level":"info","event":"    ],","logger":"task.stdout"}
{"timestamp":"2026-09-01T13:40:15.611051Z","level":"info","event":"    \"archive_date\": \"2027-01-02\",","logger":"task.stdout"}
{"timestamp":"2026-09-01T13:40:15.612105Z","level":"info","event":"    \"award_ceiling\": null,","logger":"task.stdout"}
{"timestamp":"2026-09-01T13:40:15.613160Z","level":"info","event":"    \"award_floor\": null,","logger":"task.stdout"}
{"timestamp":"2026-09-01T13:40:15.614231Z","level":"info","event":"    \"close_date\": \"2026-12-03\",","logger":"task.stdout"}
{"timestamp":"2026-09-01T13:40:15.615823Z","level":"info","event":"    \"close_date_description\": \"\",","logger":"task.stdout"}
{"timestamp":"2026-09-01T13:40:15.617079Z","level":"info","event":"    \"created_at\": \"2026-08-31T13:44:28+00:00\",","logger":"task.stdout"}
{"timestamp":"2026-09-01T13:40:15.618426Z","level":"info","event":"    \"estimated_total_program_funding\": null,","logger":"task.stdout"}
{"timestamp":"2026-09-01T13:40:15.619378Z","level":"info","event":"    \"expected_number_of_awards\": null,","logger":"task.stdout"}
{"timestamp":"2026-09-01T13:40:15.620612Z","level":"info","event":"    \"fiscal_year\": null,","logger":"task.stdout"}
{"timestamp":"2026-09-01T13:40:15.621764Z","level":"info","event":"    \"forecasted_award_date\": null,","logger":"task.stdout"}
{"timestamp":"2026-09-01T13:40:15.622739Z","level":"info","event":"    \"forecasted_close_date\": null,","logger":"task.stdout"}
{"timestamp":"2026-09-01T13:40:15.623891Z","level":"info","event":"    \"forecasted_close_date_description\": null,","logger":"task.stdout"}
{"timestamp":"2026-09-01T13:40:15.624832Z","level":"info","event":"    \"forecasted_post_date\": null,","logger":"task.stdout"}
{"timestamp":"2026-09-01T13:40:15.625617Z","level":"info","event":"    \"forecasted_project_start_date\": null,","logger":"task.stdout"}
{"timestamp":"2026-09-01T13:40:15.626422Z","level":"info","event":"    \"funding_categories\": [","logger":"task.stdout"}
{"timestamp":"2026-09-01T13:40:15.627342Z","level":"info","event":"      \"science_technology_and_other_research_and_development\"","logger":"task.stdout"}
{"timestamp":"2026-09-01T13:40:15.628476Z","level":"info","event":"    ],","logger":"task.stdout"}
{"timestamp":"2026-09-01T13:40:15.629619Z","level":"info","event":"    \"funding_category_description\": null,","logger":"task.stdout"}
{"timestamp":"2026-09-01T13:40:15.630778Z","level":"info","event":"    \"funding_instruments\": [","logger":"task.stdout"}
{"timestamp":"2026-09-01T13:40:15.632166Z","level":"info","event":"      \"cooperative_agreement\",","logger":"task.stdout"}
{"timestamp":"2026-09-01T13:40:15.633418Z","level":"info","event":"      \"grant\"","logger":"task.stdout"}
{"timestamp":"2026-09-01T13:40:15.635249Z","level":"info","event":"    ],","logger":"task.stdout"}
{"timestamp":"2026-09-01T13:40:15.636523Z","level":"info","event":"    \"is_cost_sharing\": false,","logger":"task.stdout"}
{"timestamp":"2026-09-01T13:40:15.637482Z","level":"info","event":"    \"is_forecast\": false,","logger":"task.stdout"}
{"timestamp":"2026-09-01T13:40:15.638506Z","level":"info","event":"    \"post_date\": \"2026-08-31\",","logger":"task.stdout"}
{"timestamp":"2026-09-01T13:40:15.639900Z","level":"info","event":"    \"summary_description\": \"<p><span style=\\\"color: red;\\\">PLEASE NOTE: this program has MANDATORY Notices of Intent, which are due via NSPIRES by </span><strong style=\\\"color: red;\\\"><u>October 15, 2026</u></strong><span style=\\\"color: red;\\\">. See the full posting on NSPIRES for details.</span></p> <p><br></p> <p><br></p> <p><strong>NOTICE: Amended August 31, 2026. This amendment releases the final text for this program element, which was previously TBD. Mandatory NOIs are due October 15, 2026, and proposals are due December 3, 2026. There are several major changes since the prior (2022) opportunity, so proposers please read carefully. This program will evaluate proposals using an enhanced dual-anonymous peer review, see Section 5 and the associated \\\"Guidelines for Proposers to ROSES DAPR Programs\\\" document under \\\"Other Documents\\\" on the right side of this NSPIRES page. </strong></p> <p><br></p> <p><br></p> <p><span style=\\\"color: black;\\\">This synopsis is a generic summary that is posted for each of the many individual \\\"program elements\\\" in NASA\\u2019s Research Opportunities in Space and Earth Sciences (ROSES) \\u2013 2025 solicitation. For specific information on this particular program element download and read the PDF of the text of this program element by going to Tables&nbsp;</span><a href=\\\"https://solicitation.nasaprs.com/ROSES2025table2\\\" target=\\\"_blank\\\">2</a><span style=\\\"color: black;\\\">&nbsp;or&nbsp;</span><a href=\\\"https://solicitation.nasaprs.com/ROSES2025table3\\\" target=\\\"_blank\\\">3</a><span style=\\\"color: black;\\\">&nbsp;of ROSES at&nbsp;</span><a href=\\\"https://solicitation.nasaprs.com/ROSES2025table2\\\" target=\\\"_blank\\\">https://solicitation.nasaprs.com/ROSES2025table2</a></p> <p><span style=\\\"color: black;\\\">and&nbsp;</span><a href=\\\"https://solicitation.nasaprs.com/ROSES2025table3\\\" target=\\\"_blank\\\">https://solicitation.nasaprs.com/ROSES2025table3</a><span style=\\\"color: black;\\\">, respectively, click the title of the program element of interest, a hypertext link will take you to a page for that particular program element. On that page, on the right side under \\\"Announcement Documents\\\" the link on the bottom will be to the PDF of the text of the call for proposals. For example, if one were interested in&nbsp;the Solar System Science program (NNH25ZDA001N-SCUBED) one would follow&nbsp;</span><a href=\\\"https://nspires.nasaprs.com/external/solicitations/summary.do?solId=%7bC92A28D2-9E30-4149-24B7-8A40ED4F564B%7d&amp;path=&amp;method=init\\\" target=\\\"_blank\\\">the link to the NSPIRES page for that program element</a><span style=\\\"color: black;\\\">&nbsp;and then to read the text of the call one would click on&nbsp;\\u201cC.2 Solar System Science (.pdf)\\u201d</span><span style=\\\"color: purple;\\\">&nbsp;</span><span style=\\\"color: black;\\\">to download the text of the call. If one wanted to set it into the context of the goals, objectives and know the default rules for all elements within Appendix C, the planetary science division, one might download and read&nbsp;\\u201c</span><a href=\\\"https://nspires.nasaprs.com/external/viewrepositorydocument?cmdocumentid=1036500&amp;solicitationId=%7bC92A28D2-9E30-4149-24B7-8A40ED4F564B%7d&amp;viewSolicitationDocument=1\\\" target=\\\"_blank\\\">C.1 Planetary Science Research Program Overview (.pdf)</a><span style=\\\"color: black;\\\">\\u201d from that same page.</span>&nbsp;<span style=\\\"color: black;\\\">While the letters and numbers are different for each element within ROSES (A.10, B.3, etc.) the basic configuration is always the same, e.g., the letter indicates the Science Division (A is Earth Science, B is Heliophysics etc.) and whatever the letter, #1 is always the division overview.&nbsp;In 2025, </span>most program elements will be set up for application via Grants.gov only if requested at least 30 days in advance of the due date. For more on Grants.gov submissions see Section IV(b)v of the ROSES Summary of Solicitation, that may be found at <a href=\\\"https://solicitation.nasaprs.com/ROSES2025\\\" target=\\\"_blank\\\">https://solicitation.nasaprs.com/ROSES2025</a>.</p> <p><span style=\\\"color: black;\\\">&nbsp;</span></p> <p><span style=\\\"color: black;\\\">The National Aeronautics and Space Administration (NASA) Science Mission Directorate (SMD) released its annual omnibus Research Announcement (NRA), Research Opportunities in Space and Earth Sciences (ROSES) \\u2013 2025 (OMB Approval Number 2700-0092, CFDA Number 43.001) on February 21, 2025. In this case \\\"omnibus\\\" means that this NRA has many individual program elements, each with its own due dates and topics. All together these cover the wide range of basic and applied supporting research and technology supported by SMD. </span>Awards will be made as grants, cooperative agreements, or contracts depending on the nature of the work proposed. However, most extramural research awards deriving from ROSES will be grants, and many program elements of ROSES specifically exclude contracts, because contracts would not be appropriate for the nature of the work solicited. Funded Co-Is at government labs will receive inter- or intra-agency transfers<span style=\\\"color: black;\\\">. The typical period of performance for an award is three years, but some programs may allow up to five years and others specify shorter periods. In most cases, organizations of every type, Government and private, for profit and not-for-profit, domestic and foreign (with some caveats), may submit proposals without restriction on teaming arrangements. Tables listing the program elements and due dates (Tables&nbsp;</span><a href=\\\"https://solicitation.nasaprs.com/ROSES2025table2\\\" target=\\\"_blank\\\">2</a><span style=\\\"color: black;\\\">&nbsp;and&nbsp;</span><a href=\\\"https://solicitation.nasaprs.com/ROSES2025table3\\\" target=\\\"_blank\\\">3</a><span style=\\\"color: black;\\\">), a table that provides a very top level summary of proposal contents (</span><a href=\\\"https://nspires.nasaprs.com/external/viewrepositorydocument?cmdocumentid=1041499&amp;solicitationId=%7b2A1D139B-B9C7-CE8C-2E81-223FD08460F9%7d&amp;viewSolicitationDocument=1\\\" target=\\\"_blank\\\">Table 1</a><span style=\\\"color: black;\\\">), and the full text of the ROSES-2025 \\\"Summary of Solicitation\\\", may all be found NSPIRES at&nbsp;</span><a href=\\\"https://solicitation.nasaprs.com/ROSES2025\\\" target=\\\"_blank\\\">https://solicitation.nasaprs.com/ROSES2025</a><span style=\\\"color: black;\\\">.</span></p> <p><span style=\\\"color: black;\\\">&nbsp;</span></p> <p><span style=\\\"color: black;\\\">Frequently asked questions for ROSES are posted at&nbsp;</span><a href=\\\"http://science.nasa.gov/researchers/sara/faqs/\\\" target=\\\"_blank\\\">http://science.nasa.gov/researchers/sara/faqs</a><span style=\\\"color: black;\\\">. Questions concerning specific program elements should be directed to the point(s) of contact for that particular element, who may be found either at the end of the individual program element in the summary table of key information or on the web list of topics and points of contact at:&nbsp;</span><a href=\\\"http://science.nasa.gov/researchers/sara/program-officers-list/\\\" target=\\\"_blank\\\">http://science.nasa.gov/researchers/sara/program-officers-list</a><span style=\\\"color: black;\\\">. </span>General questions concerning ROSES-2025 may be directed to the office of the SMD Deputy Associate Administrator for Research at <a target=\\\"_blank\\\" style=\\\"color: rgb(0, 0, 239);\\\">sara@nasa.gov</a>.</p> <p><span style=\\\"color: black;\\\">&nbsp;</span></p> <p><span style=\\\"color: black;\\\">Not all program elements are known at the time of the release of ROSES. To be informed of new program elements or amendments to this NRA, proposers may subscribe to: (1) The SMD mailing lists (by logging in at&nbsp;</span><a href=\\\"https://urldefense.proofpoint.com/v2/url?u=http-3A__nspires.nasaprs.com_&amp;d=DwMGaQ&amp;c=ApwzowJNAKKw3xye91w7BE1XMRKi2LN9kiMk5Csz9Zk&amp;r=2ixpkCCnNce056JoBL-BGFZPDe7JBWz4wpylXLQCS6s&amp;m=50Vi0oUMclJgXKW1hUTR82Av51i56o31RG3n3UC9Cqg&amp;s=U9bsGUTHAvBTDjSAoG5nnw63Lc9engudohcIe4r-h8U&amp;e=\\\" target=\\\"_blank\\\">http://nspires.nasaprs.com</a><span style=\\\"color: black;\\\"> and checking the appropriate boxes under \\\"Account Management\\\" and \\\"Email Subscriptions\\\"), (2) The ROSES-2025 blog feed for amendments, clarifications, and corrections to at&nbsp;</span><a href=\\\"https://science.nasa.gov/researchers/solicitations/roses-2025/\\\" target=\\\"_blank\\\">https://science.nasa.gov/researchers/solicitations/roses-2025/</a>,<span style=\\\"color: black;\\\"> and (3) The ROSES-2025 due date Google calendars (one for each science division). Instructions are at&nbsp;</span><a href=\\\"https://science.nasa.gov/researchers/sara/library-and-useful-links\\\" target=\\\"_blank\\\">https://science.nasa.gov/researchers/sara/library-and-useful-links</a><span style=\\\"color: black;\\\">&nbsp;(link from the words due date calendar).&nbsp;</span></p>\",","logger":"task.stdout"}
{"timestamp":"2026-09-01T13:40:15.641591Z","level":"info","event":"    \"updated_at\": \"2026-08-31T15:48:48+00:00\",","logger":"task.stdout"}
{"timestamp":"2026-09-01T13:40:15.642586Z","level":"info","event":"    \"version_number\": 2","logger":"task.stdout"}
{"timestamp":"2026-09-01T13:40:15.643735Z","level":"info","event":"  },","logger":"task.stdout"}
{"timestamp":"2026-09-01T13:40:15.644783Z","level":"info","event":"  \"tagline\": null,","logger":"task.stdout"}
{"timestamp":"2026-09-01T13:40:15.646373Z","level":"info","event":"  \"top_level_agency_code\": \"NASA\",","logger":"task.stdout"}
{"timestamp":"2026-09-01T13:40:15.647433Z","level":"info","event":"  \"top_level_agency_name\": \"National Aeronautics and Space Administration\"","logger":"task.stdout"}
{"timestamp":"2026-09-01T13:40:15.648468Z","level":"info","event":"}","logger":"task.stdout"}
{"timestamp":"2026-09-01T13:40:15.649569Z","level":"info","event":"","logger":"task.stdout"}
{"timestamp":"2026-09-01T13:40:15.650824Z","level":"info","event":"================================================================================","logger":"task.stdout"}
{"timestamp":"2026-09-01T13:40:15.651767Z","level":"info","event":"OPPORTUNITY 17 of 21","logger":"task.stdout"}
{"timestamp":"2026-09-01T13:40:15.652748Z","level":"info","event":"================================================================================","logger":"task.stdout"}
{"timestamp":"2026-09-01T13:40:15.653827Z","level":"info","event":"{","logger":"task.stdout"}
{"timestamp":"2026-09-01T13:40:15.654874Z","level":"info","event":"  \"agency\": \"HHS-NIH11\",","logger":"task.stdout"}
{"timestamp":"2026-09-01T13:40:15.655917Z","level":"info","event":"  \"agency_code\": \"HHS-NIH11\",","logger":"task.stdout"}
{"timestamp":"2026-09-01T13:40:15.657345Z","level":"info","event":"  \"agency_name\": \"National Institutes of Health\",","logger":"task.stdout"}
{"timestamp":"2026-09-01T13:40:15.658403Z","level":"info","event":"  \"category\": \"discretionary\",","logger":"task.stdout"}
{"timestamp":"2026-09-01T13:40:15.659454Z","level":"info","event":"  \"category_explanation\": null,","logger":"task.stdout"}
{"timestamp":"2026-09-01T13:40:15.660896Z","level":"info","event":"  \"legacy_opportunity_id\": 360398,","logger":"task.stdout"}
{"timestamp":"2026-09-01T13:40:15.662550Z","level":"info","event":"  \"opportunity_assistance_listings\": [","logger":"task.stdout"}
{"timestamp":"2026-09-01T13:40:15.663654Z","level":"info","event":"    {","logger":"task.stdout"}
{"timestamp":"2026-09-01T13:40:15.664744Z","level":"info","event":"      \"assistance_listing_number\": \"93.853\",","logger":"task.stdout"}
{"timestamp":"2026-09-01T13:40:15.666186Z","level":"info","event":"      \"program_title\": \"Extramural Research Programs in the Neurosciences and Neurological Disorders\"","logger":"task.stdout"}
{"timestamp":"2026-09-01T13:40:15.667315Z","level":"info","event":"    },","logger":"task.stdout"}
{"timestamp":"2026-09-01T13:40:15.668274Z","level":"info","event":"    {","logger":"task.stdout"}
{"timestamp":"2026-09-01T13:40:15.669228Z","level":"info","event":"      \"assistance_listing_number\": \"93.372\",","logger":"task.stdout"}
{"timestamp":"2026-09-01T13:40:15.670211Z","level":"info","event":"      \"program_title\": \"21st Century Cures Act -\\tBrain Research through Advancing Innovative Neurotechnologies\"","logger":"task.stdout"}
{"timestamp":"2026-09-01T13:40:15.671336Z","level":"info","event":"    },","logger":"task.stdout"}
{"timestamp":"2026-09-01T13:40:15.672401Z","level":"info","event":"    {","logger":"task.stdout"}
{"timestamp":"2026-09-01T13:40:15.673535Z","level":"info","event":"      \"assistance_listing_number\": \"93.867\",","logger":"task.stdout"}
{"timestamp":"2026-09-01T13:40:15.674913Z","level":"info","event":"      \"program_title\": \"Vision Research\"","logger":"task.stdout"}
{"timestamp":"2026-09-01T13:40:15.676121Z","level":"info","event":"    },","logger":"task.stdout"}
{"timestamp":"2026-09-01T13:40:15.677284Z","level":"info","event":"    {","logger":"task.stdout"}
{"timestamp":"2026-09-01T13:40:15.678986Z","level":"info","event":"      \"assistance_listing_number\": \"93.173\",","logger":"task.stdout"}
{"timestamp":"2026-09-01T13:40:15.680189Z","level":"info","event":"      \"program_title\": \"Research Related to Deafness and Communication Disorders\"","logger":"task.stdout"}
{"timestamp":"2026-09-01T13:40:15.681682Z","level":"info","event":"    },","logger":"task.stdout"}
{"timestamp":"2026-09-01T13:40:15.682696Z","level":"info","event":"    {","logger":"task.stdout"}
{"timestamp":"2026-09-01T13:40:15.683699Z","level":"info","event":"      \"assistance_listing_number\": \"93.865\",","logger":"task.stdout"}
{"timestamp":"2026-09-01T13:40:15.684653Z","level":"info","event":"      \"program_title\": \"Child Health and Human Development Extramural Research\"","logger":"task.stdout"}
{"timestamp":"2026-09-01T13:40:15.685653Z","level":"info","event":"    },","logger":"task.stdout"}
{"timestamp":"2026-09-01T13:40:15.687259Z","level":"info","event":"    {","logger":"task.stdout"}
{"timestamp":"2026-09-01T13:40:15.688341Z","level":"info","event":"      \"assistance_listing_number\": \"93.242\",","logger":"task.stdout"}
{"timestamp":"2026-09-01T13:40:15.689721Z","level":"info","event":"      \"program_title\": \"Mental Health Research Grants\"","logger":"task.stdout"}
{"timestamp":"2026-09-01T13:40:15.691118Z","level":"info","event":"    },","logger":"task.stdout"}
{"timestamp":"2026-09-01T13:40:15.692615Z","level":"info","event":"    {","logger":"task.stdout"}
{"timestamp":"2026-09-01T13:40:15.693831Z","level":"info","event":"      \"assistance_listing_number\": \"93.286\",","logger":"task.stdout"}
{"timestamp":"2026-09-01T13:40:15.695060Z","level":"info","event":"      \"program_title\": \"Discovery and Applied Research for Technological Innovations to Improve Human Health\"","logger":"task.stdout"}
{"timestamp":"2026-09-01T13:40:15.696367Z","level":"info","event":"    },","logger":"task.stdout"}
{"timestamp":"2026-09-01T13:40:15.697382Z","level":"info","event":"    {","logger":"task.stdout"}
{"timestamp":"2026-09-01T13:40:15.698361Z","level":"info","event":"      \"assistance_listing_number\": \"93.273\",","logger":"task.stdout"}
{"timestamp":"2026-09-01T13:40:15.699695Z","level":"info","event":"      \"program_title\": \"Alcohol Research Programs\"","logger":"task.stdout"}
{"timestamp":"2026-09-01T13:40:15.700813Z","level":"info","event":"    },","logger":"task.stdout"}
{"timestamp":"2026-09-01T13:40:15.701918Z","level":"info","event":"    {","logger":"task.stdout"}
{"timestamp":"2026-09-01T13:40:15.703117Z","level":"info","event":"      \"assistance_listing_number\": \"93.279\",","logger":"task.stdout"}
{"timestamp":"2026-09-01T13:40:15.705567Z","level":"info","event":"      \"program_title\": \"Drug Use and Addiction Research Programs\"","logger":"task.stdout"}
{"timestamp":"2026-09-01T13:40:15.707360Z","level":"info","event":"    },","logger":"task.stdout"}
{"timestamp":"2026-09-01T13:40:15.708935Z","level":"info","event":"    {","logger":"task.stdout"}
{"timestamp":"2026-09-01T13:40:15.710058Z","level":"info","event":"      \"assistance_listing_number\": \"93.213\",","logger":"task.stdout"}
{"timestamp":"2026-09-01T13:40:15.711329Z","level":"info","event":"      \"program_title\": \"Research and Training in Complementary and Integrative Health\"","logger":"task.stdout"}
{"timestamp":"2026-09-01T13:40:15.713152Z","level":"info","event":"    },","logger":"task.stdout"}
{"timestamp":"2026-09-01T13:40:15.714189Z","level":"info","event":"    {","logger":"task.stdout"}
{"timestamp":"2026-09-01T13:40:15.715487Z","level":"info","event":"      \"assistance_listing_number\": \"93.866\",","logger":"task.stdout"}
{"timestamp":"2026-09-01T13:40:15.716674Z","level":"info","event":"      \"program_title\": \"Aging Research\"","logger":"task.stdout"}
{"timestamp":"2026-09-01T13:40:15.717959Z","level":"info","event":"    }","logger":"task.stdout"}
{"timestamp":"2026-09-01T13:40:15.719114Z","level":"info","event":"  ],","logger":"task.stdout"}
{"timestamp":"2026-09-01T13:40:15.720326Z","level":"info","event":"  \"opportunity_id\": \"ffe98704-96a8-4f41-a32b-49edd0409006\",","logger":"task.stdout"}
{"timestamp":"2026-09-01T13:40:15.722044Z","level":"info","event":"  \"opportunity_number\": \"RFA-NS-27-002\",","logger":"task.stdout"}
{"timestamp":"2026-09-01T13:40:15.723388Z","level":"info","event":"  \"opportunity_status\": \"posted\",","logger":"task.stdout"}
{"timestamp":"2026-09-01T13:40:15.724498Z","level":"info","event":"  \"opportunity_title\": \"BRAIN Initiative: Integrative Team-Research BRAIN Circuits Program - iBCP (RM1 Clinical Trial Not Allowed)\",","logger":"task.stdout"}
{"timestamp":"2026-09-01T13:40:15.725743Z","level":"info","event":"  \"purpose_statement\": null,","logger":"task.stdout"}
{"timestamp":"2026-09-01T13:40:15.727111Z","level":"info","event":"  \"summary\": {","logger":"task.stdout"}
{"timestamp":"2026-09-01T13:40:15.728570Z","level":"info","event":"    \"additional_info_url\": null,","logger":"task.stdout"}
{"timestamp":"2026-09-01T13:40:15.729796Z","level":"info","event":"    \"additional_info_url_description\": null,","logger":"task.stdout"}
{"timestamp":"2026-09-01T13:40:15.731092Z","level":"info","event":"    \"agency_contact_description\": \"National Institute of Neurological Disorders and Stroke (NINDS\\nBRAINCircuits@NIH.GOV\",","logger":"task.stdout"}
{"timestamp":"2026-09-01T13:40:15.732009Z","level":"info","event":"    \"agency_email_address\": \"BRAINCircuits@NIH.GOV\",","logger":"task.stdout"}
{"timestamp":"2026-09-01T13:40:15.733364Z","level":"info","event":"    \"agency_email_address_description\": \"BRAINCircuits@NIH.GOV\",","logger":"task.stdout"}
{"timestamp":"2026-09-01T13:40:15.735044Z","level":"info","event":"    \"applicant_eligibility_description\": \"Refer to Section III. Eligibility Information in the NOFO for additional information on eligibility.Foreign Organizations/Foreign CollaborationsNon-domestic (non-U.S.) Entities (Foreign Organizations) are not eligible to apply.Non-domestic (non-U.S.) components of U.S. Organizations are not eligible to apply.Foreign components, as defined in the NIH Grants Policy Statement, are allowed. NIH will no longer issue awards (i.e., new, renewal, or non-competing continuation) to domestic or foreign entities that involve foreign subawards/subcontracts. All NIH-funded research involving foreign subawards/subcontracts must be submitted in response to a NOFO that is specifically designated for funded international collaborations. See NIH Grants Policy Statement 16.8 Collaborative International Research Awards.Applications involving foreign subawards/subcontracts submitted in response to this NOFO will be deemed noncompliant and will not be considered for funding. This policy applies to all monetary international collaborations resulting in foreign subawards/subcontracts, however, it does not preclude unfunded international collaborations or foreign components, funding for foreign consultants, or procurement of unique equipment or supplies from foreign vendors.\",","logger":"task.stdout"}
{"timestamp":"2026-09-01T13:40:15.736642Z","level":"info","event":"    \"applicant_types\": [","logger":"task.stdout"}
{"timestamp":"2026-09-01T13:40:15.738450Z","level":"info","event":"      \"county_governments\",","logger":"task.stdout"}
{"timestamp":"2026-09-01T13:40:15.739834Z","level":"info","event":"      \"city_or_township_governments\",","logger":"task.stdout"}
{"timestamp":"2026-09-01T13:40:15.740763Z","level":"info","event":"      \"nonprofits_non_higher_education_without_501c3\",","logger":"task.stdout"}
{"timestamp":"2026-09-01T13:40:15.741836Z","level":"info","event":"      \"federally_recognized_native_american_tribal_governments\",","logger":"task.stdout"}
{"timestamp":"2026-09-01T13:40:15.743070Z","level":"info","event":"      \"public_and_indian_housing_authorities\",","logger":"task.stdout"}
{"timestamp":"2026-09-01T13:40:15.744082Z","level":"info","event":"      \"small_businesses\",","logger":"task.stdout"}
{"timestamp":"2026-09-01T13:40:15.745062Z","level":"info","event":"      \"other\",","logger":"task.stdout"}
{"timestamp":"2026-09-01T13:40:15.746512Z","level":"info","event":"      \"nonprofits_non_higher_education_with_501c3\",","logger":"task.stdout"}
{"timestamp":"2026-09-01T13:40:15.747653Z","level":"info","event":"      \"state_governments\",","logger":"task.stdout"}
{"timestamp":"2026-09-01T13:40:15.748834Z","level":"info","event":"      \"private_institutions_of_higher_education\",","logger":"task.stdout"}
{"timestamp":"2026-09-01T13:40:15.749906Z","level":"info","event":"      \"special_district_governments\",","logger":"task.stdout"}
{"timestamp":"2026-09-01T13:40:15.751206Z","level":"info","event":"      \"independent_school_districts\",","logger":"task.stdout"}
{"timestamp":"2026-09-01T13:40:15.752561Z","level":"info","event":"      \"other_native_american_tribal_organizations\",","logger":"task.stdout"}
{"timestamp":"2026-09-01T13:40:15.753858Z","level":"info","event":"      \"public_and_state_institutions_of_higher_education\",","logger":"task.stdout"}
{"timestamp":"2026-09-01T13:40:15.755129Z","level":"info","event":"      \"for_profit_organizations_other_than_small_businesses\"","logger":"task.stdout"}
{"timestamp":"2026-09-01T13:40:15.756416Z","level":"info","event":"    ],","logger":"task.stdout"}
{"timestamp":"2026-09-01T13:40:15.757489Z","level":"info","event":"    \"archive_date\": \"2028-08-22\",","logger":"task.stdout"}
{"timestamp":"2026-09-01T13:40:15.758771Z","level":"info","event":"    \"award_ceiling\": 8000000,","logger":"task.stdout"}
{"timestamp":"2026-09-01T13:40:15.760109Z","level":"info","event":"    \"award_floor\": null,","logger":"task.stdout"}
{"timestamp":"2026-09-01T13:40:15.761035Z","level":"info","event":"    \"close_date\": \"2028-06-23\",","logger":"task.stdout"}
{"timestamp":"2026-09-01T13:40:15.762400Z","level":"info","event":"    \"close_date_description\": null,","logger":"task.stdout"}
{"timestamp":"2026-09-01T13:40:15.763580Z","level":"info","event":"    \"created_at\": \"2026-08-31T16:27:02+00:00\",","logger":"task.stdout"}
{"timestamp":"2026-09-01T13:40:15.764910Z","level":"info","event":"    \"estimated_total_program_funding\": 1000000,","logger":"task.stdout"}
{"timestamp":"2026-09-01T13:40:15.766137Z","level":"info","event":"    \"expected_number_of_awards\": 5,","logger":"task.stdout"}
{"timestamp":"2026-09-01T13:40:15.767230Z","level":"info","event":"    \"fiscal_year\": null,","logger":"task.stdout"}
{"timestamp":"2026-09-01T13:40:15.768547Z","level":"info","event":"    \"forecasted_award_date\": null,","logger":"task.stdout"}
{"timestamp":"2026-09-01T13:40:15.769598Z","level":"info","event":"    \"forecasted_close_date\": null,","logger":"task.stdout"}
{"timestamp":"2026-09-01T13:40:15.770519Z","level":"info","event":"    \"forecasted_close_date_description\": null,","logger":"task.stdout"}
{"timestamp":"2026-09-01T13:40:15.771464Z","level":"info","event":"    \"forecasted_post_date\": null,","logger":"task.stdout"}
{"timestamp":"2026-09-01T13:40:15.772542Z","level":"info","event":"    \"forecasted_project_start_date\": null,","logger":"task.stdout"}
{"timestamp":"2026-09-01T13:40:15.773636Z","level":"info","event":"    \"funding_categories\": [","logger":"task.stdout"}
{"timestamp":"2026-09-01T13:40:15.774730Z","level":"info","event":"      \"health\"","logger":"task.stdout"}
{"timestamp":"2026-09-01T13:40:15.775891Z","level":"info","event":"    ],","logger":"task.stdout"}
{"timestamp":"2026-09-01T13:40:15.776894Z","level":"info","event":"    \"funding_category_description\": null,","logger":"task.stdout"}
{"timestamp":"2026-09-01T13:40:15.778180Z","level":"info","event":"    \"funding_instruments\": [","logger":"task.stdout"}
{"timestamp":"2026-09-01T13:40:15.779381Z","level":"info","event":"      \"grant\"","logger":"task.stdout"}
{"timestamp":"2026-09-01T13:40:15.780738Z","level":"info","event":"    ],","logger":"task.stdout"}
{"timestamp":"2026-09-01T13:40:15.782086Z","level":"info","event":"    \"is_cost_sharing\": false,","logger":"task.stdout"}
{"timestamp":"2026-09-01T13:40:15.783108Z","level":"info","event":"    \"is_forecast\": false,","logger":"task.stdout"}
{"timestamp":"2026-09-01T13:40:15.784254Z","level":"info","event":"    \"post_date\": \"2026-08-31\",","logger":"task.stdout"}
{"timestamp":"2026-09-01T13:40:15.785332Z","level":"info","event":"    \"summary_description\": \"This Notice of Funding Opportunity (NOFO) supports transdisciplinary research teams seeking to develop mechanistic, biologically grounded explanations of how neural circuits and their cellular building blocks give rise to central nervous system (CNS) function. Teams must integrate expertise spanning molecular and cellular through systems neuroscience, with strong collaboration between experimental and computational investigators, to bridge cells, circuits, and behavior in a unified framework that yields mechanistic insight.Applications must explicitly connect three core elements: (1) characterization of circuit components (e.g., cell types and/or connectivity); (2) measurement of dynamic circuit activity, incorporating in vivo CNS recordings at cellular and sub-second temporal resolution; and (3) analyses of a tractable behavior or functional output.To address this significant challenge in neuroscience, proposed studies are expected to leverage innovative conceptual or theoretical frameworks, predictive models, and/or cutting-edge approaches that unify these three levels of analysis and bridge experimental and computational components.Recipients are expected to participate in BRAIN consortia activities to identify standards of practice towards multi-level integration.\",","logger":"task.stdout"}
{"timestamp":"2026-09-01T13:40:15.786496Z","level":"info","event":"    \"updated_at\": \"2026-08-31T16:27:02+00:00\",","logger":"task.stdout"}
{"timestamp":"2026-09-01T13:40:15.787553Z","level":"info","event":"    \"version_number\": 1","logger":"task.stdout"}
{"timestamp":"2026-09-01T13:40:15.788428Z","level":"info","event":"  },","logger":"task.stdout"}
{"timestamp":"2026-09-01T13:40:15.789224Z","level":"info","event":"  \"tagline\": null,","logger":"task.stdout"}
{"timestamp":"2026-09-01T13:40:15.789983Z","level":"info","event":"  \"top_level_agency_code\": \"HHS\",","logger":"task.stdout"}
{"timestamp":"2026-09-01T13:40:15.790772Z","level":"info","event":"  \"top_level_agency_name\": \"Department of Health and Human Services\"","logger":"task.stdout"}
{"timestamp":"2026-09-01T13:40:15.791585Z","level":"info","event":"}","logger":"task.stdout"}
{"timestamp":"2026-09-01T13:40:15.792549Z","level":"info","event":"","logger":"task.stdout"}
{"timestamp":"2026-09-01T13:40:15.793469Z","level":"info","event":"================================================================================","logger":"task.stdout"}
{"timestamp":"2026-09-01T13:40:15.794665Z","level":"info","event":"OPPORTUNITY 18 of 21","logger":"task.stdout"}
{"timestamp":"2026-09-01T13:40:15.795893Z","level":"info","event":"================================================================================","logger":"task.stdout"}
{"timestamp":"2026-09-01T13:40:15.797003Z","level":"info","event":"{","logger":"task.stdout"}
{"timestamp":"2026-09-01T13:40:15.798269Z","level":"info","event":"  \"agency\": \"DOS-SAU\",","logger":"task.stdout"}
{"timestamp":"2026-09-01T13:40:15.799647Z","level":"info","event":"  \"agency_code\": \"DOS-SAU\",","logger":"task.stdout"}
{"timestamp":"2026-09-01T13:40:15.801185Z","level":"info","event":"  \"agency_name\": \"U.S. Mission to Saudi Arabia\",","logger":"task.stdout"}
{"timestamp":"2026-09-01T13:40:15.802468Z","level":"info","event":"  \"category\": \"discretionary\",","logger":"task.stdout"}
{"timestamp":"2026-09-01T13:40:15.803779Z","level":"info","event":"  \"category_explanation\": null,","logger":"task.stdout"}
{"timestamp":"2026-09-01T13:40:15.804995Z","level":"info","event":"  \"legacy_opportunity_id\": 363744,","logger":"task.stdout"}
{"timestamp":"2026-09-01T13:40:15.806123Z","level":"info","event":"  \"opportunity_assistance_listings\": [","logger":"task.stdout"}
{"timestamp":"2026-09-01T13:40:15.807330Z","level":"info","event":"    {","logger":"task.stdout"}
{"timestamp":"2026-09-01T13:40:15.808647Z","level":"info","event":"      \"assistance_listing_number\": \"19.040\",","logger":"task.stdout"}
{"timestamp":"2026-09-01T13:40:15.810440Z","level":"info","event":"      \"program_title\": \"Public Diplomacy Programs\"","logger":"task.stdout"}
{"timestamp":"2026-09-01T13:40:15.811903Z","level":"info","event":"    }","logger":"task.stdout"}
{"timestamp":"2026-09-01T13:40:15.813366Z","level":"info","event":"  ],","logger":"task.stdout"}
{"timestamp":"2026-09-01T13:40:15.814532Z","level":"info","event":"  \"opportunity_id\": \"53cfdc5b-580d-4d79-92a7-75a3cf7a9a39\",","logger":"task.stdout"}
{"timestamp":"2026-09-01T13:40:15.815665Z","level":"info","event":"  \"opportunity_number\": \"DOS-SAU-2605-PD\",","logger":"task.stdout"}
{"timestamp":"2026-09-01T13:40:15.816651Z","level":"info","event":"  \"opportunity_status\": \"posted\",","logger":"task.stdout"}
{"timestamp":"2026-09-01T13:40:15.818005Z","level":"info","event":"  \"opportunity_title\": \"U.S-Saudi AI Research Commercialization Accelerator Program (ReCAP)\",","logger":"task.stdout"}
{"timestamp":"2026-09-01T13:40:15.818973Z","level":"info","event":"  \"purpose_statement\": null,","logger":"task.stdout"}
{"timestamp":"2026-09-01T13:40:15.820588Z","level":"info","event":"  \"summary\": {","logger":"task.stdout"}
{"timestamp":"2026-09-01T13:40:15.821717Z","level":"info","event":"    \"additional_info_url\": null,","logger":"task.stdout"}
{"timestamp":"2026-09-01T13:40:15.822725Z","level":"info","event":"    \"additional_info_url_description\": null,","logger":"task.stdout"}
{"timestamp":"2026-09-01T13:40:15.823696Z","level":"info","event":"    \"agency_contact_description\": \"Public Diplomacy Section\\r\\nU.S. Embassy, Riyadh\\r\\nPhone 00966118354000\",","logger":"task.stdout"}
{"timestamp":"2026-09-01T13:40:15.825391Z","level":"info","event":"    \"agency_email_address\": \"RiyadhGrants@state.gov\",","logger":"task.stdout"}
{"timestamp":"2026-09-01T13:40:15.826809Z","level":"info","event":"    \"agency_email_address_description\": \"For Inquiries\",","logger":"task.stdout"}
{"timestamp":"2026-09-01T13:40:15.828057Z","level":"info","event":"    \"applicant_eligibility_description\": \"\\u25cf\\tNot-for-profit organizations, including civil society/non-governmental organizations \\u25cf\\tPublic and private educational institutions\\u25cf\\tPublic International Organizations and Governmental institutions\",","logger":"task.stdout"}
{"timestamp":"2026-09-01T13:40:15.830062Z","level":"info","event":"    \"applicant_types\": [","logger":"task.stdout"}
{"timestamp":"2026-09-01T13:40:15.831139Z","level":"info","event":"      \"other\"","logger":"task.stdout"}
{"timestamp":"2026-09-01T13:40:15.832145Z","level":"info","event":"    ],","logger":"task.stdout"}
{"timestamp":"2026-09-01T13:40:15.833168Z","level":"info","event":"    \"archive_date\": \"2026-10-14\",","logger":"task.stdout"}
{"timestamp":"2026-09-01T13:40:15.834070Z","level":"info","event":"    \"award_ceiling\": 900000,","logger":"task.stdout"}
{"timestamp":"2026-09-01T13:40:15.835374Z","level":"info","event":"    \"award_floor\": 600000,","logger":"task.stdout"}
{"timestamp":"2026-09-01T13:40:15.836553Z","level":"info","event":"    \"close_date\": \"2026-09-14\",","logger":"task.stdout"}
{"timestamp":"2026-09-01T13:40:15.837531Z","level":"info","event":"    \"close_date_description\": \"\",","logger":"task.stdout"}
{"timestamp":"2026-09-01T13:40:15.838993Z","level":"info","event":"    \"created_at\": \"2026-08-31T12:47:27+00:00\",","logger":"task.stdout"}
{"timestamp":"2026-09-01T13:40:15.839994Z","level":"info","event":"    \"estimated_total_program_funding\": null,","logger":"task.stdout"}
{"timestamp":"2026-09-01T13:40:15.841206Z","level":"info","event":"    \"expected_number_of_awards\": 1,","logger":"task.stdout"}
{"timestamp":"2026-09-01T13:40:15.842407Z","level":"info","event":"    \"fiscal_year\": null,","logger":"task.stdout"}
{"timestamp":"2026-09-01T13:40:15.843530Z","level":"info","event":"    \"forecasted_award_date\": null,","logger":"task.stdout"}
{"timestamp":"2026-09-01T13:40:15.844523Z","level":"info","event":"    \"forecasted_close_date\": null,","logger":"task.stdout"}
{"timestamp":"2026-09-01T13:40:15.845592Z","level":"info","event":"    \"forecasted_close_date_description\": null,","logger":"task.stdout"}
{"timestamp":"2026-09-01T13:40:15.846637Z","level":"info","event":"    \"forecasted_post_date\": null,","logger":"task.stdout"}
{"timestamp":"2026-09-01T13:40:15.847659Z","level":"info","event":"    \"forecasted_project_start_date\": null,","logger":"task.stdout"}
{"timestamp":"2026-09-01T13:40:15.848725Z","level":"info","event":"    \"funding_categories\": [","logger":"task.stdout"}
{"timestamp":"2026-09-01T13:40:15.849996Z","level":"info","event":"      \"other\"","logger":"task.stdout"}
{"timestamp":"2026-09-01T13:40:15.851042Z","level":"info","event":"    ],","logger":"task.stdout"}
{"timestamp":"2026-09-01T13:40:15.852627Z","level":"info","event":"    \"funding_category_description\": \"Public Diplomacy\",","logger":"task.stdout"}
{"timestamp":"2026-09-01T13:40:15.853631Z","level":"info","event":"    \"funding_instruments\": [","logger":"task.stdout"}
{"timestamp":"2026-09-01T13:40:15.854566Z","level":"info","event":"      \"cooperative_agreement\"","logger":"task.stdout"}
{"timestamp":"2026-09-01T13:40:15.857185Z","level":"info","event":"    ],","logger":"task.stdout"}
{"timestamp":"2026-09-01T13:40:15.858522Z","level":"info","event":"    \"is_cost_sharing\": false,","logger":"task.stdout"}
{"timestamp":"2026-09-01T13:40:15.860069Z","level":"info","event":"    \"is_forecast\": false,","logger":"task.stdout"}
{"timestamp":"2026-09-01T13:40:15.861840Z","level":"info","event":"    \"post_date\": \"2026-08-31\",","logger":"task.stdout"}
{"timestamp":"2026-09-01T13:40:15.863040Z","level":"info","event":"    \"summary_description\": \"<p><span style=\\\"color: black;\\\">The U.S. Embassy Riyadh Public Diplomacy Section announces an open competition for organizations to design and implement the U.S.\\u2013Saudi AI Research Commercialization Accelerator (ReCAP), a 12-month initiative connecting Saudi Arabia's expanding artificial intelligence innovation ecosystem with the United States' world-leading technology, investment, and commercialization ecosystem. The program will source and evaluate 20\\u201330 Saudi-developed AI technologies, advance approximately 10 of the most promising through applied, U.S.-led commercialization programming and Innovation Labs, connect participants to the American AI ecosystem through an intensive U.S. study tour, and culminate in a high-level U.S.\\u2013Saudi AI Research Commercialization Summit. The program advances U.S. foreign policy priorities by positioning the United States as Saudi Arabia's preferred partner for AI innovation and commercialization, strengthening durable relationships between Saudi innovators and American technology, investment, and commercialization networks.</span></p>\",","logger":"task.stdout"}
{"timestamp":"2026-09-01T13:40:15.865185Z","level":"info","event":"    \"updated_at\": \"2026-08-31T12:48:18+00:00\",","logger":"task.stdout"}
{"timestamp":"2026-09-01T13:40:15.866748Z","level":"info","event":"    \"version_number\": 1","logger":"task.stdout"}
{"timestamp":"2026-09-01T13:40:15.868043Z","level":"info","event":"  },","logger":"task.stdout"}
{"timestamp":"2026-09-01T13:40:15.869061Z","level":"info","event":"  \"tagline\": null,","logger":"task.stdout"}
{"timestamp":"2026-09-01T13:40:15.870260Z","level":"info","event":"  \"top_level_agency_code\": \"DOS\",","logger":"task.stdout"}
{"timestamp":"2026-09-01T13:40:15.871349Z","level":"info","event":"  \"top_level_agency_name\": \"Department of State\"","logger":"task.stdout"}
{"timestamp":"2026-09-01T13:40:15.872408Z","level":"info","event":"}","logger":"task.stdout"}
{"timestamp":"2026-09-01T13:40:15.873764Z","level":"info","event":"","logger":"task.stdout"}
{"timestamp":"2026-09-01T13:40:15.874839Z","level":"info","event":"================================================================================","logger":"task.stdout"}
{"timestamp":"2026-09-01T13:40:15.875852Z","level":"info","event":"OPPORTUNITY 19 of 21","logger":"task.stdout"}
{"timestamp":"2026-09-01T13:40:15.877076Z","level":"info","event":"================================================================================","logger":"task.stdout"}
{"timestamp":"2026-09-01T13:40:15.878231Z","level":"info","event":"{","logger":"task.stdout"}
{"timestamp":"2026-09-01T13:40:15.879643Z","level":"info","event":"  \"agency\": \"HHS-NIH11\",","logger":"task.stdout"}
{"timestamp":"2026-09-01T13:40:15.880684Z","level":"info","event":"  \"agency_code\": \"HHS-NIH11\",","logger":"task.stdout"}
{"timestamp":"2026-09-01T13:40:15.881914Z","level":"info","event":"  \"agency_name\": \"National Institutes of Health\",","logger":"task.stdout"}
{"timestamp":"2026-09-01T13:40:15.883064Z","level":"info","event":"  \"category\": \"discretionary\",","logger":"task.stdout"}
{"timestamp":"2026-09-01T13:40:15.884072Z","level":"info","event":"  \"category_explanation\": null,","logger":"task.stdout"}
{"timestamp":"2026-09-01T13:40:15.885223Z","level":"info","event":"  \"legacy_opportunity_id\": 360674,","logger":"task.stdout"}
{"timestamp":"2026-09-01T13:40:15.886664Z","level":"info","event":"  \"opportunity_assistance_listings\": [","logger":"task.stdout"}
{"timestamp":"2026-09-01T13:40:15.887831Z","level":"info","event":"    {","logger":"task.stdout"}
{"timestamp":"2026-09-01T13:40:15.889538Z","level":"info","event":"      \"assistance_listing_number\": \"93.847\",","logger":"task.stdout"}
{"timestamp":"2026-09-01T13:40:15.890861Z","level":"info","event":"      \"program_title\": \"Diabetes, Digestive, and Kidney Diseases Extramural Research\"","logger":"task.stdout"}
{"timestamp":"2026-09-01T13:40:15.892068Z","level":"info","event":"    }","logger":"task.stdout"}
{"timestamp":"2026-09-01T13:40:15.893069Z","level":"info","event":"  ],","logger":"task.stdout"}
{"timestamp":"2026-09-01T13:40:15.894444Z","level":"info","event":"  \"opportunity_id\": \"6bb78bd6-bd13-42d8-8530-1850ce9f5cac\",","logger":"task.stdout"}
{"timestamp":"2026-09-01T13:40:15.895523Z","level":"info","event":"  \"opportunity_number\": \"RFA-DK-27-127\",","logger":"task.stdout"}
{"timestamp":"2026-09-01T13:40:15.897010Z","level":"info","event":"  \"opportunity_status\": \"posted\",","logger":"task.stdout"}
{"timestamp":"2026-09-01T13:40:15.898288Z","level":"info","event":"  \"opportunity_title\": \"Cooperative Centers for Experimental Hematology (CCEHs) (U54- Clinical Trial Not Allowed)\",","logger":"task.stdout"}
{"timestamp":"2026-09-01T13:40:15.899578Z","level":"info","event":"  \"purpose_statement\": null,","logger":"task.stdout"}
{"timestamp":"2026-09-01T13:40:15.901096Z","level":"info","event":"  \"summary\": {","logger":"task.stdout"}
{"timestamp":"2026-09-01T13:40:15.902521Z","level":"info","event":"    \"additional_info_url\": null,","logger":"task.stdout"}
{"timestamp":"2026-09-01T13:40:15.903601Z","level":"info","event":"    \"additional_info_url_description\": null,","logger":"task.stdout"}
{"timestamp":"2026-09-01T13:40:15.904953Z","level":"info","event":"    \"agency_contact_description\": \"Division of Kidney, Urologic, and Hematologic Diseases\\nNIDDK_KUH@nih.gov\",","logger":"task.stdout"}
{"timestamp":"2026-09-01T13:40:15.906193Z","level":"info","event":"    \"agency_email_address\": \"NIDDK_KUH@nih.gov\",","logger":"task.stdout"}
{"timestamp":"2026-09-01T13:40:15.907540Z","level":"info","event":"    \"agency_email_address_description\": \"NIDDK_KUH@nih.gov\",","logger":"task.stdout"}
{"timestamp":"2026-09-01T13:40:15.908762Z","level":"info","event":"    \"applicant_eligibility_description\": \"Refer to Section III. Eligibility Information in the NOFO for additional information on eligibility.Foreign Organizations/International CollaborationsNon-domestic (non-U.S.) Entities (Foreign Organization) are not eligible to apply.Non-domestic (non-U.S.) components of U.S. Organizations are eligible to apply.Foreign components, as defined in the NIH Grants Policy Statement, are not allowed. NIH will no longer issue awards (i.e., new, renewal, or non-competing continuation) to domestic or foreign entities that involve foreign subawards/subcontracts. All NIH-funded research involving foreign subawards/subcontracts must be submitted in response to a NOFO that is specifically designated for funded international collaborations. See NIH Grants Policy Statement 16.8 Collaborative International Research Awards.Applications involving foreign subawards/subcontracts submitted in response to this NOFO will be deemed noncompliant and will not be considered for funding. This policy applies to all monetary international collaborations resulting in foreign subawards/subcontracts, however, it does not preclude unfunded international collaborations or foreign components, funding for foreign consultants, or procurement of unique equipment or supplies from foreign vendors.\",","logger":"task.stdout"}
{"timestamp":"2026-09-01T13:40:15.909832Z","level":"info","event":"    \"applicant_types\": [","logger":"task.stdout"}
{"timestamp":"2026-09-01T13:40:15.911139Z","level":"info","event":"      \"independent_school_districts\",","logger":"task.stdout"}
{"timestamp":"2026-09-01T13:40:15.912176Z","level":"info","event":"      \"nonprofits_non_higher_education_without_501c3\",","logger":"task.stdout"}
{"timestamp":"2026-09-01T13:40:15.913140Z","level":"info","event":"      \"federally_recognized_native_american_tribal_governments\",","logger":"task.stdout"}
{"timestamp":"2026-09-01T13:40:15.914392Z","level":"info","event":"      \"special_district_governments\",","logger":"task.stdout"}
{"timestamp":"2026-09-01T13:40:15.915714Z","level":"info","event":"      \"for_profit_organizations_other_than_small_businesses\",","logger":"task.stdout"}
{"timestamp":"2026-09-01T13:40:15.916863Z","level":"info","event":"      \"small_businesses\",","logger":"task.stdout"}
{"timestamp":"2026-09-01T13:40:15.918279Z","level":"info","event":"      \"nonprofits_non_higher_education_with_501c3\",","logger":"task.stdout"}
{"timestamp":"2026-09-01T13:40:15.919434Z","level":"info","event":"      \"city_or_township_governments\",","logger":"task.stdout"}
{"timestamp":"2026-09-01T13:40:15.920759Z","level":"info","event":"      \"other_native_american_tribal_organizations\",","logger":"task.stdout"}
{"timestamp":"2026-09-01T13:40:15.921806Z","level":"info","event":"      \"public_and_indian_housing_authorities\",","logger":"task.stdout"}
{"timestamp":"2026-09-01T13:40:15.922858Z","level":"info","event":"      \"state_governments\",","logger":"task.stdout"}
{"timestamp":"2026-09-01T13:40:15.923926Z","level":"info","event":"      \"private_institutions_of_higher_education\",","logger":"task.stdout"}
{"timestamp":"2026-09-01T13:40:15.924924Z","level":"info","event":"      \"county_governments\",","logger":"task.stdout"}
{"timestamp":"2026-09-01T13:40:15.926238Z","level":"info","event":"      \"other\",","logger":"task.stdout"}
{"timestamp":"2026-09-01T13:40:15.927562Z","level":"info","event":"      \"public_and_state_institutions_of_higher_education\"","logger":"task.stdout"}
{"timestamp":"2026-09-01T13:40:15.928592Z","level":"info","event":"    ],","logger":"task.stdout"}
{"timestamp":"2026-09-01T13:40:15.929738Z","level":"info","event":"    \"archive_date\": \"2026-11-29\",","logger":"task.stdout"}
{"timestamp":"2026-09-01T13:40:15.931132Z","level":"info","event":"    \"award_ceiling\": null,","logger":"task.stdout"}
{"timestamp":"2026-09-01T13:40:15.932255Z","level":"info","event":"    \"award_floor\": null,","logger":"task.stdout"}
{"timestamp":"2026-09-01T13:40:15.933534Z","level":"info","event":"    \"close_date\": \"2026-09-30\",","logger":"task.stdout"}
{"timestamp":"2026-09-01T13:40:15.934714Z","level":"info","event":"    \"close_date_description\": null,","logger":"task.stdout"}
{"timestamp":"2026-09-01T13:40:15.936091Z","level":"info","event":"    \"created_at\": \"2026-08-31T14:35:42+00:00\",","logger":"task.stdout"}
{"timestamp":"2026-09-01T13:40:15.937265Z","level":"info","event":"    \"estimated_total_program_funding\": 3745000,","logger":"task.stdout"}
{"timestamp":"2026-09-01T13:40:15.938355Z","level":"info","event":"    \"expected_number_of_awards\": 5,","logger":"task.stdout"}
{"timestamp":"2026-09-01T13:40:15.939456Z","level":"info","event":"    \"fiscal_year\": null,","logger":"task.stdout"}
{"timestamp":"2026-09-01T13:40:15.940557Z","level":"info","event":"    \"forecasted_award_date\": null,","logger":"task.stdout"}
{"timestamp":"2026-09-01T13:40:15.942009Z","level":"info","event":"    \"forecasted_close_date\": null,","logger":"task.stdout"}
{"timestamp":"2026-09-01T13:40:15.943124Z","level":"info","event":"    \"forecasted_close_date_description\": null,","logger":"task.stdout"}
{"timestamp":"2026-09-01T13:40:15.944247Z","level":"info","event":"    \"forecasted_post_date\": null,","logger":"task.stdout"}
{"timestamp":"2026-09-01T13:40:15.945918Z","level":"info","event":"    \"forecasted_project_start_date\": null,","logger":"task.stdout"}
{"timestamp":"2026-09-01T13:40:15.946943Z","level":"info","event":"    \"funding_categories\": [","logger":"task.stdout"}
{"timestamp":"2026-09-01T13:40:15.948073Z","level":"info","event":"      \"health\"","logger":"task.stdout"}
{"timestamp":"2026-09-01T13:40:15.949224Z","level":"info","event":"    ],","logger":"task.stdout"}
{"timestamp":"2026-09-01T13:40:15.950324Z","level":"info","event":"    \"funding_category_description\": null,","logger":"task.stdout"}
{"timestamp":"2026-09-01T13:40:15.951578Z","level":"info","event":"    \"funding_instruments\": [","logger":"task.stdout"}
{"timestamp":"2026-09-01T13:40:15.952698Z","level":"info","event":"      \"cooperative_agreement\"","logger":"task.stdout"}
{"timestamp":"2026-09-01T13:40:15.954389Z","level":"info","event":"    ],","logger":"task.stdout"}
{"timestamp":"2026-09-01T13:40:15.955505Z","level":"info","event":"    \"is_cost_sharing\": false,","logger":"task.stdout"}
{"timestamp":"2026-09-01T13:40:15.956513Z","level":"info","event":"    \"is_forecast\": false,","logger":"task.stdout"}
{"timestamp":"2026-09-01T13:40:15.957609Z","level":"info","event":"    \"post_date\": \"2026-08-31\",","logger":"task.stdout"}
{"timestamp":"2026-09-01T13:40:15.959265Z","level":"info","event":"    \"summary_description\": \"The purpose of this Notice of Funding Opportunity (NOFO) is to invite applications for Centers within the NIDDK Cooperative Centers of Experimental in Hematology (CCEH) Program. Each Center will support one to three Biomedical Research Cores and an Administrative Core, including an Enrichment Program. Each Center is expected to work collaboratively with NIDDK, the Hematology Coordinating Center (HCC), and the other CCEH Centers. The CCEH Program is designed to increase access to critical research resources and expertise unique to nonmalignant hematology research. By providing innovative technology, resources, and expertise to the greater hematology research community, the program will serve as a national hub, aimed at recruiting and retaining both junior scientists just beginning their careers in the field as well as established investigators from other domains.\",","logger":"task.stdout"}
{"timestamp":"2026-09-01T13:40:15.963341Z","level":"info","event":"    \"updated_at\": \"2026-08-31T14:35:42+00:00\",","logger":"task.stdout"}
{"timestamp":"2026-09-01T13:40:15.964952Z","level":"info","event":"    \"version_number\": 1","logger":"task.stdout"}
{"timestamp":"2026-09-01T13:40:15.966450Z","level":"info","event":"  },","logger":"task.stdout"}
{"timestamp":"2026-09-01T13:40:15.967910Z","level":"info","event":"  \"tagline\": null,","logger":"task.stdout"}
{"timestamp":"2026-09-01T13:40:15.969027Z","level":"info","event":"  \"top_level_agency_code\": \"HHS\",","logger":"task.stdout"}
{"timestamp":"2026-09-01T13:40:15.970282Z","level":"info","event":"  \"top_level_agency_name\": \"Department of Health and Human Services\"","logger":"task.stdout"}
{"timestamp":"2026-09-01T13:40:15.971626Z","level":"info","event":"}","logger":"task.stdout"}
{"timestamp":"2026-09-01T13:40:15.972901Z","level":"info","event":"","logger":"task.stdout"}
{"timestamp":"2026-09-01T13:40:15.974291Z","level":"info","event":"================================================================================","logger":"task.stdout"}
{"timestamp":"2026-09-01T13:40:15.975595Z","level":"info","event":"OPPORTUNITY 20 of 21","logger":"task.stdout"}
{"timestamp":"2026-09-01T13:40:15.977408Z","level":"info","event":"================================================================================","logger":"task.stdout"}
{"timestamp":"2026-09-01T13:40:15.978799Z","level":"info","event":"{","logger":"task.stdout"}
{"timestamp":"2026-09-01T13:40:15.980225Z","level":"info","event":"  \"agency\": \"HHS-NIH11\",","logger":"task.stdout"}
{"timestamp":"2026-09-01T13:40:16.007435Z","level":"info","event":"  \"agency_code\": \"HHS-NIH11\",","logger":"task.stdout"}
{"timestamp":"2026-09-01T13:40:16.008851Z","level":"info","event":"  \"agency_name\": \"National Institutes of Health\",","logger":"task.stdout"}
{"timestamp":"2026-09-01T13:40:16.010048Z","level":"info","event":"  \"category\": \"discretionary\",","logger":"task.stdout"}
{"timestamp":"2026-09-01T13:40:16.011061Z","level":"info","event":"  \"category_explanation\": null,","logger":"task.stdout"}
{"timestamp":"2026-09-01T13:40:16.012018Z","level":"info","event":"  \"legacy_opportunity_id\": 361187,","logger":"task.stdout"}
{"timestamp":"2026-09-01T13:40:16.013024Z","level":"info","event":"  \"opportunity_assistance_listings\": [","logger":"task.stdout"}
{"timestamp":"2026-09-01T13:40:16.014004Z","level":"info","event":"    {","logger":"task.stdout"}
{"timestamp":"2026-09-01T13:40:16.016449Z","level":"info","event":"      \"assistance_listing_number\": \"93.879\",","logger":"task.stdout"}
{"timestamp":"2026-09-01T13:40:16.017487Z","level":"info","event":"      \"program_title\": \"Medical Library Assistance\"","logger":"task.stdout"}
{"timestamp":"2026-09-01T13:40:16.018496Z","level":"info","event":"    },","logger":"task.stdout"}
{"timestamp":"2026-09-01T13:40:16.019458Z","level":"info","event":"    {","logger":"task.stdout"}
{"timestamp":"2026-09-01T13:40:16.022532Z","level":"info","event":"      \"assistance_listing_number\": \"93.837\",","logger":"task.stdout"}
{"timestamp":"2026-09-01T13:40:16.023503Z","level":"info","event":"      \"program_title\": \"Cardiovascular Diseases Research\"","logger":"task.stdout"}
{"timestamp":"2026-09-01T13:40:16.025207Z","level":"info","event":"    },","logger":"task.stdout"}
{"timestamp":"2026-09-01T13:40:16.026344Z","level":"info","event":"    {","logger":"task.stdout"}
{"timestamp":"2026-09-01T13:40:16.027636Z","level":"info","event":"      \"assistance_listing_number\": \"93.840\",","logger":"task.stdout"}
{"timestamp":"2026-09-01T13:40:16.029284Z","level":"info","event":"      \"program_title\": \"Translation and Implementation Science Research for Heart, Lung, Blood Diseases, and Sleep Disorders\"","logger":"task.stdout"}
{"timestamp":"2026-09-01T13:40:16.030657Z","level":"info","event":"    },","logger":"task.stdout"}
{"timestamp":"2026-09-01T13:40:16.031843Z","level":"info","event":"    {","logger":"task.stdout"}
{"timestamp":"2026-09-01T13:40:16.032924Z","level":"info","event":"      \"assistance_listing_number\": \"93.865\",","logger":"task.stdout"}
{"timestamp":"2026-09-01T13:40:16.034178Z","level":"info","event":"      \"program_title\": \"Child Health and Human Development Extramural Research\"","logger":"task.stdout"}
{"timestamp":"2026-09-01T13:40:16.035251Z","level":"info","event":"    },","logger":"task.stdout"}
{"timestamp":"2026-09-01T13:40:16.036312Z","level":"info","event":"    {","logger":"task.stdout"}
{"timestamp":"2026-09-01T13:40:16.037337Z","level":"info","event":"      \"assistance_listing_number\": \"93.307\",","logger":"task.stdout"}
{"timestamp":"2026-09-01T13:40:16.038402Z","level":"info","event":"      \"program_title\": \"Minority Health and Health Disparities Research\"","logger":"task.stdout"}
{"timestamp":"2026-09-01T13:40:16.040017Z","level":"info","event":"    },","logger":"task.stdout"}
{"timestamp":"2026-09-01T13:40:16.041593Z","level":"info","event":"    {","logger":"task.stdout"}
{"timestamp":"2026-09-01T13:40:16.042890Z","level":"info","event":"      \"assistance_listing_number\": \"93.173\",","logger":"task.stdout"}
{"timestamp":"2026-09-01T13:40:16.043752Z","level":"info","event":"      \"program_title\": \"Research Related to Deafness and Communication Disorders\"","logger":"task.stdout"}
{"timestamp":"2026-09-01T13:40:16.044757Z","level":"info","event":"    },","logger":"task.stdout"}
{"timestamp":"2026-09-01T13:40:16.045588Z","level":"info","event":"    {","logger":"task.stdout"}
{"timestamp":"2026-09-01T13:40:16.046495Z","level":"info","event":"      \"assistance_listing_number\": \"93.213\",","logger":"task.stdout"}
{"timestamp":"2026-09-01T13:40:16.047428Z","level":"info","event":"      \"program_title\": \"Research and Training in Complementary and Integrative Health\"","logger":"task.stdout"}
{"timestamp":"2026-09-01T13:40:16.049203Z","level":"info","event":"    },","logger":"task.stdout"}
{"timestamp":"2026-09-01T13:40:16.050170Z","level":"info","event":"    {","logger":"task.stdout"}
{"timestamp":"2026-09-01T13:40:16.051487Z","level":"info","event":"      \"assistance_listing_number\": \"93.853\",","logger":"task.stdout"}
{"timestamp":"2026-09-01T13:40:16.052337Z","level":"info","event":"      \"program_title\": \"Extramural Research Programs in the Neurosciences and Neurological Disorders\"","logger":"task.stdout"}
{"timestamp":"2026-09-01T13:40:16.053541Z","level":"info","event":"    },","logger":"task.stdout"}
{"timestamp":"2026-09-01T13:40:16.054419Z","level":"info","event":"    {","logger":"task.stdout"}
{"timestamp":"2026-09-01T13:40:16.056202Z","level":"info","event":"      \"assistance_listing_number\": \"93.233\",","logger":"task.stdout"}
{"timestamp":"2026-09-01T13:40:16.057206Z","level":"info","event":"      \"program_title\": \"National Center on Sleep Disorders Research\"","logger":"task.stdout"}
{"timestamp":"2026-09-01T13:40:16.058274Z","level":"info","event":"    },","logger":"task.stdout"}
{"timestamp":"2026-09-01T13:40:16.059200Z","level":"info","event":"    {","logger":"task.stdout"}
{"timestamp":"2026-09-01T13:40:16.060369Z","level":"info","event":"      \"assistance_listing_number\": \"93.838\",","logger":"task.stdout"}
{"timestamp":"2026-09-01T13:40:16.061493Z","level":"info","event":"      \"program_title\": \"Lung Diseases Research\"","logger":"task.stdout"}
{"timestamp":"2026-09-01T13:40:16.062625Z","level":"info","event":"    },","logger":"task.stdout"}
{"timestamp":"2026-09-01T13:40:16.063815Z","level":"info","event":"    {","logger":"task.stdout"}
{"timestamp":"2026-09-01T13:40:16.065179Z","level":"info","event":"      \"assistance_listing_number\": \"93.855\",","logger":"task.stdout"}
{"timestamp":"2026-09-01T13:40:16.067369Z","level":"info","event":"      \"program_title\": \"Allergy and Infectious Diseases Research\"","logger":"task.stdout"}
{"timestamp":"2026-09-01T13:40:16.068648Z","level":"info","event":"    },","logger":"task.stdout"}
{"timestamp":"2026-09-01T13:40:16.070032Z","level":"info","event":"    {","logger":"task.stdout"}
{"timestamp":"2026-09-01T13:40:16.071256Z","level":"info","event":"      \"assistance_listing_number\": \"93.398\",","logger":"task.stdout"}
{"timestamp":"2026-09-01T13:40:16.072417Z","level":"info","event":"      \"program_title\": \"Cancer Research Manpower\"","logger":"task.stdout"}
{"timestamp":"2026-09-01T13:40:16.073621Z","level":"info","event":"    },","logger":"task.stdout"}
{"timestamp":"2026-09-01T13:40:16.075427Z","level":"info","event":"    {","logger":"task.stdout"}
{"timestamp":"2026-09-01T13:40:16.076756Z","level":"info","event":"      \"assistance_listing_number\": \"93.839\",","logger":"task.stdout"}
{"timestamp":"2026-09-01T13:40:16.077813Z","level":"info","event":"      \"program_title\": \"Blood Diseases and Resources Research\"","logger":"task.stdout"}
{"timestamp":"2026-09-01T13:40:16.078825Z","level":"info","event":"    },","logger":"task.stdout"}
{"timestamp":"2026-09-01T13:40:16.080012Z","level":"info","event":"    {","logger":"task.stdout"}
{"timestamp":"2026-09-01T13:40:16.081463Z","level":"info","event":"      \"assistance_listing_number\": \"93.372\",","logger":"task.stdout"}
{"timestamp":"2026-09-01T13:40:16.084379Z","level":"info","event":"      \"program_title\": \"21st Century Cures Act -\\tBrain Research through Advancing Innovative Neurotechnologies\"","logger":"task.stdout"}
{"timestamp":"2026-09-01T13:40:16.087503Z","level":"info","event":"    },","logger":"task.stdout"}
{"timestamp":"2026-09-01T13:40:16.088723Z","level":"info","event":"    {","logger":"task.stdout"}
{"timestamp":"2026-09-01T13:40:16.089738Z","level":"info","event":"      \"assistance_listing_number\": \"93.866\",","logger":"task.stdout"}
{"timestamp":"2026-09-01T13:40:16.090901Z","level":"info","event":"      \"program_title\": \"Aging Research\"","logger":"task.stdout"}
{"timestamp":"2026-09-01T13:40:16.091993Z","level":"info","event":"    },","logger":"task.stdout"}
{"timestamp":"2026-09-01T13:40:16.093020Z","level":"info","event":"    {","logger":"task.stdout"}
{"timestamp":"2026-09-01T13:40:16.094015Z","level":"info","event":"      \"assistance_listing_number\": \"93.847\",","logger":"task.stdout"}
{"timestamp":"2026-09-01T13:40:16.095016Z","level":"info","event":"      \"program_title\": \"Diabetes, Digestive, and Kidney Diseases Extramural Research\"","logger":"task.stdout"}
{"timestamp":"2026-09-01T13:40:16.095948Z","level":"info","event":"    },","logger":"task.stdout"}
{"timestamp":"2026-09-01T13:40:16.097044Z","level":"info","event":"    {","logger":"task.stdout"}
{"timestamp":"2026-09-01T13:40:16.098243Z","level":"info","event":"      \"assistance_listing_number\": \"93.310\",","logger":"task.stdout"}
{"timestamp":"2026-09-01T13:40:16.099146Z","level":"info","event":"      \"program_title\": \"Trans-NIH Research Support\"","logger":"task.stdout"}
{"timestamp":"2026-09-01T13:40:16.100020Z","level":"info","event":"    },","logger":"task.stdout"}
{"timestamp":"2026-09-01T13:40:16.100832Z","level":"info","event":"    {","logger":"task.stdout"}
{"timestamp":"2026-09-01T13:40:16.101693Z","level":"info","event":"      \"assistance_listing_number\": \"93.242\",","logger":"task.stdout"}
{"timestamp":"2026-09-01T13:40:16.102641Z","level":"info","event":"      \"program_title\": \"Mental Health Research Grants\"","logger":"task.stdout"}
{"timestamp":"2026-09-01T13:40:16.103471Z","level":"info","event":"    },","logger":"task.stdout"}
{"timestamp":"2026-09-01T13:40:16.104313Z","level":"info","event":"    {","logger":"task.stdout"}
{"timestamp":"2026-09-01T13:40:16.105663Z","level":"info","event":"      \"assistance_listing_number\": \"93.113\",","logger":"task.stdout"}
{"timestamp":"2026-09-01T13:40:16.106652Z","level":"info","event":"      \"program_title\": \"Environmental Health\"","logger":"task.stdout"}
{"timestamp":"2026-09-01T13:40:16.107497Z","level":"info","event":"    },","logger":"task.stdout"}
{"timestamp":"2026-09-01T13:40:16.108495Z","level":"info","event":"    {","logger":"task.stdout"}
{"timestamp":"2026-09-01T13:40:16.109518Z","level":"info","event":"      \"assistance_listing_number\": \"93.273\",","logger":"task.stdout"}
{"timestamp":"2026-09-01T13:40:16.110570Z","level":"info","event":"      \"program_title\": \"Alcohol Research Programs\"","logger":"task.stdout"}
{"timestamp":"2026-09-01T13:40:16.111695Z","level":"info","event":"    },","logger":"task.stdout"}
{"timestamp":"2026-09-01T13:40:16.115066Z","level":"info","event":"    {","logger":"task.stdout"}
{"timestamp":"2026-09-01T13:40:16.116601Z","level":"info","event":"      \"assistance_listing_number\": \"93.121\",","logger":"task.stdout"}
{"timestamp":"2026-09-01T13:40:16.118050Z","level":"info","event":"      \"program_title\": \"Oral Diseases and Disorders Research\"","logger":"task.stdout"}
{"timestamp":"2026-09-01T13:40:16.119261Z","level":"info","event":"    }","logger":"task.stdout"}
{"timestamp":"2026-09-01T13:40:16.120449Z","level":"info","event":"  ],","logger":"task.stdout"}
{"timestamp":"2026-09-01T13:40:16.121584Z","level":"info","event":"  \"opportunity_id\": \"8bc4a6d6-6ae5-4f51-b8fc-cee66eaacd76\",","logger":"task.stdout"}
{"timestamp":"2026-09-01T13:40:16.122691Z","level":"info","event":"  \"opportunity_number\": \"PAR-27-076\",","logger":"task.stdout"}
{"timestamp":"2026-09-01T13:40:16.123778Z","level":"info","event":"  \"opportunity_status\": \"posted\",","logger":"task.stdout"}
{"timestamp":"2026-09-01T13:40:16.124759Z","level":"info","event":"  \"opportunity_title\": \"Lasker Clinical Research Scholar's Program (Si2/R00 Clinical Trial Optional)\",","logger":"task.stdout"}
{"timestamp":"2026-09-01T13:40:16.125704Z","level":"info","event":"  \"purpose_statement\": null,","logger":"task.stdout"}
{"timestamp":"2026-09-01T13:40:16.126654Z","level":"info","event":"  \"summary\": {","logger":"task.stdout"}
{"timestamp":"2026-09-01T13:40:16.130897Z","level":"info","event":"    \"additional_info_url\": null,","logger":"task.stdout"}
{"timestamp":"2026-09-01T13:40:16.132034Z","level":"info","event":"    \"additional_info_url_description\": null,","logger":"task.stdout"}
{"timestamp":"2026-09-01T13:40:16.133109Z","level":"info","event":"    \"agency_contact_description\": \"Lasker Scholar program administrator\\nlaskergrants@mail.nih.gov\",","logger":"task.stdout"}
{"timestamp":"2026-09-01T13:40:16.134138Z","level":"info","event":"    \"agency_email_address\": \"laskergrants@mail.nih.gov\",","logger":"task.stdout"}
{"timestamp":"2026-09-01T13:40:16.135435Z","level":"info","event":"    \"agency_email_address_description\": \"laskergrants@mail.nih.gov\",","logger":"task.stdout"}
{"timestamp":"2026-09-01T13:40:16.136387Z","level":"info","event":"    \"applicant_eligibility_description\": \"Refer to Section III. Eligibility Information in the NOFO for additional information on eligibility.Foreign Organizations/Foreign CollaborationsNon-domestic (non-U.S.) Entities (Foreign Organizations) are not eligible to apply.Non-domestic (non-U.S.) components of U.S. Organizations are not eligible to apply.Foreign components, as defined in the NIH Grants Policy Statement, are not allowed.\",","logger":"task.stdout"}
{"timestamp":"2026-09-01T13:40:16.137424Z","level":"info","event":"    \"applicant_types\": [","logger":"task.stdout"}
{"timestamp":"2026-09-01T13:40:16.138438Z","level":"info","event":"      \"county_governments\",","logger":"task.stdout"}
{"timestamp":"2026-09-01T13:40:16.139527Z","level":"info","event":"      \"small_businesses\",","logger":"task.stdout"}
{"timestamp":"2026-09-01T13:40:16.140532Z","level":"info","event":"      \"other_native_american_tribal_organizations\",","logger":"task.stdout"}
{"timestamp":"2026-09-01T13:40:16.141556Z","level":"info","event":"      \"other\",","logger":"task.stdout"}
{"timestamp":"2026-09-01T13:40:16.145059Z","level":"info","event":"      \"private_institutions_of_higher_education\",","logger":"task.stdout"}
{"timestamp":"2026-09-01T13:40:16.146225Z","level":"info","event":"      \"independent_school_districts\",","logger":"task.stdout"}
{"timestamp":"2026-09-01T13:40:16.148049Z","level":"info","event":"      \"for_profit_organizations_other_than_small_businesses\",","logger":"task.stdout"}
{"timestamp":"2026-09-01T13:40:16.148978Z","level":"info","event":"      \"city_or_township_governments\",","logger":"task.stdout"}
{"timestamp":"2026-09-01T13:40:16.150403Z","level":"info","event":"      \"special_district_governments\",","logger":"task.stdout"}
{"timestamp":"2026-09-01T13:40:16.151488Z","level":"info","event":"      \"public_and_state_institutions_of_higher_education\",","logger":"task.stdout"}
{"timestamp":"2026-09-01T13:40:16.152735Z","level":"info","event":"      \"federally_recognized_native_american_tribal_governments\",","logger":"task.stdout"}
{"timestamp":"2026-09-01T13:40:16.154159Z","level":"info","event":"      \"nonprofits_non_higher_education_with_501c3\",","logger":"task.stdout"}
{"timestamp":"2026-09-01T13:40:16.155264Z","level":"info","event":"      \"public_and_indian_housing_authorities\",","logger":"task.stdout"}
{"timestamp":"2026-09-01T13:40:16.156288Z","level":"info","event":"      \"nonprofits_non_higher_education_without_501c3\",","logger":"task.stdout"}
{"timestamp":"2026-09-01T13:40:16.158057Z","level":"info","event":"      \"state_governments\"","logger":"task.stdout"}
{"timestamp":"2026-09-01T13:40:16.159075Z","level":"info","event":"    ],","logger":"task.stdout"}
{"timestamp":"2026-09-01T13:40:16.160813Z","level":"info","event":"    \"archive_date\": \"2028-09-05\",","logger":"task.stdout"}
{"timestamp":"2026-09-01T13:40:16.162032Z","level":"info","event":"    \"award_ceiling\": 499000,","logger":"task.stdout"}
{"timestamp":"2026-09-01T13:40:16.163409Z","level":"info","event":"    \"award_floor\": 499000,","logger":"task.stdout"}
{"timestamp":"2026-09-01T13:40:16.164583Z","level":"info","event":"    \"close_date\": \"2028-07-07\",","logger":"task.stdout"}
{"timestamp":"2026-09-01T13:40:16.165689Z","level":"info","event":"    \"close_date_description\": null,","logger":"task.stdout"}
{"timestamp":"2026-09-01T13:40:16.166844Z","level":"info","event":"    \"created_at\": \"2026-08-31T15:21:20+00:00\",","logger":"task.stdout"}
{"timestamp":"2026-09-01T13:40:16.168594Z","level":"info","event":"    \"estimated_total_program_funding\": null,","logger":"task.stdout"}
{"timestamp":"2026-09-01T13:40:16.170014Z","level":"info","event":"    \"expected_number_of_awards\": 5,","logger":"task.stdout"}
{"timestamp":"2026-09-01T13:40:16.171189Z","level":"info","event":"    \"fiscal_year\": null,","logger":"task.stdout"}
{"timestamp":"2026-09-01T13:40:16.172755Z","level":"info","event":"    \"forecasted_award_date\": null,","logger":"task.stdout"}
{"timestamp":"2026-09-01T13:40:16.174118Z","level":"info","event":"    \"forecasted_close_date\": null,","logger":"task.stdout"}
{"timestamp":"2026-09-01T13:40:16.176113Z","level":"info","event":"    \"forecasted_close_date_description\": null,","logger":"task.stdout"}
{"timestamp":"2026-09-01T13:40:16.177206Z","level":"info","event":"    \"forecasted_post_date\": null,","logger":"task.stdout"}
{"timestamp":"2026-09-01T13:40:16.178334Z","level":"info","event":"    \"forecasted_project_start_date\": null,","logger":"task.stdout"}
{"timestamp":"2026-09-01T13:40:16.179414Z","level":"info","event":"    \"funding_categories\": [","logger":"task.stdout"}
{"timestamp":"2026-09-01T13:40:16.180446Z","level":"info","event":"      \"health\"","logger":"task.stdout"}
{"timestamp":"2026-09-01T13:40:16.181434Z","level":"info","event":"    ],","logger":"task.stdout"}
{"timestamp":"2026-09-01T13:40:16.182371Z","level":"info","event":"    \"funding_category_description\": null,","logger":"task.stdout"}
{"timestamp":"2026-09-01T13:40:16.183248Z","level":"info","event":"    \"funding_instruments\": [","logger":"task.stdout"}
{"timestamp":"2026-09-01T13:40:16.184146Z","level":"info","event":"      \"grant\"","logger":"task.stdout"}
{"timestamp":"2026-09-01T13:40:16.185003Z","level":"info","event":"    ],","logger":"task.stdout"}
{"timestamp":"2026-09-01T13:40:16.185901Z","level":"info","event":"    \"is_cost_sharing\": false,","logger":"task.stdout"}
{"timestamp":"2026-09-01T13:40:16.187596Z","level":"info","event":"    \"is_forecast\": false,","logger":"task.stdout"}
{"timestamp":"2026-09-01T13:40:16.189303Z","level":"info","event":"    \"post_date\": \"2026-08-31\",","logger":"task.stdout"}
{"timestamp":"2026-09-01T13:40:16.190504Z","level":"info","event":"    \"summary_description\": \"This NOFO encourages applications for the Lasker Clinical Research Scholars Program. The program supports the research activities of clinical researchers during the early stages of their independent careers as they work to improve human health. The program offers the opportunity for a unique bridge between the NIH intramural and extramural research communities and contains two phases. In the first phase, Lasker Scholars will receive appointments for up to 5-7 years as tenure-track investigators within the NIH Intramural Research Program with independent research budgets. In the second phase, successful scholars will receive up to 3 years of NIH support for their research at an extramural research institute, or can remain as an investigator within the intramural program.\",","logger":"task.stdout"}
{"timestamp":"2026-09-01T13:40:16.191702Z","level":"info","event":"    \"updated_at\": \"2026-08-31T15:21:20+00:00\",","logger":"task.stdout"}
{"timestamp":"2026-09-01T13:40:16.192741Z","level":"info","event":"    \"version_number\": 1","logger":"task.stdout"}
{"timestamp":"2026-09-01T13:40:16.194204Z","level":"info","event":"  },","logger":"task.stdout"}
{"timestamp":"2026-09-01T13:40:16.195283Z","level":"info","event":"  \"tagline\": null,","logger":"task.stdout"}
{"timestamp":"2026-09-01T13:40:16.196433Z","level":"info","event":"  \"top_level_agency_code\": \"HHS\",","logger":"task.stdout"}
{"timestamp":"2026-09-01T13:40:16.197431Z","level":"info","event":"  \"top_level_agency_name\": \"Department of Health and Human Services\"","logger":"task.stdout"}
{"timestamp":"2026-09-01T13:40:16.198460Z","level":"info","event":"}","logger":"task.stdout"}
{"timestamp":"2026-09-01T13:40:16.199638Z","level":"info","event":"","logger":"task.stdout"}
{"timestamp":"2026-09-01T13:40:16.200565Z","level":"info","event":"================================================================================","logger":"task.stdout"}
{"timestamp":"2026-09-01T13:40:16.201835Z","level":"info","event":"OPPORTUNITY 21 of 21","logger":"task.stdout"}
{"timestamp":"2026-09-01T13:40:16.203949Z","level":"info","event":"================================================================================","logger":"task.stdout"}
{"timestamp":"2026-09-01T13:40:16.206255Z","level":"info","event":"{","logger":"task.stdout"}
{"timestamp":"2026-09-01T13:40:16.207453Z","level":"info","event":"  \"agency\": \"HHS-NIH11\",","logger":"task.stdout"}
{"timestamp":"2026-09-01T13:40:16.208468Z","level":"info","event":"  \"agency_code\": \"HHS-NIH11\",","logger":"task.stdout"}
{"timestamp":"2026-09-01T13:40:16.209436Z","level":"info","event":"  \"agency_name\": \"National Institutes of Health\",","logger":"task.stdout"}
{"timestamp":"2026-09-01T13:40:16.210325Z","level":"info","event":"  \"category\": \"discretionary\",","logger":"task.stdout"}
{"timestamp":"2026-09-01T13:40:16.211286Z","level":"info","event":"  \"category_explanation\": null,","logger":"task.stdout"}
{"timestamp":"2026-09-01T13:40:16.212145Z","level":"info","event":"  \"legacy_opportunity_id\": 360947,","logger":"task.stdout"}
{"timestamp":"2026-09-01T13:40:16.213129Z","level":"info","event":"  \"opportunity_assistance_listings\": [","logger":"task.stdout"}
{"timestamp":"2026-09-01T13:40:16.214077Z","level":"info","event":"    {","logger":"task.stdout"}
{"timestamp":"2026-09-01T13:40:16.214928Z","level":"info","event":"      \"assistance_listing_number\": \"93.859\",","logger":"task.stdout"}
{"timestamp":"2026-09-01T13:40:16.215875Z","level":"info","event":"      \"program_title\": \"Biomedical Research and Research Training\"","logger":"task.stdout"}
{"timestamp":"2026-09-01T13:40:16.218357Z","level":"info","event":"    }","logger":"task.stdout"}
{"timestamp":"2026-09-01T13:40:16.220531Z","level":"info","event":"  ],","logger":"task.stdout"}
{"timestamp":"2026-09-01T13:40:16.222352Z","level":"info","event":"  \"opportunity_id\": \"db77b347-3d04-44b2-9ecd-ad04c0d896bd\",","logger":"task.stdout"}
{"timestamp":"2026-09-01T13:40:16.223773Z","level":"info","event":"  \"opportunity_number\": \"PAR-27-068\",","logger":"task.stdout"}
{"timestamp":"2026-09-01T13:40:16.224777Z","level":"info","event":"  \"opportunity_status\": \"posted\",","logger":"task.stdout"}
{"timestamp":"2026-09-01T13:40:16.226123Z","level":"info","event":"  \"opportunity_title\": \"Limited Competition: NIGMS Mature Synchrotron Resources (MSR) for Structural Biology (P30 - Clinical Trial Not Allowed)\",","logger":"task.stdout"}
{"timestamp":"2026-09-01T13:40:16.227176Z","level":"info","event":"  \"purpose_statement\": null,","logger":"task.stdout"}
{"timestamp":"2026-09-01T13:40:16.228277Z","level":"info","event":"  \"summary\": {","logger":"task.stdout"}
{"timestamp":"2026-09-01T13:40:16.229384Z","level":"info","event":"    \"additional_info_url\": null,","logger":"task.stdout"}
{"timestamp":"2026-09-01T13:40:16.230555Z","level":"info","event":"    \"additional_info_url_description\": null,","logger":"task.stdout"}
{"timestamp":"2026-09-01T13:40:16.232585Z","level":"info","event":"    \"agency_contact_description\": \"MSR P30\\nMSRP30Mailbox@nih.gov\",","logger":"task.stdout"}
{"timestamp":"2026-09-01T13:40:16.233725Z","level":"info","event":"    \"agency_email_address\": \"MSRP30Mailbox@nih.gov\",","logger":"task.stdout"}
{"timestamp":"2026-09-01T13:40:16.235615Z","level":"info","event":"    \"agency_email_address_description\": \"MSRP30Mailbox@nih.gov\",","logger":"task.stdout"}
{"timestamp":"2026-09-01T13:40:16.237303Z","level":"info","event":"    \"applicant_eligibility_description\": \"Requirement for Current NIGMS Support: This NOFO is limited to applicants requesting support for existing synchrotron resources that are currently supported by NIGMS funding. Applications cannot support resources whose funding ended more than 36 months prior to the application due date.Refer to Section III. Eligibility Information in the NOFO for additional information on eligibility.Foreign Organizations/International CollaborationsNon-domestic (non-U.S.) Entities (Foreign Organization) are not eligible to apply.Non-domestic (non-U.S.) components of U.S. Organizations are not eligible to apply.Foreign components, as defined in the NIH Grants Policy Statement, are not allowed.\",","logger":"task.stdout"}
{"timestamp":"2026-09-01T13:40:16.238737Z","level":"info","event":"    \"applicant_types\": [","logger":"task.stdout"}
{"timestamp":"2026-09-01T13:40:16.241459Z","level":"info","event":"      \"for_profit_organizations_other_than_small_businesses\",","logger":"task.stdout"}
{"timestamp":"2026-09-01T13:40:16.242915Z","level":"info","event":"      \"private_institutions_of_higher_education\",","logger":"task.stdout"}
{"timestamp":"2026-09-01T13:40:16.244077Z","level":"info","event":"      \"nonprofits_non_higher_education_without_501c3\",","logger":"task.stdout"}
{"timestamp":"2026-09-01T13:40:16.245470Z","level":"info","event":"      \"other\",","logger":"task.stdout"}
{"timestamp":"2026-09-01T13:40:16.246594Z","level":"info","event":"      \"public_and_state_institutions_of_higher_education\",","logger":"task.stdout"}
{"timestamp":"2026-09-01T13:40:16.248270Z","level":"info","event":"      \"independent_school_districts\",","logger":"task.stdout"}
{"timestamp":"2026-09-01T13:40:16.249536Z","level":"info","event":"      \"public_and_indian_housing_authorities\",","logger":"task.stdout"}
{"timestamp":"2026-09-01T13:40:16.250717Z","level":"info","event":"      \"state_governments\",","logger":"task.stdout"}
{"timestamp":"2026-09-01T13:40:16.251845Z","level":"info","event":"      \"special_district_governments\",","logger":"task.stdout"}
{"timestamp":"2026-09-01T13:40:16.253000Z","level":"info","event":"      \"county_governments\",","logger":"task.stdout"}
{"timestamp":"2026-09-01T13:40:16.254113Z","level":"info","event":"      \"other_native_american_tribal_organizations\",","logger":"task.stdout"}
{"timestamp":"2026-09-01T13:40:16.255150Z","level":"info","event":"      \"city_or_township_governments\",","logger":"task.stdout"}
{"timestamp":"2026-09-01T13:40:16.256272Z","level":"info","event":"      \"small_businesses\",","logger":"task.stdout"}
{"timestamp":"2026-09-01T13:40:16.257206Z","level":"info","event":"      \"federally_recognized_native_american_tribal_governments\",","logger":"task.stdout"}
{"timestamp":"2026-09-01T13:40:16.258150Z","level":"info","event":"      \"nonprofits_non_higher_education_with_501c3\"","logger":"task.stdout"}
{"timestamp":"2026-09-01T13:40:16.259362Z","level":"info","event":"    ],","logger":"task.stdout"}
{"timestamp":"2026-09-01T13:40:16.260420Z","level":"info","event":"    \"archive_date\": \"2028-11-01\",","logger":"task.stdout"}
{"timestamp":"2026-09-01T13:40:16.261439Z","level":"info","event":"    \"award_ceiling\": null,","logger":"task.stdout"}
{"timestamp":"2026-09-01T13:40:16.262885Z","level":"info","event":"    \"award_floor\": null,","logger":"task.stdout"}
{"timestamp":"2026-09-01T13:40:16.264075Z","level":"info","event":"    \"close_date\": \"2028-10-02\",","logger":"task.stdout"}
{"timestamp":"2026-09-01T13:40:16.264954Z","level":"info","event":"    \"close_date_description\": null,","logger":"task.stdout"}
{"timestamp":"2026-09-01T13:40:16.265870Z","level":"info","event":"    \"created_at\": \"2026-08-31T15:54:22+00:00\",","logger":"task.stdout"}
{"timestamp":"2026-09-01T13:40:16.266890Z","level":"info","event":"    \"estimated_total_program_funding\": null,","logger":"task.stdout"}
{"timestamp":"2026-09-01T13:40:16.267912Z","level":"info","event":"    \"expected_number_of_awards\": null,","logger":"task.stdout"}
{"timestamp":"2026-09-01T13:40:16.268853Z","level":"info","event":"    \"fiscal_year\": null,","logger":"task.stdout"}
{"timestamp":"2026-09-01T13:40:16.269761Z","level":"info","event":"    \"forecasted_award_date\": null,","logger":"task.stdout"}
{"timestamp":"2026-09-01T13:40:16.271171Z","level":"info","event":"    \"forecasted_close_date\": null,","logger":"task.stdout"}
{"timestamp":"2026-09-01T13:40:16.272211Z","level":"info","event":"    \"forecasted_close_date_description\": null,","logger":"task.stdout"}
{"timestamp":"2026-09-01T13:40:16.273164Z","level":"info","event":"    \"forecasted_post_date\": null,","logger":"task.stdout"}
{"timestamp":"2026-09-01T13:40:16.274478Z","level":"info","event":"    \"forecasted_project_start_date\": null,","logger":"task.stdout"}
{"timestamp":"2026-09-01T13:40:16.275637Z","level":"info","event":"    \"funding_categories\": [","logger":"task.stdout"}
{"timestamp":"2026-09-01T13:40:16.276761Z","level":"info","event":"      \"health\"","logger":"task.stdout"}
{"timestamp":"2026-09-01T13:40:16.277796Z","level":"info","event":"    ],","logger":"task.stdout"}
{"timestamp":"2026-09-01T13:40:16.279786Z","level":"info","event":"    \"funding_category_description\": null,","logger":"task.stdout"}
{"timestamp":"2026-09-01T13:40:16.281072Z","level":"info","event":"    \"funding_instruments\": [","logger":"task.stdout"}
{"timestamp":"2026-09-01T13:40:16.282119Z","level":"info","event":"      \"grant\"","logger":"task.stdout"}
{"timestamp":"2026-09-01T13:40:16.283564Z","level":"info","event":"    ],","logger":"task.stdout"}
{"timestamp":"2026-09-01T13:40:16.284740Z","level":"info","event":"    \"is_cost_sharing\": false,","logger":"task.stdout"}
{"timestamp":"2026-09-01T13:40:16.285810Z","level":"info","event":"    \"is_forecast\": false,","logger":"task.stdout"}
{"timestamp":"2026-09-01T13:40:16.287071Z","level":"info","event":"    \"post_date\": \"2026-08-31\",","logger":"task.stdout"}
{"timestamp":"2026-09-01T13:40:16.288224Z","level":"info","event":"    \"summary_description\": \"This Notice of Funding Opportunity (NOFO) supports \\\"mature\\\" resources at synchrotron facilities that provide user access to X-ray beamlines for static and dynamic imaging of biological systems ranging from molecules to organs. \\\"Mature\\\" refers to the techniques made available at the resource beamlines, which must be well established and provide utility to the communities they serve without requiring significant novel technology development. Applications may only request support for existing synchrotron resources that are currently supported by NIGMS funding. The facility is expected to be maintained or upgraded to current best practices, make its capabilities and availability known to the biomedical research community through outreach activities, and provide user training and support.This is a Notice of Funding Opportunity (NOFO) for a Limited Competition that will invite application(s) from eligible organization(s) to apply. Please see Section III. Eligibility for additional information. In accordance with NIH standard peer-review processes, the application(s) will be peer-reviewed, and only meritorious application(s) will be considered for funding.\",","logger":"task.stdout"}
{"timestamp":"2026-09-01T13:40:16.289599Z","level":"info","event":"    \"updated_at\": \"2026-08-31T15:54:22+00:00\",","logger":"task.stdout"}
{"timestamp":"2026-09-01T13:40:16.290674Z","level":"info","event":"    \"version_number\": 1","logger":"task.stdout"}
{"timestamp":"2026-09-01T13:40:16.291807Z","level":"info","event":"  },","logger":"task.stdout"}
{"timestamp":"2026-09-01T13:40:16.293164Z","level":"info","event":"  \"tagline\": null,","logger":"task.stdout"}
{"timestamp":"2026-09-01T13:40:16.294482Z","level":"info","event":"  \"top_level_agency_code\": \"HHS\",","logger":"task.stdout"}
{"timestamp":"2026-09-01T13:40:16.295798Z","level":"info","event":"  \"top_level_agency_name\": \"Department of Health and Human Services\"","logger":"task.stdout"}
{"timestamp":"2026-09-01T13:40:16.296836Z","level":"info","event":"}","logger":"task.stdout"}
{"timestamp":"2026-09-01T13:40:16.298747Z","level":"info","event":"","logger":"task.stdout"}
{"timestamp":"2026-09-01T13:40:16.300225Z","level":"info","event":"","logger":"task.stdout"}
{"timestamp":"2026-09-01T13:40:16.301264Z","level":"info","event":"✅ Saved 21 records to: bronze/grants_gov/ingest_date=2026-09-01/opportunities.json","logger":"task.stdout"}
