{"timestamp":"2026-08-25T14:16:55.668949Z","level":"info","event":"Filling up the DagBag from /opt/airflow/dags/orchestrate.py","logger":"airflow.dag_processing.dagbag.BundleDagBag","filename":"dagbag.py","lineno":460}
{"timestamp":"2026-08-25T14:16:55.814051Z","level":"error","event":"Failed to import: /opt/airflow/dags/orchestrate.py","logger":"airflow.dag_processing.importers.python_importer","filename":"python_importer.py","lineno":244,"error_detail":[{"exc_type":"NameError","exc_value":"name 'dag' is not defined","exc_notes":[],"syntax_error":null,"is_cause":false,"frames":[{"filename":"/home/airflow/.local/lib/python3.13/site-packages/airflow/dag_processing/importers/python_importer.py","lineno":238,"name":"parse"},{"filename":"<frozen importlib._bootstrap_external>","lineno":1023,"name":"exec_module"},{"filename":"<frozen importlib._bootstrap>","lineno":488,"name":"_call_with_frames_removed"},{"filename":"/opt/airflow/dags/orchestrate.py","lineno":3,"name":"<module>"}],"is_group":false,"exceptions":[]}]}
{"timestamp":"2026-08-25T14:16:55.824085Z","level":"error","event":"Error loading DAG from orchestrate.py: name 'dag' is not defined","logger":"airflow.dag_processing.dagbag.BundleDagBag","filename":"dagbag.py","lineno":319}
{"timestamp":"2026-08-25T14:17:26.311449Z","level":"info","event":"Filling up the DagBag from /opt/airflow/dags/orchestrate.py","logger":"airflow.dag_processing.dagbag.BundleDagBag","filename":"dagbag.py","lineno":460}
{"timestamp":"2026-08-25T14:17:26.357225Z","level":"error","event":"Failed to import: /opt/airflow/dags/orchestrate.py","logger":"airflow.dag_processing.importers.python_importer","filename":"python_importer.py","lineno":244,"error_detail":[{"exc_type":"NameError","exc_value":"name 'dag' is not defined","exc_notes":[],"syntax_error":null,"is_cause":false,"frames":[{"filename":"/home/airflow/.local/lib/python3.13/site-packages/airflow/dag_processing/importers/python_importer.py","lineno":238,"name":"parse"},{"filename":"<frozen importlib._bootstrap_external>","lineno":1023,"name":"exec_module"},{"filename":"<frozen importlib._bootstrap>","lineno":488,"name":"_call_with_frames_removed"},{"filename":"/opt/airflow/dags/orchestrate.py","lineno":3,"name":"<module>"}],"is_group":false,"exceptions":[]}]}
{"timestamp":"2026-08-25T14:17:26.366149Z","level":"error","event":"Error loading DAG from orchestrate.py: name 'dag' is not defined","logger":"airflow.dag_processing.dagbag.BundleDagBag","filename":"dagbag.py","lineno":319}
{"timestamp":"2026-08-25T14:17:35.545934Z","level":"info","event":"Filling up the DagBag from /opt/airflow/dags/orchestrate.py","logger":"airflow.dag_processing.dagbag.BundleDagBag","filename":"dagbag.py","lineno":460}
{"timestamp":"2026-08-25T14:17:41.755686Z","level":"info","event":"Filling up the DagBag from /opt/airflow/dags/orchestrate.py","logger":"airflow.dag_processing.dagbag.BundleDagBag","filename":"dagbag.py","lineno":460}
{"timestamp":"2026-08-25T14:18:12.301858Z","level":"info","event":"Filling up the DagBag from /opt/airflow/dags/orchestrate.py","logger":"airflow.dag_processing.dagbag.BundleDagBag","filename":"dagbag.py","lineno":460}
{"timestamp":"2026-08-25T14:18:37.713695Z","level":"info","event":"Filling up the DagBag from /opt/airflow/dags/orchestrate.py","logger":"airflow.dag_processing.dagbag.BundleDagBag","filename":"dagbag.py","lineno":460}
{"timestamp":"2026-08-25T14:19:06.160493Z","level":"info","event":"Filling up the DagBag from /opt/airflow/dags/orchestrate.py","logger":"airflow.dag_processing.dagbag.BundleDagBag","filename":"dagbag.py","lineno":460}
{"timestamp":"2026-08-25T14:19:36.719788Z","level":"info","event":"Filling up the DagBag from /opt/airflow/dags/orchestrate.py","logger":"airflow.dag_processing.dagbag.BundleDagBag","filename":"dagbag.py","lineno":460}
{"timestamp":"2026-08-25T14:20:07.292308Z","level":"info","event":"Filling up the DagBag from /opt/airflow/dags/orchestrate.py","logger":"airflow.dag_processing.dagbag.BundleDagBag","filename":"dagbag.py","lineno":460}
{"timestamp":"2026-08-25T14:20:37.888526Z","level":"info","event":"Filling up the DagBag from /opt/airflow/dags/orchestrate.py","logger":"airflow.dag_processing.dagbag.BundleDagBag","filename":"dagbag.py","lineno":460}
{"timestamp":"2026-08-25T14:21:08.482013Z","level":"info","event":"Filling up the DagBag from /opt/airflow/dags/orchestrate.py","logger":"airflow.dag_processing.dagbag.BundleDagBag","filename":"dagbag.py","lineno":460}
{"timestamp":"2026-08-25T14:21:39.087526Z","level":"info","event":"Filling up the DagBag from /opt/airflow/dags/orchestrate.py","logger":"airflow.dag_processing.dagbag.BundleDagBag","filename":"dagbag.py","lineno":460}
{"timestamp":"2026-08-25T14:21:52.450842Z","level":"info","event":"Filling up the DagBag from /opt/airflow/dags/orchestrate.py","logger":"airflow.dag_processing.dagbag.BundleDagBag","filename":"dagbag.py","lineno":460}
{"timestamp":"2026-08-25T14:22:23.004796Z","level":"info","event":"Filling up the DagBag from /opt/airflow/dags/orchestrate.py","logger":"airflow.dag_processing.dagbag.BundleDagBag","filename":"dagbag.py","lineno":460}
{"timestamp":"2026-08-25T14:22:53.608213Z","level":"info","event":"Filling up the DagBag from /opt/airflow/dags/orchestrate.py","logger":"airflow.dag_processing.dagbag.BundleDagBag","filename":"dagbag.py","lineno":460}
{"timestamp":"2026-08-25T14:23:24.254074Z","level":"info","event":"Filling up the DagBag from /opt/airflow/dags/orchestrate.py","logger":"airflow.dag_processing.dagbag.BundleDagBag","filename":"dagbag.py","lineno":460}
{"timestamp":"2026-08-25T14:23:54.831417Z","level":"info","event":"Filling up the DagBag from /opt/airflow/dags/orchestrate.py","logger":"airflow.dag_processing.dagbag.BundleDagBag","filename":"dagbag.py","lineno":460}
{"timestamp":"2026-08-25T14:24:25.457834Z","level":"info","event":"Filling up the DagBag from /opt/airflow/dags/orchestrate.py","logger":"airflow.dag_processing.dagbag.BundleDagBag","filename":"dagbag.py","lineno":460}
{"timestamp":"2026-08-25T14:24:56.113159Z","level":"info","event":"Filling up the DagBag from /opt/airflow/dags/orchestrate.py","logger":"airflow.dag_processing.dagbag.BundleDagBag","filename":"dagbag.py","lineno":460}
{"timestamp":"2026-08-25T14:25:26.660051Z","level":"info","event":"Filling up the DagBag from /opt/airflow/dags/orchestrate.py","logger":"airflow.dag_processing.dagbag.BundleDagBag","filename":"dagbag.py","lineno":460}
{"timestamp":"2026-08-25T14:25:57.225667Z","level":"info","event":"Filling up the DagBag from /opt/airflow/dags/orchestrate.py","logger":"airflow.dag_processing.dagbag.BundleDagBag","filename":"dagbag.py","lineno":460}
{"timestamp":"2026-08-25T14:26:27.770144Z","level":"info","event":"Filling up the DagBag from /opt/airflow/dags/orchestrate.py","logger":"airflow.dag_processing.dagbag.BundleDagBag","filename":"dagbag.py","lineno":460}
{"timestamp":"2026-08-25T14:26:58.259300Z","level":"info","event":"Filling up the DagBag from /opt/airflow/dags/orchestrate.py","logger":"airflow.dag_processing.dagbag.BundleDagBag","filename":"dagbag.py","lineno":460}
{"timestamp":"2026-08-25T14:27:28.741722Z","level":"info","event":"Filling up the DagBag from /opt/airflow/dags/orchestrate.py","logger":"airflow.dag_processing.dagbag.BundleDagBag","filename":"dagbag.py","lineno":460}
{"timestamp":"2026-08-25T14:27:59.295261Z","level":"info","event":"Filling up the DagBag from /opt/airflow/dags/orchestrate.py","logger":"airflow.dag_processing.dagbag.BundleDagBag","filename":"dagbag.py","lineno":460}
{"timestamp":"2026-08-25T14:28:29.860767Z","level":"info","event":"Filling up the DagBag from /opt/airflow/dags/orchestrate.py","logger":"airflow.dag_processing.dagbag.BundleDagBag","filename":"dagbag.py","lineno":460}
{"timestamp":"2026-08-25T14:29:00.462031Z","level":"info","event":"Filling up the DagBag from /opt/airflow/dags/orchestrate.py","logger":"airflow.dag_processing.dagbag.BundleDagBag","filename":"dagbag.py","lineno":460}
{"timestamp":"2026-08-25T14:29:31.015037Z","level":"info","event":"Filling up the DagBag from /opt/airflow/dags/orchestrate.py","logger":"airflow.dag_processing.dagbag.BundleDagBag","filename":"dagbag.py","lineno":460}
{"timestamp":"2026-08-25T14:30:01.601208Z","level":"info","event":"Filling up the DagBag from /opt/airflow/dags/orchestrate.py","logger":"airflow.dag_processing.dagbag.BundleDagBag","filename":"dagbag.py","lineno":460}
{"timestamp":"2026-08-25T14:30:32.181695Z","level":"info","event":"Filling up the DagBag from /opt/airflow/dags/orchestrate.py","logger":"airflow.dag_processing.dagbag.BundleDagBag","filename":"dagbag.py","lineno":460}
{"timestamp":"2026-08-25T14:31:02.768449Z","level":"info","event":"Filling up the DagBag from /opt/airflow/dags/orchestrate.py","logger":"airflow.dag_processing.dagbag.BundleDagBag","filename":"dagbag.py","lineno":460}
{"timestamp":"2026-08-25T14:31:33.351081Z","level":"info","event":"Filling up the DagBag from /opt/airflow/dags/orchestrate.py","logger":"airflow.dag_processing.dagbag.BundleDagBag","filename":"dagbag.py","lineno":460}
{"timestamp":"2026-08-25T14:32:03.968070Z","level":"info","event":"Filling up the DagBag from /opt/airflow/dags/orchestrate.py","logger":"airflow.dag_processing.dagbag.BundleDagBag","filename":"dagbag.py","lineno":460}
{"timestamp":"2026-08-25T14:32:34.491247Z","level":"info","event":"Filling up the DagBag from /opt/airflow/dags/orchestrate.py","logger":"airflow.dag_processing.dagbag.BundleDagBag","filename":"dagbag.py","lineno":460}
{"timestamp":"2026-08-25T14:33:05.076066Z","level":"info","event":"Filling up the DagBag from /opt/airflow/dags/orchestrate.py","logger":"airflow.dag_processing.dagbag.BundleDagBag","filename":"dagbag.py","lineno":460}
{"timestamp":"2026-08-25T14:33:22.470426Z","level":"info","event":"Filling up the DagBag from /opt/airflow/dags/orchestrate.py","logger":"airflow.dag_processing.dagbag.BundleDagBag","filename":"dagbag.py","lineno":460}
{"timestamp":"2026-08-25T14:33:22.540715Z","level":"error","event":"Failed to import: /opt/airflow/dags/orchestrate.py","logger":"airflow.dag_processing.importers.python_importer","filename":"python_importer.py","lineno":244,"error_detail":[{"exc_type":"TypeError","exc_value":"missing a required argument: 'y'","exc_notes":[],"syntax_error":null,"is_cause":false,"frames":[{"filename":"/home/airflow/.local/lib/python3.13/site-packages/airflow/dag_processing/importers/python_importer.py","lineno":238,"name":"parse"},{"filename":"<frozen importlib._bootstrap_external>","lineno":1023,"name":"exec_module"},{"filename":"<frozen importlib._bootstrap>","lineno":488,"name":"_call_with_frames_removed"},{"filename":"/opt/airflow/dags/orchestrate.py","lineno":27,"name":"<module>"},{"filename":"/home/airflow/.local/lib/python3.13/site-packages/airflow/sdk/definitions/dag.py","lineno":1696,"name":"factory"},{"filename":"/opt/airflow/dags/orchestrate.py","lineno":23,"name":"orchestrate"},{"filename":"/home/airflow/.local/lib/python3.13/site-packages/airflow/sdk/bases/decorator.py","lineno":518,"name":"__call__"},{"filename":"/home/airflow/.local/lib/python3.13/site-packages/airflow/sdk/bases/operator.py","lineno":550,"name":"apply_defaults"},{"filename":"/home/airflow/.local/lib/python3.13/site-packages/airflow/providers/standard/decorators/python.py","lineno":53,"name":"__init__"},{"filename":"/home/airflow/.local/lib/python3.13/site-packages/airflow/sdk/bases/operator.py","lineno":550,"name":"apply_defaults"},{"filename":"/home/airflow/.local/lib/python3.13/site-packages/airflow/sdk/bases/decorator.py","lineno":371,"name":"__init__"},{"filename":"/usr/python/lib/python3.13/inspect.py","lineno":3309,"name":"bind"},{"filename":"/usr/python/lib/python3.13/inspect.py","lineno":3222,"name":"_bind"}],"is_group":false,"exceptions":[]}]}
{"timestamp":"2026-08-25T14:33:22.544662Z","level":"error","event":"Error loading DAG from orchestrate.py: missing a required argument: 'y'","logger":"airflow.dag_processing.dagbag.BundleDagBag","filename":"dagbag.py","lineno":319}
{"timestamp":"2026-08-25T14:33:53.013842Z","level":"info","event":"Filling up the DagBag from /opt/airflow/dags/orchestrate.py","logger":"airflow.dag_processing.dagbag.BundleDagBag","filename":"dagbag.py","lineno":460}
{"timestamp":"2026-08-25T14:33:53.062123Z","level":"error","event":"Failed to import: /opt/airflow/dags/orchestrate.py","logger":"airflow.dag_processing.importers.python_importer","filename":"python_importer.py","lineno":244,"error_detail":[{"exc_type":"TypeError","exc_value":"missing a required argument: 'y'","exc_notes":[],"syntax_error":null,"is_cause":false,"frames":[{"filename":"/home/airflow/.local/lib/python3.13/site-packages/airflow/dag_processing/importers/python_importer.py","lineno":238,"name":"parse"},{"filename":"<frozen importlib._bootstrap_external>","lineno":1023,"name":"exec_module"},{"filename":"<frozen importlib._bootstrap>","lineno":488,"name":"_call_with_frames_removed"},{"filename":"/opt/airflow/dags/orchestrate.py","lineno":27,"name":"<module>"},{"filename":"/home/airflow/.local/lib/python3.13/site-packages/airflow/sdk/definitions/dag.py","lineno":1696,"name":"factory"},{"filename":"/opt/airflow/dags/orchestrate.py","lineno":23,"name":"orchestrate"},{"filename":"/home/airflow/.local/lib/python3.13/site-packages/airflow/sdk/bases/decorator.py","lineno":518,"name":"__call__"},{"filename":"/home/airflow/.local/lib/python3.13/site-packages/airflow/sdk/bases/operator.py","lineno":550,"name":"apply_defaults"},{"filename":"/home/airflow/.local/lib/python3.13/site-packages/airflow/providers/standard/decorators/python.py","lineno":53,"name":"__init__"},{"filename":"/home/airflow/.local/lib/python3.13/site-packages/airflow/sdk/bases/operator.py","lineno":550,"name":"apply_defaults"},{"filename":"/home/airflow/.local/lib/python3.13/site-packages/airflow/sdk/bases/decorator.py","lineno":371,"name":"__init__"},{"filename":"/usr/python/lib/python3.13/inspect.py","lineno":3309,"name":"bind"},{"filename":"/usr/python/lib/python3.13/inspect.py","lineno":3222,"name":"_bind"}],"is_group":false,"exceptions":[]}]}
{"timestamp":"2026-08-25T14:33:53.064131Z","level":"error","event":"Error loading DAG from orchestrate.py: missing a required argument: 'y'","logger":"airflow.dag_processing.dagbag.BundleDagBag","filename":"dagbag.py","lineno":319}
{"timestamp":"2026-08-25T14:33:58.221946Z","level":"info","event":"Filling up the DagBag from /opt/airflow/dags/orchestrate.py","logger":"airflow.dag_processing.dagbag.BundleDagBag","filename":"dagbag.py","lineno":460}
{"timestamp":"2026-08-25T14:33:58.290771Z","level":"error","event":"Failed to import: /opt/airflow/dags/orchestrate.py","logger":"airflow.dag_processing.importers.python_importer","filename":"python_importer.py","lineno":244,"error_detail":[{"exc_type":"NameError","exc_value":"name 'y' is not defined","exc_notes":[],"syntax_error":null,"is_cause":false,"frames":[{"filename":"/home/airflow/.local/lib/python3.13/site-packages/airflow/dag_processing/importers/python_importer.py","lineno":238,"name":"parse"},{"filename":"<frozen importlib._bootstrap_external>","lineno":1023,"name":"exec_module"},{"filename":"<frozen importlib._bootstrap>","lineno":488,"name":"_call_with_frames_removed"},{"filename":"/opt/airflow/dags/orchestrate.py","lineno":27,"name":"<module>"},{"filename":"/home/airflow/.local/lib/python3.13/site-packages/airflow/sdk/definitions/dag.py","lineno":1696,"name":"factory"},{"filename":"/opt/airflow/dags/orchestrate.py","lineno":23,"name":"orchestrate"}],"is_group":false,"exceptions":[]}]}
{"timestamp":"2026-08-25T14:33:58.295794Z","level":"error","event":"Error loading DAG from orchestrate.py: name 'y' is not defined","logger":"airflow.dag_processing.dagbag.BundleDagBag","filename":"dagbag.py","lineno":319}
{"timestamp":"2026-08-25T14:34:00.425535Z","level":"info","event":"Filling up the DagBag from /opt/airflow/dags/orchestrate.py","logger":"airflow.dag_processing.dagbag.BundleDagBag","filename":"dagbag.py","lineno":460}
{"timestamp":"2026-08-25T14:34:30.991822Z","level":"info","event":"Filling up the DagBag from /opt/airflow/dags/orchestrate.py","logger":"airflow.dag_processing.dagbag.BundleDagBag","filename":"dagbag.py","lineno":460}
{"timestamp":"2026-08-25T14:35:01.541800Z","level":"info","event":"Filling up the DagBag from /opt/airflow/dags/orchestrate.py","logger":"airflow.dag_processing.dagbag.BundleDagBag","filename":"dagbag.py","lineno":460}
{"timestamp":"2026-08-25T14:35:32.051068Z","level":"info","event":"Filling up the DagBag from /opt/airflow/dags/orchestrate.py","logger":"airflow.dag_processing.dagbag.BundleDagBag","filename":"dagbag.py","lineno":460}
{"timestamp":"2026-08-25T14:36:02.619896Z","level":"info","event":"Filling up the DagBag from /opt/airflow/dags/orchestrate.py","logger":"airflow.dag_processing.dagbag.BundleDagBag","filename":"dagbag.py","lineno":460}
{"timestamp":"2026-08-25T14:36:33.177522Z","level":"info","event":"Filling up the DagBag from /opt/airflow/dags/orchestrate.py","logger":"airflow.dag_processing.dagbag.BundleDagBag","filename":"dagbag.py","lineno":460}
{"timestamp":"2026-08-25T14:37:03.769673Z","level":"info","event":"Filling up the DagBag from /opt/airflow/dags/orchestrate.py","logger":"airflow.dag_processing.dagbag.BundleDagBag","filename":"dagbag.py","lineno":460}
{"timestamp":"2026-08-25T14:37:34.395899Z","level":"info","event":"Filling up the DagBag from /opt/airflow/dags/orchestrate.py","logger":"airflow.dag_processing.dagbag.BundleDagBag","filename":"dagbag.py","lineno":460}
{"timestamp":"2026-08-25T14:38:05.006140Z","level":"info","event":"Filling up the DagBag from /opt/airflow/dags/orchestrate.py","logger":"airflow.dag_processing.dagbag.BundleDagBag","filename":"dagbag.py","lineno":460}
{"timestamp":"2026-08-25T14:38:35.592173Z","level":"info","event":"Filling up the DagBag from /opt/airflow/dags/orchestrate.py","logger":"airflow.dag_processing.dagbag.BundleDagBag","filename":"dagbag.py","lineno":460}
{"timestamp":"2026-08-25T14:39:06.228740Z","level":"info","event":"Filling up the DagBag from /opt/airflow/dags/orchestrate.py","logger":"airflow.dag_processing.dagbag.BundleDagBag","filename":"dagbag.py","lineno":460}
{"timestamp":"2026-08-25T14:39:36.730837Z","level":"info","event":"Filling up the DagBag from /opt/airflow/dags/orchestrate.py","logger":"airflow.dag_processing.dagbag.BundleDagBag","filename":"dagbag.py","lineno":460}
{"timestamp":"2026-08-25T14:40:07.312134Z","level":"info","event":"Filling up the DagBag from /opt/airflow/dags/orchestrate.py","logger":"airflow.dag_processing.dagbag.BundleDagBag","filename":"dagbag.py","lineno":460}
{"timestamp":"2026-08-25T14:40:37.903373Z","level":"info","event":"Filling up the DagBag from /opt/airflow/dags/orchestrate.py","logger":"airflow.dag_processing.dagbag.BundleDagBag","filename":"dagbag.py","lineno":460}
{"timestamp":"2026-08-25T14:41:08.490135Z","level":"info","event":"Filling up the DagBag from /opt/airflow/dags/orchestrate.py","logger":"airflow.dag_processing.dagbag.BundleDagBag","filename":"dagbag.py","lineno":460}
{"timestamp":"2026-08-25T14:41:39.001684Z","level":"info","event":"Filling up the DagBag from /opt/airflow/dags/orchestrate.py","logger":"airflow.dag_processing.dagbag.BundleDagBag","filename":"dagbag.py","lineno":460}
{"timestamp":"2026-08-25T14:42:09.573136Z","level":"info","event":"Filling up the DagBag from /opt/airflow/dags/orchestrate.py","logger":"airflow.dag_processing.dagbag.BundleDagBag","filename":"dagbag.py","lineno":460}
{"timestamp":"2026-08-25T14:42:40.078432Z","level":"info","event":"Filling up the DagBag from /opt/airflow/dags/orchestrate.py","logger":"airflow.dag_processing.dagbag.BundleDagBag","filename":"dagbag.py","lineno":460}
{"timestamp":"2026-08-25T14:43:10.629156Z","level":"info","event":"Filling up the DagBag from /opt/airflow/dags/orchestrate.py","logger":"airflow.dag_processing.dagbag.BundleDagBag","filename":"dagbag.py","lineno":460}
{"timestamp":"2026-08-25T14:43:41.161660Z","level":"info","event":"Filling up the DagBag from /opt/airflow/dags/orchestrate.py","logger":"airflow.dag_processing.dagbag.BundleDagBag","filename":"dagbag.py","lineno":460}
{"timestamp":"2026-08-25T14:44:11.743188Z","level":"info","event":"Filling up the DagBag from /opt/airflow/dags/orchestrate.py","logger":"airflow.dag_processing.dagbag.BundleDagBag","filename":"dagbag.py","lineno":460}
{"timestamp":"2026-08-25T14:44:42.253704Z","level":"info","event":"Filling up the DagBag from /opt/airflow/dags/orchestrate.py","logger":"airflow.dag_processing.dagbag.BundleDagBag","filename":"dagbag.py","lineno":460}
{"timestamp":"2026-08-25T14:45:12.810586Z","level":"info","event":"Filling up the DagBag from /opt/airflow/dags/orchestrate.py","logger":"airflow.dag_processing.dagbag.BundleDagBag","filename":"dagbag.py","lineno":460}
{"timestamp":"2026-08-25T14:45:43.303231Z","level":"info","event":"Filling up the DagBag from /opt/airflow/dags/orchestrate.py","logger":"airflow.dag_processing.dagbag.BundleDagBag","filename":"dagbag.py","lineno":460}
{"timestamp":"2026-08-25T14:46:13.814229Z","level":"info","event":"Filling up the DagBag from /opt/airflow/dags/orchestrate.py","logger":"airflow.dag_processing.dagbag.BundleDagBag","filename":"dagbag.py","lineno":460}
{"timestamp":"2026-08-25T14:46:44.384629Z","level":"info","event":"Filling up the DagBag from /opt/airflow/dags/orchestrate.py","logger":"airflow.dag_processing.dagbag.BundleDagBag","filename":"dagbag.py","lineno":460}
{"timestamp":"2026-08-25T14:47:14.938073Z","level":"info","event":"Filling up the DagBag from /opt/airflow/dags/orchestrate.py","logger":"airflow.dag_processing.dagbag.BundleDagBag","filename":"dagbag.py","lineno":460}
{"timestamp":"2026-08-25T14:47:45.530374Z","level":"info","event":"Filling up the DagBag from /opt/airflow/dags/orchestrate.py","logger":"airflow.dag_processing.dagbag.BundleDagBag","filename":"dagbag.py","lineno":460}
{"timestamp":"2026-08-25T14:48:16.055477Z","level":"info","event":"Filling up the DagBag from /opt/airflow/dags/orchestrate.py","logger":"airflow.dag_processing.dagbag.BundleDagBag","filename":"dagbag.py","lineno":460}
{"timestamp":"2026-08-25T14:48:46.544254Z","level":"info","event":"Filling up the DagBag from /opt/airflow/dags/orchestrate.py","logger":"airflow.dag_processing.dagbag.BundleDagBag","filename":"dagbag.py","lineno":460}
{"timestamp":"2026-08-25T14:49:17.100845Z","level":"info","event":"Filling up the DagBag from /opt/airflow/dags/orchestrate.py","logger":"airflow.dag_processing.dagbag.BundleDagBag","filename":"dagbag.py","lineno":460}
{"timestamp":"2026-08-25T14:49:47.668066Z","level":"info","event":"Filling up the DagBag from /opt/airflow/dags/orchestrate.py","logger":"airflow.dag_processing.dagbag.BundleDagBag","filename":"dagbag.py","lineno":460}
{"timestamp":"2026-08-25T14:50:18.285130Z","level":"info","event":"Filling up the DagBag from /opt/airflow/dags/orchestrate.py","logger":"airflow.dag_processing.dagbag.BundleDagBag","filename":"dagbag.py","lineno":460}
{"timestamp":"2026-08-25T14:50:48.890276Z","level":"info","event":"Filling up the DagBag from /opt/airflow/dags/orchestrate.py","logger":"airflow.dag_processing.dagbag.BundleDagBag","filename":"dagbag.py","lineno":460}
{"timestamp":"2026-08-25T14:51:19.506402Z","level":"info","event":"Filling up the DagBag from /opt/airflow/dags/orchestrate.py","logger":"airflow.dag_processing.dagbag.BundleDagBag","filename":"dagbag.py","lineno":460}
{"timestamp":"2026-08-25T14:51:50.066445Z","level":"info","event":"Filling up the DagBag from /opt/airflow/dags/orchestrate.py","logger":"airflow.dag_processing.dagbag.BundleDagBag","filename":"dagbag.py","lineno":460}
{"timestamp":"2026-08-25T14:52:20.621861Z","level":"info","event":"Filling up the DagBag from /opt/airflow/dags/orchestrate.py","logger":"airflow.dag_processing.dagbag.BundleDagBag","filename":"dagbag.py","lineno":460}
{"timestamp":"2026-08-25T14:52:51.186188Z","level":"info","event":"Filling up the DagBag from /opt/airflow/dags/orchestrate.py","logger":"airflow.dag_processing.dagbag.BundleDagBag","filename":"dagbag.py","lineno":460}
{"timestamp":"2026-08-25T14:53:21.738134Z","level":"info","event":"Filling up the DagBag from /opt/airflow/dags/orchestrate.py","logger":"airflow.dag_processing.dagbag.BundleDagBag","filename":"dagbag.py","lineno":460}
{"timestamp":"2026-08-25T14:53:52.270439Z","level":"info","event":"Filling up the DagBag from /opt/airflow/dags/orchestrate.py","logger":"airflow.dag_processing.dagbag.BundleDagBag","filename":"dagbag.py","lineno":460}
{"timestamp":"2026-08-25T14:54:22.783800Z","level":"info","event":"Filling up the DagBag from /opt/airflow/dags/orchestrate.py","logger":"airflow.dag_processing.dagbag.BundleDagBag","filename":"dagbag.py","lineno":460}
{"timestamp":"2026-08-25T14:54:53.301295Z","level":"info","event":"Filling up the DagBag from /opt/airflow/dags/orchestrate.py","logger":"airflow.dag_processing.dagbag.BundleDagBag","filename":"dagbag.py","lineno":460}
{"timestamp":"2026-08-25T14:55:23.875694Z","level":"info","event":"Filling up the DagBag from /opt/airflow/dags/orchestrate.py","logger":"airflow.dag_processing.dagbag.BundleDagBag","filename":"dagbag.py","lineno":460}
{"timestamp":"2026-08-25T14:55:54.366923Z","level":"info","event":"Filling up the DagBag from /opt/airflow/dags/orchestrate.py","logger":"airflow.dag_processing.dagbag.BundleDagBag","filename":"dagbag.py","lineno":460}
{"timestamp":"2026-08-25T14:56:24.891892Z","level":"info","event":"Filling up the DagBag from /opt/airflow/dags/orchestrate.py","logger":"airflow.dag_processing.dagbag.BundleDagBag","filename":"dagbag.py","lineno":460}
{"timestamp":"2026-08-25T14:56:55.404132Z","level":"info","event":"Filling up the DagBag from /opt/airflow/dags/orchestrate.py","logger":"airflow.dag_processing.dagbag.BundleDagBag","filename":"dagbag.py","lineno":460}
{"timestamp":"2026-08-25T14:57:25.952796Z","level":"info","event":"Filling up the DagBag from /opt/airflow/dags/orchestrate.py","logger":"airflow.dag_processing.dagbag.BundleDagBag","filename":"dagbag.py","lineno":460}
{"timestamp":"2026-08-25T14:57:56.520504Z","level":"info","event":"Filling up the DagBag from /opt/airflow/dags/orchestrate.py","logger":"airflow.dag_processing.dagbag.BundleDagBag","filename":"dagbag.py","lineno":460}
{"timestamp":"2026-08-25T14:58:27.070931Z","level":"info","event":"Filling up the DagBag from /opt/airflow/dags/orchestrate.py","logger":"airflow.dag_processing.dagbag.BundleDagBag","filename":"dagbag.py","lineno":460}
{"timestamp":"2026-08-25T14:58:57.638072Z","level":"info","event":"Filling up the DagBag from /opt/airflow/dags/orchestrate.py","logger":"airflow.dag_processing.dagbag.BundleDagBag","filename":"dagbag.py","lineno":460}
{"timestamp":"2026-08-25T14:59:28.157120Z","level":"info","event":"Filling up the DagBag from /opt/airflow/dags/orchestrate.py","logger":"airflow.dag_processing.dagbag.BundleDagBag","filename":"dagbag.py","lineno":460}
{"timestamp":"2026-08-25T14:59:58.756733Z","level":"info","event":"Filling up the DagBag from /opt/airflow/dags/orchestrate.py","logger":"airflow.dag_processing.dagbag.BundleDagBag","filename":"dagbag.py","lineno":460}
{"timestamp":"2026-08-25T15:00:29.336509Z","level":"info","event":"Filling up the DagBag from /opt/airflow/dags/orchestrate.py","logger":"airflow.dag_processing.dagbag.BundleDagBag","filename":"dagbag.py","lineno":460}
{"timestamp":"2026-08-25T15:01:00.038942Z","level":"info","event":"Filling up the DagBag from /opt/airflow/dags/orchestrate.py","logger":"airflow.dag_processing.dagbag.BundleDagBag","filename":"dagbag.py","lineno":460}
{"timestamp":"2026-08-25T15:01:30.618752Z","level":"info","event":"Filling up the DagBag from /opt/airflow/dags/orchestrate.py","logger":"airflow.dag_processing.dagbag.BundleDagBag","filename":"dagbag.py","lineno":460}
{"timestamp":"2026-08-25T15:02:01.229225Z","level":"info","event":"Filling up the DagBag from /opt/airflow/dags/orchestrate.py","logger":"airflow.dag_processing.dagbag.BundleDagBag","filename":"dagbag.py","lineno":460}
{"timestamp":"2026-08-25T15:02:31.863454Z","level":"info","event":"Filling up the DagBag from /opt/airflow/dags/orchestrate.py","logger":"airflow.dag_processing.dagbag.BundleDagBag","filename":"dagbag.py","lineno":460}
{"timestamp":"2026-08-25T15:03:02.483720Z","level":"info","event":"Filling up the DagBag from /opt/airflow/dags/orchestrate.py","logger":"airflow.dag_processing.dagbag.BundleDagBag","filename":"dagbag.py","lineno":460}
{"timestamp":"2026-08-25T15:03:33.103745Z","level":"info","event":"Filling up the DagBag from /opt/airflow/dags/orchestrate.py","logger":"airflow.dag_processing.dagbag.BundleDagBag","filename":"dagbag.py","lineno":460}
{"timestamp":"2026-08-25T15:04:03.693982Z","level":"info","event":"Filling up the DagBag from /opt/airflow/dags/orchestrate.py","logger":"airflow.dag_processing.dagbag.BundleDagBag","filename":"dagbag.py","lineno":460}
{"timestamp":"2026-08-25T15:04:34.286506Z","level":"info","event":"Filling up the DagBag from /opt/airflow/dags/orchestrate.py","logger":"airflow.dag_processing.dagbag.BundleDagBag","filename":"dagbag.py","lineno":460}
{"timestamp":"2026-08-25T15:05:04.847967Z","level":"info","event":"Filling up the DagBag from /opt/airflow/dags/orchestrate.py","logger":"airflow.dag_processing.dagbag.BundleDagBag","filename":"dagbag.py","lineno":460}
{"timestamp":"2026-08-25T15:05:35.461309Z","level":"info","event":"Filling up the DagBag from /opt/airflow/dags/orchestrate.py","logger":"airflow.dag_processing.dagbag.BundleDagBag","filename":"dagbag.py","lineno":460}
{"timestamp":"2026-08-25T15:06:06.057024Z","level":"info","event":"Filling up the DagBag from /opt/airflow/dags/orchestrate.py","logger":"airflow.dag_processing.dagbag.BundleDagBag","filename":"dagbag.py","lineno":460}
{"timestamp":"2026-08-25T15:06:36.560091Z","level":"info","event":"Filling up the DagBag from /opt/airflow/dags/orchestrate.py","logger":"airflow.dag_processing.dagbag.BundleDagBag","filename":"dagbag.py","lineno":460}
{"timestamp":"2026-08-25T15:07:07.124447Z","level":"info","event":"Filling up the DagBag from /opt/airflow/dags/orchestrate.py","logger":"airflow.dag_processing.dagbag.BundleDagBag","filename":"dagbag.py","lineno":460}
{"timestamp":"2026-08-25T15:07:37.822153Z","level":"info","event":"Filling up the DagBag from /opt/airflow/dags/orchestrate.py","logger":"airflow.dag_processing.dagbag.BundleDagBag","filename":"dagbag.py","lineno":460}
{"timestamp":"2026-08-25T15:08:08.418720Z","level":"info","event":"Filling up the DagBag from /opt/airflow/dags/orchestrate.py","logger":"airflow.dag_processing.dagbag.BundleDagBag","filename":"dagbag.py","lineno":460}
{"timestamp":"2026-08-25T15:08:38.990002Z","level":"info","event":"Filling up the DagBag from /opt/airflow/dags/orchestrate.py","logger":"airflow.dag_processing.dagbag.BundleDagBag","filename":"dagbag.py","lineno":460}
{"timestamp":"2026-08-25T15:09:09.576380Z","level":"info","event":"Filling up the DagBag from /opt/airflow/dags/orchestrate.py","logger":"airflow.dag_processing.dagbag.BundleDagBag","filename":"dagbag.py","lineno":460}
{"timestamp":"2026-08-25T15:09:40.165802Z","level":"info","event":"Filling up the DagBag from /opt/airflow/dags/orchestrate.py","logger":"airflow.dag_processing.dagbag.BundleDagBag","filename":"dagbag.py","lineno":460}
{"timestamp":"2026-08-25T15:10:10.728880Z","level":"info","event":"Filling up the DagBag from /opt/airflow/dags/orchestrate.py","logger":"airflow.dag_processing.dagbag.BundleDagBag","filename":"dagbag.py","lineno":460}
{"timestamp":"2026-08-25T15:10:41.283485Z","level":"info","event":"Filling up the DagBag from /opt/airflow/dags/orchestrate.py","logger":"airflow.dag_processing.dagbag.BundleDagBag","filename":"dagbag.py","lineno":460}
{"timestamp":"2026-08-25T15:11:11.848305Z","level":"info","event":"Filling up the DagBag from /opt/airflow/dags/orchestrate.py","logger":"airflow.dag_processing.dagbag.BundleDagBag","filename":"dagbag.py","lineno":460}
{"timestamp":"2026-08-25T15:11:42.427015Z","level":"info","event":"Filling up the DagBag from /opt/airflow/dags/orchestrate.py","logger":"airflow.dag_processing.dagbag.BundleDagBag","filename":"dagbag.py","lineno":460}
{"timestamp":"2026-08-25T15:12:13.017584Z","level":"info","event":"Filling up the DagBag from /opt/airflow/dags/orchestrate.py","logger":"airflow.dag_processing.dagbag.BundleDagBag","filename":"dagbag.py","lineno":460}
{"timestamp":"2026-08-25T15:12:43.632339Z","level":"info","event":"Filling up the DagBag from /opt/airflow/dags/orchestrate.py","logger":"airflow.dag_processing.dagbag.BundleDagBag","filename":"dagbag.py","lineno":460}
{"timestamp":"2026-08-25T15:13:14.201630Z","level":"info","event":"Filling up the DagBag from /opt/airflow/dags/orchestrate.py","logger":"airflow.dag_processing.dagbag.BundleDagBag","filename":"dagbag.py","lineno":460}
{"timestamp":"2026-08-25T15:13:44.808380Z","level":"info","event":"Filling up the DagBag from /opt/airflow/dags/orchestrate.py","logger":"airflow.dag_processing.dagbag.BundleDagBag","filename":"dagbag.py","lineno":460}
{"timestamp":"2026-08-25T15:14:15.394962Z","level":"info","event":"Filling up the DagBag from /opt/airflow/dags/orchestrate.py","logger":"airflow.dag_processing.dagbag.BundleDagBag","filename":"dagbag.py","lineno":460}
{"timestamp":"2026-08-25T15:14:46.035544Z","level":"info","event":"Filling up the DagBag from /opt/airflow/dags/orchestrate.py","logger":"airflow.dag_processing.dagbag.BundleDagBag","filename":"dagbag.py","lineno":460}
{"timestamp":"2026-08-25T15:15:16.666467Z","level":"info","event":"Filling up the DagBag from /opt/airflow/dags/orchestrate.py","logger":"airflow.dag_processing.dagbag.BundleDagBag","filename":"dagbag.py","lineno":460}
{"timestamp":"2026-08-25T15:15:47.260893Z","level":"info","event":"Filling up the DagBag from /opt/airflow/dags/orchestrate.py","logger":"airflow.dag_processing.dagbag.BundleDagBag","filename":"dagbag.py","lineno":460}
{"timestamp":"2026-08-25T15:16:17.850231Z","level":"info","event":"Filling up the DagBag from /opt/airflow/dags/orchestrate.py","logger":"airflow.dag_processing.dagbag.BundleDagBag","filename":"dagbag.py","lineno":460}
{"timestamp":"2026-08-25T15:16:48.433236Z","level":"info","event":"Filling up the DagBag from /opt/airflow/dags/orchestrate.py","logger":"airflow.dag_processing.dagbag.BundleDagBag","filename":"dagbag.py","lineno":460}
{"timestamp":"2026-08-25T15:17:19.048325Z","level":"info","event":"Filling up the DagBag from /opt/airflow/dags/orchestrate.py","logger":"airflow.dag_processing.dagbag.BundleDagBag","filename":"dagbag.py","lineno":460}
{"timestamp":"2026-08-25T15:17:49.630641Z","level":"info","event":"Filling up the DagBag from /opt/airflow/dags/orchestrate.py","logger":"airflow.dag_processing.dagbag.BundleDagBag","filename":"dagbag.py","lineno":460}
{"timestamp":"2026-08-25T15:18:20.231438Z","level":"info","event":"Filling up the DagBag from /opt/airflow/dags/orchestrate.py","logger":"airflow.dag_processing.dagbag.BundleDagBag","filename":"dagbag.py","lineno":460}
{"timestamp":"2026-08-25T15:18:50.838814Z","level":"info","event":"Filling up the DagBag from /opt/airflow/dags/orchestrate.py","logger":"airflow.dag_processing.dagbag.BundleDagBag","filename":"dagbag.py","lineno":460}
{"timestamp":"2026-08-25T15:19:21.425779Z","level":"info","event":"Filling up the DagBag from /opt/airflow/dags/orchestrate.py","logger":"airflow.dag_processing.dagbag.BundleDagBag","filename":"dagbag.py","lineno":460}
{"timestamp":"2026-08-25T15:19:52.003860Z","level":"info","event":"Filling up the DagBag from /opt/airflow/dags/orchestrate.py","logger":"airflow.dag_processing.dagbag.BundleDagBag","filename":"dagbag.py","lineno":460}
{"timestamp":"2026-08-25T15:20:22.622452Z","level":"info","event":"Filling up the DagBag from /opt/airflow/dags/orchestrate.py","logger":"airflow.dag_processing.dagbag.BundleDagBag","filename":"dagbag.py","lineno":460}
{"timestamp":"2026-08-25T15:20:53.206069Z","level":"info","event":"Filling up the DagBag from /opt/airflow/dags/orchestrate.py","logger":"airflow.dag_processing.dagbag.BundleDagBag","filename":"dagbag.py","lineno":460}
{"timestamp":"2026-08-25T15:21:23.748580Z","level":"info","event":"Filling up the DagBag from /opt/airflow/dags/orchestrate.py","logger":"airflow.dag_processing.dagbag.BundleDagBag","filename":"dagbag.py","lineno":460}
{"timestamp":"2026-08-25T15:21:54.362928Z","level":"info","event":"Filling up the DagBag from /opt/airflow/dags/orchestrate.py","logger":"airflow.dag_processing.dagbag.BundleDagBag","filename":"dagbag.py","lineno":460}
{"timestamp":"2026-08-25T15:22:24.956620Z","level":"info","event":"Filling up the DagBag from /opt/airflow/dags/orchestrate.py","logger":"airflow.dag_processing.dagbag.BundleDagBag","filename":"dagbag.py","lineno":460}
{"timestamp":"2026-08-25T15:22:55.531592Z","level":"info","event":"Filling up the DagBag from /opt/airflow/dags/orchestrate.py","logger":"airflow.dag_processing.dagbag.BundleDagBag","filename":"dagbag.py","lineno":460}
{"timestamp":"2026-08-25T15:23:26.114394Z","level":"info","event":"Filling up the DagBag from /opt/airflow/dags/orchestrate.py","logger":"airflow.dag_processing.dagbag.BundleDagBag","filename":"dagbag.py","lineno":460}
{"timestamp":"2026-08-25T15:23:56.649196Z","level":"info","event":"Filling up the DagBag from /opt/airflow/dags/orchestrate.py","logger":"airflow.dag_processing.dagbag.BundleDagBag","filename":"dagbag.py","lineno":460}
{"timestamp":"2026-08-25T15:24:27.194223Z","level":"info","event":"Filling up the DagBag from /opt/airflow/dags/orchestrate.py","logger":"airflow.dag_processing.dagbag.BundleDagBag","filename":"dagbag.py","lineno":460}
{"timestamp":"2026-08-25T15:24:57.752886Z","level":"info","event":"Filling up the DagBag from /opt/airflow/dags/orchestrate.py","logger":"airflow.dag_processing.dagbag.BundleDagBag","filename":"dagbag.py","lineno":460}
{"timestamp":"2026-08-25T15:25:28.346969Z","level":"info","event":"Filling up the DagBag from /opt/airflow/dags/orchestrate.py","logger":"airflow.dag_processing.dagbag.BundleDagBag","filename":"dagbag.py","lineno":460}
{"timestamp":"2026-08-25T15:25:58.906276Z","level":"info","event":"Filling up the DagBag from /opt/airflow/dags/orchestrate.py","logger":"airflow.dag_processing.dagbag.BundleDagBag","filename":"dagbag.py","lineno":460}
{"timestamp":"2026-08-25T15:26:29.499202Z","level":"info","event":"Filling up the DagBag from /opt/airflow/dags/orchestrate.py","logger":"airflow.dag_processing.dagbag.BundleDagBag","filename":"dagbag.py","lineno":460}
{"timestamp":"2026-08-25T15:26:59.939264Z","level":"info","event":"Filling up the DagBag from /opt/airflow/dags/orchestrate.py","logger":"airflow.dag_processing.dagbag.BundleDagBag","filename":"dagbag.py","lineno":460}
{"timestamp":"2026-08-25T15:27:30.419816Z","level":"info","event":"Filling up the DagBag from /opt/airflow/dags/orchestrate.py","logger":"airflow.dag_processing.dagbag.BundleDagBag","filename":"dagbag.py","lineno":460}
{"timestamp":"2026-08-25T15:28:01.001001Z","level":"info","event":"Filling up the DagBag from /opt/airflow/dags/orchestrate.py","logger":"airflow.dag_processing.dagbag.BundleDagBag","filename":"dagbag.py","lineno":460}
{"timestamp":"2026-08-25T15:28:31.581014Z","level":"info","event":"Filling up the DagBag from /opt/airflow/dags/orchestrate.py","logger":"airflow.dag_processing.dagbag.BundleDagBag","filename":"dagbag.py","lineno":460}
{"timestamp":"2026-08-25T15:29:02.213957Z","level":"info","event":"Filling up the DagBag from /opt/airflow/dags/orchestrate.py","logger":"airflow.dag_processing.dagbag.BundleDagBag","filename":"dagbag.py","lineno":460}
{"timestamp":"2026-08-25T15:29:32.792352Z","level":"info","event":"Filling up the DagBag from /opt/airflow/dags/orchestrate.py","logger":"airflow.dag_processing.dagbag.BundleDagBag","filename":"dagbag.py","lineno":460}
{"timestamp":"2026-08-25T15:30:03.365193Z","level":"info","event":"Filling up the DagBag from /opt/airflow/dags/orchestrate.py","logger":"airflow.dag_processing.dagbag.BundleDagBag","filename":"dagbag.py","lineno":460}
{"timestamp":"2026-08-25T15:30:33.954090Z","level":"info","event":"Filling up the DagBag from /opt/airflow/dags/orchestrate.py","logger":"airflow.dag_processing.dagbag.BundleDagBag","filename":"dagbag.py","lineno":460}
{"timestamp":"2026-08-25T15:31:04.569140Z","level":"info","event":"Filling up the DagBag from /opt/airflow/dags/orchestrate.py","logger":"airflow.dag_processing.dagbag.BundleDagBag","filename":"dagbag.py","lineno":460}
{"timestamp":"2026-08-25T15:31:35.165757Z","level":"info","event":"Filling up the DagBag from /opt/airflow/dags/orchestrate.py","logger":"airflow.dag_processing.dagbag.BundleDagBag","filename":"dagbag.py","lineno":460}
{"timestamp":"2026-08-25T15:32:05.760685Z","level":"info","event":"Filling up the DagBag from /opt/airflow/dags/orchestrate.py","logger":"airflow.dag_processing.dagbag.BundleDagBag","filename":"dagbag.py","lineno":460}
{"timestamp":"2026-08-25T15:32:36.395615Z","level":"info","event":"Filling up the DagBag from /opt/airflow/dags/orchestrate.py","logger":"airflow.dag_processing.dagbag.BundleDagBag","filename":"dagbag.py","lineno":460}
{"timestamp":"2026-08-25T15:33:07.001218Z","level":"info","event":"Filling up the DagBag from /opt/airflow/dags/orchestrate.py","logger":"airflow.dag_processing.dagbag.BundleDagBag","filename":"dagbag.py","lineno":460}
{"timestamp":"2026-08-25T15:33:37.602505Z","level":"info","event":"Filling up the DagBag from /opt/airflow/dags/orchestrate.py","logger":"airflow.dag_processing.dagbag.BundleDagBag","filename":"dagbag.py","lineno":460}
{"timestamp":"2026-08-25T15:34:08.175676Z","level":"info","event":"Filling up the DagBag from /opt/airflow/dags/orchestrate.py","logger":"airflow.dag_processing.dagbag.BundleDagBag","filename":"dagbag.py","lineno":460}
{"timestamp":"2026-08-25T15:34:38.791955Z","level":"info","event":"Filling up the DagBag from /opt/airflow/dags/orchestrate.py","logger":"airflow.dag_processing.dagbag.BundleDagBag","filename":"dagbag.py","lineno":460}
{"timestamp":"2026-08-25T15:35:09.343764Z","level":"info","event":"Filling up the DagBag from /opt/airflow/dags/orchestrate.py","logger":"airflow.dag_processing.dagbag.BundleDagBag","filename":"dagbag.py","lineno":460}
{"timestamp":"2026-08-25T15:35:39.866828Z","level":"info","event":"Filling up the DagBag from /opt/airflow/dags/orchestrate.py","logger":"airflow.dag_processing.dagbag.BundleDagBag","filename":"dagbag.py","lineno":460}
{"timestamp":"2026-08-25T15:36:10.451188Z","level":"info","event":"Filling up the DagBag from /opt/airflow/dags/orchestrate.py","logger":"airflow.dag_processing.dagbag.BundleDagBag","filename":"dagbag.py","lineno":460}
{"timestamp":"2026-08-25T15:36:41.079437Z","level":"info","event":"Filling up the DagBag from /opt/airflow/dags/orchestrate.py","logger":"airflow.dag_processing.dagbag.BundleDagBag","filename":"dagbag.py","lineno":460}
{"timestamp":"2026-08-25T15:37:11.665438Z","level":"info","event":"Filling up the DagBag from /opt/airflow/dags/orchestrate.py","logger":"airflow.dag_processing.dagbag.BundleDagBag","filename":"dagbag.py","lineno":460}
{"timestamp":"2026-08-25T15:37:42.207530Z","level":"info","event":"Filling up the DagBag from /opt/airflow/dags/orchestrate.py","logger":"airflow.dag_processing.dagbag.BundleDagBag","filename":"dagbag.py","lineno":460}
{"timestamp":"2026-08-25T15:38:12.742752Z","level":"info","event":"Filling up the DagBag from /opt/airflow/dags/orchestrate.py","logger":"airflow.dag_processing.dagbag.BundleDagBag","filename":"dagbag.py","lineno":460}
{"timestamp":"2026-08-25T15:38:43.266442Z","level":"info","event":"Filling up the DagBag from /opt/airflow/dags/orchestrate.py","logger":"airflow.dag_processing.dagbag.BundleDagBag","filename":"dagbag.py","lineno":460}
{"timestamp":"2026-08-25T15:39:13.875274Z","level":"info","event":"Filling up the DagBag from /opt/airflow/dags/orchestrate.py","logger":"airflow.dag_processing.dagbag.BundleDagBag","filename":"dagbag.py","lineno":460}
{"timestamp":"2026-08-25T15:39:44.517809Z","level":"info","event":"Filling up the DagBag from /opt/airflow/dags/orchestrate.py","logger":"airflow.dag_processing.dagbag.BundleDagBag","filename":"dagbag.py","lineno":460}
{"timestamp":"2026-08-25T15:40:15.106977Z","level":"info","event":"Filling up the DagBag from /opt/airflow/dags/orchestrate.py","logger":"airflow.dag_processing.dagbag.BundleDagBag","filename":"dagbag.py","lineno":460}
{"timestamp":"2026-08-25T15:40:45.692367Z","level":"info","event":"Filling up the DagBag from /opt/airflow/dags/orchestrate.py","logger":"airflow.dag_processing.dagbag.BundleDagBag","filename":"dagbag.py","lineno":460}
{"timestamp":"2026-08-25T15:41:16.290374Z","level":"info","event":"Filling up the DagBag from /opt/airflow/dags/orchestrate.py","logger":"airflow.dag_processing.dagbag.BundleDagBag","filename":"dagbag.py","lineno":460}
{"timestamp":"2026-08-25T15:41:46.859435Z","level":"info","event":"Filling up the DagBag from /opt/airflow/dags/orchestrate.py","logger":"airflow.dag_processing.dagbag.BundleDagBag","filename":"dagbag.py","lineno":460}
{"timestamp":"2026-08-25T15:42:17.485143Z","level":"info","event":"Filling up the DagBag from /opt/airflow/dags/orchestrate.py","logger":"airflow.dag_processing.dagbag.BundleDagBag","filename":"dagbag.py","lineno":460}
{"timestamp":"2026-08-25T15:42:48.043327Z","level":"info","event":"Filling up the DagBag from /opt/airflow/dags/orchestrate.py","logger":"airflow.dag_processing.dagbag.BundleDagBag","filename":"dagbag.py","lineno":460}
{"timestamp":"2026-08-25T15:43:18.653409Z","level":"info","event":"Filling up the DagBag from /opt/airflow/dags/orchestrate.py","logger":"airflow.dag_processing.dagbag.BundleDagBag","filename":"dagbag.py","lineno":460}
{"timestamp":"2026-08-25T15:43:49.252296Z","level":"info","event":"Filling up the DagBag from /opt/airflow/dags/orchestrate.py","logger":"airflow.dag_processing.dagbag.BundleDagBag","filename":"dagbag.py","lineno":460}
{"timestamp":"2026-08-25T15:44:19.873339Z","level":"info","event":"Filling up the DagBag from /opt/airflow/dags/orchestrate.py","logger":"airflow.dag_processing.dagbag.BundleDagBag","filename":"dagbag.py","lineno":460}
{"timestamp":"2026-08-25T15:44:50.465935Z","level":"info","event":"Filling up the DagBag from /opt/airflow/dags/orchestrate.py","logger":"airflow.dag_processing.dagbag.BundleDagBag","filename":"dagbag.py","lineno":460}
{"timestamp":"2026-08-25T15:45:21.093025Z","level":"info","event":"Filling up the DagBag from /opt/airflow/dags/orchestrate.py","logger":"airflow.dag_processing.dagbag.BundleDagBag","filename":"dagbag.py","lineno":460}
{"timestamp":"2026-08-25T15:45:51.703651Z","level":"info","event":"Filling up the DagBag from /opt/airflow/dags/orchestrate.py","logger":"airflow.dag_processing.dagbag.BundleDagBag","filename":"dagbag.py","lineno":460}
{"timestamp":"2026-08-25T15:46:22.292336Z","level":"info","event":"Filling up the DagBag from /opt/airflow/dags/orchestrate.py","logger":"airflow.dag_processing.dagbag.BundleDagBag","filename":"dagbag.py","lineno":460}
{"timestamp":"2026-08-25T15:46:52.845997Z","level":"info","event":"Filling up the DagBag from /opt/airflow/dags/orchestrate.py","logger":"airflow.dag_processing.dagbag.BundleDagBag","filename":"dagbag.py","lineno":460}
{"timestamp":"2026-08-25T15:47:23.416095Z","level":"info","event":"Filling up the DagBag from /opt/airflow/dags/orchestrate.py","logger":"airflow.dag_processing.dagbag.BundleDagBag","filename":"dagbag.py","lineno":460}
{"timestamp":"2026-08-25T15:47:54.052819Z","level":"info","event":"Filling up the DagBag from /opt/airflow/dags/orchestrate.py","logger":"airflow.dag_processing.dagbag.BundleDagBag","filename":"dagbag.py","lineno":460}
{"timestamp":"2026-08-25T15:48:24.686712Z","level":"info","event":"Filling up the DagBag from /opt/airflow/dags/orchestrate.py","logger":"airflow.dag_processing.dagbag.BundleDagBag","filename":"dagbag.py","lineno":460}
{"timestamp":"2026-08-25T15:48:55.323775Z","level":"info","event":"Filling up the DagBag from /opt/airflow/dags/orchestrate.py","logger":"airflow.dag_processing.dagbag.BundleDagBag","filename":"dagbag.py","lineno":460}
{"timestamp":"2026-08-25T15:49:25.913913Z","level":"info","event":"Filling up the DagBag from /opt/airflow/dags/orchestrate.py","logger":"airflow.dag_processing.dagbag.BundleDagBag","filename":"dagbag.py","lineno":460}
{"timestamp":"2026-08-25T15:49:56.537707Z","level":"info","event":"Filling up the DagBag from /opt/airflow/dags/orchestrate.py","logger":"airflow.dag_processing.dagbag.BundleDagBag","filename":"dagbag.py","lineno":460}
{"timestamp":"2026-08-25T15:50:27.164809Z","level":"info","event":"Filling up the DagBag from /opt/airflow/dags/orchestrate.py","logger":"airflow.dag_processing.dagbag.BundleDagBag","filename":"dagbag.py","lineno":460}
{"timestamp":"2026-08-25T15:50:57.760907Z","level":"info","event":"Filling up the DagBag from /opt/airflow/dags/orchestrate.py","logger":"airflow.dag_processing.dagbag.BundleDagBag","filename":"dagbag.py","lineno":460}
{"timestamp":"2026-08-25T15:51:28.351552Z","level":"info","event":"Filling up the DagBag from /opt/airflow/dags/orchestrate.py","logger":"airflow.dag_processing.dagbag.BundleDagBag","filename":"dagbag.py","lineno":460}
{"timestamp":"2026-08-25T15:51:58.935317Z","level":"info","event":"Filling up the DagBag from /opt/airflow/dags/orchestrate.py","logger":"airflow.dag_processing.dagbag.BundleDagBag","filename":"dagbag.py","lineno":460}
{"timestamp":"2026-08-25T15:52:29.505657Z","level":"info","event":"Filling up the DagBag from /opt/airflow/dags/orchestrate.py","logger":"airflow.dag_processing.dagbag.BundleDagBag","filename":"dagbag.py","lineno":460}
{"timestamp":"2026-08-25T15:53:00.134423Z","level":"info","event":"Filling up the DagBag from /opt/airflow/dags/orchestrate.py","logger":"airflow.dag_processing.dagbag.BundleDagBag","filename":"dagbag.py","lineno":460}
{"timestamp":"2026-08-25T15:53:30.741145Z","level":"info","event":"Filling up the DagBag from /opt/airflow/dags/orchestrate.py","logger":"airflow.dag_processing.dagbag.BundleDagBag","filename":"dagbag.py","lineno":460}
{"timestamp":"2026-08-25T15:54:01.331886Z","level":"info","event":"Filling up the DagBag from /opt/airflow/dags/orchestrate.py","logger":"airflow.dag_processing.dagbag.BundleDagBag","filename":"dagbag.py","lineno":460}
{"timestamp":"2026-08-25T15:54:31.913532Z","level":"info","event":"Filling up the DagBag from /opt/airflow/dags/orchestrate.py","logger":"airflow.dag_processing.dagbag.BundleDagBag","filename":"dagbag.py","lineno":460}
{"timestamp":"2026-08-25T15:55:02.508621Z","level":"info","event":"Filling up the DagBag from /opt/airflow/dags/orchestrate.py","logger":"airflow.dag_processing.dagbag.BundleDagBag","filename":"dagbag.py","lineno":460}
{"timestamp":"2026-08-25T15:55:33.079302Z","level":"info","event":"Filling up the DagBag from /opt/airflow/dags/orchestrate.py","logger":"airflow.dag_processing.dagbag.BundleDagBag","filename":"dagbag.py","lineno":460}
{"timestamp":"2026-08-25T15:56:03.667080Z","level":"info","event":"Filling up the DagBag from /opt/airflow/dags/orchestrate.py","logger":"airflow.dag_processing.dagbag.BundleDagBag","filename":"dagbag.py","lineno":460}
{"timestamp":"2026-08-25T15:56:34.252938Z","level":"info","event":"Filling up the DagBag from /opt/airflow/dags/orchestrate.py","logger":"airflow.dag_processing.dagbag.BundleDagBag","filename":"dagbag.py","lineno":460}
{"timestamp":"2026-08-25T15:57:04.870679Z","level":"info","event":"Filling up the DagBag from /opt/airflow/dags/orchestrate.py","logger":"airflow.dag_processing.dagbag.BundleDagBag","filename":"dagbag.py","lineno":460}
{"timestamp":"2026-08-25T15:57:35.492168Z","level":"info","event":"Filling up the DagBag from /opt/airflow/dags/orchestrate.py","logger":"airflow.dag_processing.dagbag.BundleDagBag","filename":"dagbag.py","lineno":460}
{"timestamp":"2026-08-25T15:58:06.180332Z","level":"info","event":"Filling up the DagBag from /opt/airflow/dags/orchestrate.py","logger":"airflow.dag_processing.dagbag.BundleDagBag","filename":"dagbag.py","lineno":460}
{"timestamp":"2026-08-25T15:58:36.816512Z","level":"info","event":"Filling up the DagBag from /opt/airflow/dags/orchestrate.py","logger":"airflow.dag_processing.dagbag.BundleDagBag","filename":"dagbag.py","lineno":460}
{"timestamp":"2026-08-25T15:59:07.492448Z","level":"info","event":"Filling up the DagBag from /opt/airflow/dags/orchestrate.py","logger":"airflow.dag_processing.dagbag.BundleDagBag","filename":"dagbag.py","lineno":460}
{"timestamp":"2026-08-25T15:59:38.085860Z","level":"info","event":"Filling up the DagBag from /opt/airflow/dags/orchestrate.py","logger":"airflow.dag_processing.dagbag.BundleDagBag","filename":"dagbag.py","lineno":460}
{"timestamp":"2026-08-25T16:00:08.682371Z","level":"info","event":"Filling up the DagBag from /opt/airflow/dags/orchestrate.py","logger":"airflow.dag_processing.dagbag.BundleDagBag","filename":"dagbag.py","lineno":460}
{"timestamp":"2026-08-25T16:00:39.309113Z","level":"info","event":"Filling up the DagBag from /opt/airflow/dags/orchestrate.py","logger":"airflow.dag_processing.dagbag.BundleDagBag","filename":"dagbag.py","lineno":460}
{"timestamp":"2026-08-25T16:01:09.885947Z","level":"info","event":"Filling up the DagBag from /opt/airflow/dags/orchestrate.py","logger":"airflow.dag_processing.dagbag.BundleDagBag","filename":"dagbag.py","lineno":460}
{"timestamp":"2026-08-25T16:01:40.532865Z","level":"info","event":"Filling up the DagBag from /opt/airflow/dags/orchestrate.py","logger":"airflow.dag_processing.dagbag.BundleDagBag","filename":"dagbag.py","lineno":460}
{"timestamp":"2026-08-25T16:02:11.097415Z","level":"info","event":"Filling up the DagBag from /opt/airflow/dags/orchestrate.py","logger":"airflow.dag_processing.dagbag.BundleDagBag","filename":"dagbag.py","lineno":460}
{"timestamp":"2026-08-25T16:02:41.703191Z","level":"info","event":"Filling up the DagBag from /opt/airflow/dags/orchestrate.py","logger":"airflow.dag_processing.dagbag.BundleDagBag","filename":"dagbag.py","lineno":460}
{"timestamp":"2026-08-25T16:02:56.094120Z","level":"info","event":"Filling up the DagBag from /opt/airflow/dags/orchestrate.py","logger":"airflow.dag_processing.dagbag.BundleDagBag","filename":"dagbag.py","lineno":460}
{"timestamp":"2026-08-25T16:03:26.737119Z","level":"info","event":"Filling up the DagBag from /opt/airflow/dags/orchestrate.py","logger":"airflow.dag_processing.dagbag.BundleDagBag","filename":"dagbag.py","lineno":460}
{"timestamp":"2026-08-25T16:03:52.344290Z","level":"info","event":"Filling up the DagBag from /opt/airflow/dags/orchestrate.py","logger":"airflow.dag_processing.dagbag.BundleDagBag","filename":"dagbag.py","lineno":460}
{"timestamp":"2026-08-25T16:03:52.439397Z","level":"error","event":"Failed to import: /opt/airflow/dags/orchestrate.py","logger":"airflow.dag_processing.importers.python_importer","filename":"python_importer.py","lineno":244,"error_detail":[{"exc_type":"NameError","exc_value":"name 'clean_target' is not defined","exc_notes":[],"syntax_error":null,"is_cause":false,"frames":[{"filename":"/home/airflow/.local/lib/python3.13/site-packages/airflow/dag_processing/importers/python_importer.py","lineno":238,"name":"parse"},{"filename":"<frozen importlib._bootstrap_external>","lineno":1023,"name":"exec_module"},{"filename":"<frozen importlib._bootstrap>","lineno":488,"name":"_call_with_frames_removed"},{"filename":"/opt/airflow/dags/orchestrate.py","lineno":19,"name":"<module>"},{"filename":"/home/airflow/.local/lib/python3.13/site-packages/airflow/sdk/definitions/dag.py","lineno":1696,"name":"factory"},{"filename":"/opt/airflow/dags/orchestrate.py","lineno":17,"name":"orchestrate"}],"is_group":false,"exceptions":[]}]}
{"timestamp":"2026-08-25T16:03:52.453411Z","level":"error","event":"Error loading DAG from orchestrate.py: name 'clean_target' is not defined","logger":"airflow.dag_processing.dagbag.BundleDagBag","filename":"dagbag.py","lineno":319}
{"timestamp":"2026-08-25T16:03:57.606989Z","level":"info","event":"Filling up the DagBag from /opt/airflow/dags/orchestrate.py","logger":"airflow.dag_processing.dagbag.BundleDagBag","filename":"dagbag.py","lineno":460}
{"timestamp":"2026-08-25T16:04:28.255419Z","level":"info","event":"Filling up the DagBag from /opt/airflow/dags/orchestrate.py","logger":"airflow.dag_processing.dagbag.BundleDagBag","filename":"dagbag.py","lineno":460}
{"timestamp":"2026-08-25T16:04:58.895486Z","level":"info","event":"Filling up the DagBag from /opt/airflow/dags/orchestrate.py","logger":"airflow.dag_processing.dagbag.BundleDagBag","filename":"dagbag.py","lineno":460}
{"timestamp":"2026-08-25T16:05:29.488742Z","level":"info","event":"Filling up the DagBag from /opt/airflow/dags/orchestrate.py","logger":"airflow.dag_processing.dagbag.BundleDagBag","filename":"dagbag.py","lineno":460}
{"timestamp":"2026-08-25T16:06:00.073195Z","level":"info","event":"Filling up the DagBag from /opt/airflow/dags/orchestrate.py","logger":"airflow.dag_processing.dagbag.BundleDagBag","filename":"dagbag.py","lineno":460}
{"timestamp":"2026-08-25T16:06:30.674555Z","level":"info","event":"Filling up the DagBag from /opt/airflow/dags/orchestrate.py","logger":"airflow.dag_processing.dagbag.BundleDagBag","filename":"dagbag.py","lineno":460}
{"timestamp":"2026-08-25T16:07:01.237213Z","level":"info","event":"Filling up the DagBag from /opt/airflow/dags/orchestrate.py","logger":"airflow.dag_processing.dagbag.BundleDagBag","filename":"dagbag.py","lineno":460}
{"timestamp":"2026-08-25T16:07:31.862847Z","level":"info","event":"Filling up the DagBag from /opt/airflow/dags/orchestrate.py","logger":"airflow.dag_processing.dagbag.BundleDagBag","filename":"dagbag.py","lineno":460}
{"timestamp":"2026-08-25T16:08:02.468632Z","level":"info","event":"Filling up the DagBag from /opt/airflow/dags/orchestrate.py","logger":"airflow.dag_processing.dagbag.BundleDagBag","filename":"dagbag.py","lineno":460}
{"timestamp":"2026-08-25T16:08:33.043546Z","level":"info","event":"Filling up the DagBag from /opt/airflow/dags/orchestrate.py","logger":"airflow.dag_processing.dagbag.BundleDagBag","filename":"dagbag.py","lineno":460}
{"timestamp":"2026-08-25T16:08:52.456524Z","level":"info","event":"Filling up the DagBag from /opt/airflow/dags/orchestrate.py","logger":"airflow.dag_processing.dagbag.BundleDagBag","filename":"dagbag.py","lineno":460}
{"timestamp":"2026-08-25T16:09:23.073322Z","level":"info","event":"Filling up the DagBag from /opt/airflow/dags/orchestrate.py","logger":"airflow.dag_processing.dagbag.BundleDagBag","filename":"dagbag.py","lineno":460}
{"timestamp":"2026-08-25T16:09:53.674912Z","level":"info","event":"Filling up the DagBag from /opt/airflow/dags/orchestrate.py","logger":"airflow.dag_processing.dagbag.BundleDagBag","filename":"dagbag.py","lineno":460}
{"timestamp":"2026-08-25T16:10:24.253379Z","level":"info","event":"Filling up the DagBag from /opt/airflow/dags/orchestrate.py","logger":"airflow.dag_processing.dagbag.BundleDagBag","filename":"dagbag.py","lineno":460}
{"timestamp":"2026-08-25T16:10:54.850405Z","level":"info","event":"Filling up the DagBag from /opt/airflow/dags/orchestrate.py","logger":"airflow.dag_processing.dagbag.BundleDagBag","filename":"dagbag.py","lineno":460}
{"timestamp":"2026-08-25T16:11:25.497745Z","level":"info","event":"Filling up the DagBag from /opt/airflow/dags/orchestrate.py","logger":"airflow.dag_processing.dagbag.BundleDagBag","filename":"dagbag.py","lineno":460}
{"timestamp":"2026-08-25T16:11:56.142202Z","level":"info","event":"Filling up the DagBag from /opt/airflow/dags/orchestrate.py","logger":"airflow.dag_processing.dagbag.BundleDagBag","filename":"dagbag.py","lineno":460}
{"timestamp":"2026-08-25T16:12:20.671556Z","level":"info","event":"Filling up the DagBag from /opt/airflow/dags/orchestrate.py","logger":"airflow.dag_processing.dagbag.BundleDagBag","filename":"dagbag.py","lineno":460}
{"timestamp":"2026-08-25T16:12:51.305573Z","level":"info","event":"Filling up the DagBag from /opt/airflow/dags/orchestrate.py","logger":"airflow.dag_processing.dagbag.BundleDagBag","filename":"dagbag.py","lineno":460}
{"timestamp":"2026-08-25T16:13:21.903241Z","level":"info","event":"Filling up the DagBag from /opt/airflow/dags/orchestrate.py","logger":"airflow.dag_processing.dagbag.BundleDagBag","filename":"dagbag.py","lineno":460}
{"timestamp":"2026-08-25T16:13:52.497721Z","level":"info","event":"Filling up the DagBag from /opt/airflow/dags/orchestrate.py","logger":"airflow.dag_processing.dagbag.BundleDagBag","filename":"dagbag.py","lineno":460}
{"timestamp":"2026-08-25T16:14:23.137796Z","level":"info","event":"Filling up the DagBag from /opt/airflow/dags/orchestrate.py","logger":"airflow.dag_processing.dagbag.BundleDagBag","filename":"dagbag.py","lineno":460}
{"timestamp":"2026-08-25T16:14:53.773333Z","level":"info","event":"Filling up the DagBag from /opt/airflow/dags/orchestrate.py","logger":"airflow.dag_processing.dagbag.BundleDagBag","filename":"dagbag.py","lineno":460}
{"timestamp":"2026-08-25T16:15:24.398481Z","level":"info","event":"Filling up the DagBag from /opt/airflow/dags/orchestrate.py","logger":"airflow.dag_processing.dagbag.BundleDagBag","filename":"dagbag.py","lineno":460}
{"timestamp":"2026-08-25T16:15:55.005237Z","level":"info","event":"Filling up the DagBag from /opt/airflow/dags/orchestrate.py","logger":"airflow.dag_processing.dagbag.BundleDagBag","filename":"dagbag.py","lineno":460}
{"timestamp":"2026-08-25T16:16:25.817144Z","level":"info","event":"Filling up the DagBag from /opt/airflow/dags/orchestrate.py","logger":"airflow.dag_processing.dagbag.BundleDagBag","filename":"dagbag.py","lineno":460}
{"timestamp":"2026-08-25T16:16:56.401174Z","level":"info","event":"Filling up the DagBag from /opt/airflow/dags/orchestrate.py","logger":"airflow.dag_processing.dagbag.BundleDagBag","filename":"dagbag.py","lineno":460}
{"timestamp":"2026-08-25T16:17:27.023840Z","level":"info","event":"Filling up the DagBag from /opt/airflow/dags/orchestrate.py","logger":"airflow.dag_processing.dagbag.BundleDagBag","filename":"dagbag.py","lineno":460}
{"timestamp":"2026-08-25T16:17:57.582466Z","level":"info","event":"Filling up the DagBag from /opt/airflow/dags/orchestrate.py","logger":"airflow.dag_processing.dagbag.BundleDagBag","filename":"dagbag.py","lineno":460}
{"timestamp":"2026-08-25T16:18:28.196132Z","level":"info","event":"Filling up the DagBag from /opt/airflow/dags/orchestrate.py","logger":"airflow.dag_processing.dagbag.BundleDagBag","filename":"dagbag.py","lineno":460}
{"timestamp":"2026-08-25T16:18:58.786085Z","level":"info","event":"Filling up the DagBag from /opt/airflow/dags/orchestrate.py","logger":"airflow.dag_processing.dagbag.BundleDagBag","filename":"dagbag.py","lineno":460}
{"timestamp":"2026-08-25T16:19:29.393166Z","level":"info","event":"Filling up the DagBag from /opt/airflow/dags/orchestrate.py","logger":"airflow.dag_processing.dagbag.BundleDagBag","filename":"dagbag.py","lineno":460}
{"timestamp":"2026-08-25T16:20:00.049393Z","level":"info","event":"Filling up the DagBag from /opt/airflow/dags/orchestrate.py","logger":"airflow.dag_processing.dagbag.BundleDagBag","filename":"dagbag.py","lineno":460}
{"timestamp":"2026-08-25T16:20:30.743293Z","level":"info","event":"Filling up the DagBag from /opt/airflow/dags/orchestrate.py","logger":"airflow.dag_processing.dagbag.BundleDagBag","filename":"dagbag.py","lineno":460}
{"timestamp":"2026-08-25T16:21:01.369435Z","level":"info","event":"Filling up the DagBag from /opt/airflow/dags/orchestrate.py","logger":"airflow.dag_processing.dagbag.BundleDagBag","filename":"dagbag.py","lineno":460}
{"timestamp":"2026-08-25T16:21:31.989962Z","level":"info","event":"Filling up the DagBag from /opt/airflow/dags/orchestrate.py","logger":"airflow.dag_processing.dagbag.BundleDagBag","filename":"dagbag.py","lineno":460}
{"timestamp":"2026-08-25T16:22:02.586014Z","level":"info","event":"Filling up the DagBag from /opt/airflow/dags/orchestrate.py","logger":"airflow.dag_processing.dagbag.BundleDagBag","filename":"dagbag.py","lineno":460}
{"timestamp":"2026-08-25T16:22:33.213036Z","level":"info","event":"Filling up the DagBag from /opt/airflow/dags/orchestrate.py","logger":"airflow.dag_processing.dagbag.BundleDagBag","filename":"dagbag.py","lineno":460}
{"timestamp":"2026-08-25T16:23:03.875120Z","level":"info","event":"Filling up the DagBag from /opt/airflow/dags/orchestrate.py","logger":"airflow.dag_processing.dagbag.BundleDagBag","filename":"dagbag.py","lineno":460}
{"timestamp":"2026-08-25T16:23:34.438489Z","level":"info","event":"Filling up the DagBag from /opt/airflow/dags/orchestrate.py","logger":"airflow.dag_processing.dagbag.BundleDagBag","filename":"dagbag.py","lineno":460}
{"timestamp":"2026-08-25T16:24:05.087644Z","level":"info","event":"Filling up the DagBag from /opt/airflow/dags/orchestrate.py","logger":"airflow.dag_processing.dagbag.BundleDagBag","filename":"dagbag.py","lineno":460}
{"timestamp":"2026-08-25T16:24:35.671123Z","level":"info","event":"Filling up the DagBag from /opt/airflow/dags/orchestrate.py","logger":"airflow.dag_processing.dagbag.BundleDagBag","filename":"dagbag.py","lineno":460}
{"timestamp":"2026-08-25T16:25:06.305191Z","level":"info","event":"Filling up the DagBag from /opt/airflow/dags/orchestrate.py","logger":"airflow.dag_processing.dagbag.BundleDagBag","filename":"dagbag.py","lineno":460}
{"timestamp":"2026-08-25T16:25:36.876477Z","level":"info","event":"Filling up the DagBag from /opt/airflow/dags/orchestrate.py","logger":"airflow.dag_processing.dagbag.BundleDagBag","filename":"dagbag.py","lineno":460}
{"timestamp":"2026-08-25T16:26:07.541446Z","level":"info","event":"Filling up the DagBag from /opt/airflow/dags/orchestrate.py","logger":"airflow.dag_processing.dagbag.BundleDagBag","filename":"dagbag.py","lineno":460}
{"timestamp":"2026-08-25T16:26:38.096011Z","level":"info","event":"Filling up the DagBag from /opt/airflow/dags/orchestrate.py","logger":"airflow.dag_processing.dagbag.BundleDagBag","filename":"dagbag.py","lineno":460}
{"timestamp":"2026-08-25T16:27:08.784771Z","level":"info","event":"Filling up the DagBag from /opt/airflow/dags/orchestrate.py","logger":"airflow.dag_processing.dagbag.BundleDagBag","filename":"dagbag.py","lineno":460}
{"timestamp":"2026-08-25T16:27:39.404208Z","level":"info","event":"Filling up the DagBag from /opt/airflow/dags/orchestrate.py","logger":"airflow.dag_processing.dagbag.BundleDagBag","filename":"dagbag.py","lineno":460}
{"timestamp":"2026-08-25T16:28:09.936098Z","level":"info","event":"Filling up the DagBag from /opt/airflow/dags/orchestrate.py","logger":"airflow.dag_processing.dagbag.BundleDagBag","filename":"dagbag.py","lineno":460}
{"timestamp":"2026-08-25T16:28:40.497969Z","level":"info","event":"Filling up the DagBag from /opt/airflow/dags/orchestrate.py","logger":"airflow.dag_processing.dagbag.BundleDagBag","filename":"dagbag.py","lineno":460}
{"timestamp":"2026-08-25T16:29:11.135775Z","level":"info","event":"Filling up the DagBag from /opt/airflow/dags/orchestrate.py","logger":"airflow.dag_processing.dagbag.BundleDagBag","filename":"dagbag.py","lineno":460}
{"timestamp":"2026-08-25T16:29:41.770373Z","level":"info","event":"Filling up the DagBag from /opt/airflow/dags/orchestrate.py","logger":"airflow.dag_processing.dagbag.BundleDagBag","filename":"dagbag.py","lineno":460}
{"timestamp":"2026-08-25T16:30:12.359512Z","level":"info","event":"Filling up the DagBag from /opt/airflow/dags/orchestrate.py","logger":"airflow.dag_processing.dagbag.BundleDagBag","filename":"dagbag.py","lineno":460}
{"timestamp":"2026-08-25T16:30:43.039061Z","level":"info","event":"Filling up the DagBag from /opt/airflow/dags/orchestrate.py","logger":"airflow.dag_processing.dagbag.BundleDagBag","filename":"dagbag.py","lineno":460}
{"timestamp":"2026-08-25T16:31:13.662994Z","level":"info","event":"Filling up the DagBag from /opt/airflow/dags/orchestrate.py","logger":"airflow.dag_processing.dagbag.BundleDagBag","filename":"dagbag.py","lineno":460}
{"timestamp":"2026-08-25T16:31:44.247635Z","level":"info","event":"Filling up the DagBag from /opt/airflow/dags/orchestrate.py","logger":"airflow.dag_processing.dagbag.BundleDagBag","filename":"dagbag.py","lineno":460}
{"timestamp":"2026-08-25T16:32:14.829689Z","level":"info","event":"Filling up the DagBag from /opt/airflow/dags/orchestrate.py","logger":"airflow.dag_processing.dagbag.BundleDagBag","filename":"dagbag.py","lineno":460}
{"timestamp":"2026-08-25T16:32:45.393693Z","level":"info","event":"Filling up the DagBag from /opt/airflow/dags/orchestrate.py","logger":"airflow.dag_processing.dagbag.BundleDagBag","filename":"dagbag.py","lineno":460}
{"timestamp":"2026-08-25T16:33:16.025122Z","level":"info","event":"Filling up the DagBag from /opt/airflow/dags/orchestrate.py","logger":"airflow.dag_processing.dagbag.BundleDagBag","filename":"dagbag.py","lineno":460}
{"timestamp":"2026-08-25T16:33:46.641959Z","level":"info","event":"Filling up the DagBag from /opt/airflow/dags/orchestrate.py","logger":"airflow.dag_processing.dagbag.BundleDagBag","filename":"dagbag.py","lineno":460}
{"timestamp":"2026-08-25T16:34:17.294779Z","level":"info","event":"Filling up the DagBag from /opt/airflow/dags/orchestrate.py","logger":"airflow.dag_processing.dagbag.BundleDagBag","filename":"dagbag.py","lineno":460}
{"timestamp":"2026-08-25T16:34:47.887235Z","level":"info","event":"Filling up the DagBag from /opt/airflow/dags/orchestrate.py","logger":"airflow.dag_processing.dagbag.BundleDagBag","filename":"dagbag.py","lineno":460}
{"timestamp":"2026-08-25T16:35:18.498642Z","level":"info","event":"Filling up the DagBag from /opt/airflow/dags/orchestrate.py","logger":"airflow.dag_processing.dagbag.BundleDagBag","filename":"dagbag.py","lineno":460}
{"timestamp":"2026-08-25T16:35:49.132097Z","level":"info","event":"Filling up the DagBag from /opt/airflow/dags/orchestrate.py","logger":"airflow.dag_processing.dagbag.BundleDagBag","filename":"dagbag.py","lineno":460}
{"timestamp":"2026-08-25T16:36:19.693830Z","level":"info","event":"Filling up the DagBag from /opt/airflow/dags/orchestrate.py","logger":"airflow.dag_processing.dagbag.BundleDagBag","filename":"dagbag.py","lineno":460}
{"timestamp":"2026-08-25T16:36:50.317727Z","level":"info","event":"Filling up the DagBag from /opt/airflow/dags/orchestrate.py","logger":"airflow.dag_processing.dagbag.BundleDagBag","filename":"dagbag.py","lineno":460}
{"timestamp":"2026-08-25T16:37:20.943780Z","level":"info","event":"Filling up the DagBag from /opt/airflow/dags/orchestrate.py","logger":"airflow.dag_processing.dagbag.BundleDagBag","filename":"dagbag.py","lineno":460}
{"timestamp":"2026-08-25T16:37:51.636284Z","level":"info","event":"Filling up the DagBag from /opt/airflow/dags/orchestrate.py","logger":"airflow.dag_processing.dagbag.BundleDagBag","filename":"dagbag.py","lineno":460}
{"timestamp":"2026-08-25T16:38:22.237385Z","level":"info","event":"Filling up the DagBag from /opt/airflow/dags/orchestrate.py","logger":"airflow.dag_processing.dagbag.BundleDagBag","filename":"dagbag.py","lineno":460}
{"timestamp":"2026-08-25T16:38:52.833253Z","level":"info","event":"Filling up the DagBag from /opt/airflow/dags/orchestrate.py","logger":"airflow.dag_processing.dagbag.BundleDagBag","filename":"dagbag.py","lineno":460}
{"timestamp":"2026-08-25T16:39:23.484031Z","level":"info","event":"Filling up the DagBag from /opt/airflow/dags/orchestrate.py","logger":"airflow.dag_processing.dagbag.BundleDagBag","filename":"dagbag.py","lineno":460}
{"timestamp":"2026-08-25T16:39:54.088017Z","level":"info","event":"Filling up the DagBag from /opt/airflow/dags/orchestrate.py","logger":"airflow.dag_processing.dagbag.BundleDagBag","filename":"dagbag.py","lineno":460}
{"timestamp":"2026-08-25T16:40:24.631807Z","level":"info","event":"Filling up the DagBag from /opt/airflow/dags/orchestrate.py","logger":"airflow.dag_processing.dagbag.BundleDagBag","filename":"dagbag.py","lineno":460}
{"timestamp":"2026-08-25T16:40:55.190479Z","level":"info","event":"Filling up the DagBag from /opt/airflow/dags/orchestrate.py","logger":"airflow.dag_processing.dagbag.BundleDagBag","filename":"dagbag.py","lineno":460}
{"timestamp":"2026-08-25T16:41:25.893331Z","level":"info","event":"Filling up the DagBag from /opt/airflow/dags/orchestrate.py","logger":"airflow.dag_processing.dagbag.BundleDagBag","filename":"dagbag.py","lineno":460}
{"timestamp":"2026-08-25T16:41:56.454948Z","level":"info","event":"Filling up the DagBag from /opt/airflow/dags/orchestrate.py","logger":"airflow.dag_processing.dagbag.BundleDagBag","filename":"dagbag.py","lineno":460}
{"timestamp":"2026-08-25T16:42:27.082580Z","level":"info","event":"Filling up the DagBag from /opt/airflow/dags/orchestrate.py","logger":"airflow.dag_processing.dagbag.BundleDagBag","filename":"dagbag.py","lineno":460}
{"timestamp":"2026-08-25T16:42:57.711022Z","level":"info","event":"Filling up the DagBag from /opt/airflow/dags/orchestrate.py","logger":"airflow.dag_processing.dagbag.BundleDagBag","filename":"dagbag.py","lineno":460}
{"timestamp":"2026-08-25T16:49:20.836958Z","level":"info","event":"Filling up the DagBag from /opt/airflow/dags/orchestrate.py","logger":"airflow.dag_processing.dagbag.BundleDagBag","filename":"dagbag.py","lineno":460}
{"timestamp":"2026-08-25T16:49:51.480485Z","level":"info","event":"Filling up the DagBag from /opt/airflow/dags/orchestrate.py","logger":"airflow.dag_processing.dagbag.BundleDagBag","filename":"dagbag.py","lineno":460}
{"timestamp":"2026-08-25T16:50:22.122490Z","level":"info","event":"Filling up the DagBag from /opt/airflow/dags/orchestrate.py","logger":"airflow.dag_processing.dagbag.BundleDagBag","filename":"dagbag.py","lineno":460}
{"timestamp":"2026-08-25T16:50:52.834262Z","level":"info","event":"Filling up the DagBag from /opt/airflow/dags/orchestrate.py","logger":"airflow.dag_processing.dagbag.BundleDagBag","filename":"dagbag.py","lineno":460}
{"timestamp":"2026-08-25T16:51:23.491372Z","level":"info","event":"Filling up the DagBag from /opt/airflow/dags/orchestrate.py","logger":"airflow.dag_processing.dagbag.BundleDagBag","filename":"dagbag.py","lineno":460}
{"timestamp":"2026-08-25T16:51:54.108400Z","level":"info","event":"Filling up the DagBag from /opt/airflow/dags/orchestrate.py","logger":"airflow.dag_processing.dagbag.BundleDagBag","filename":"dagbag.py","lineno":460}
{"timestamp":"2026-08-25T16:52:24.737515Z","level":"info","event":"Filling up the DagBag from /opt/airflow/dags/orchestrate.py","logger":"airflow.dag_processing.dagbag.BundleDagBag","filename":"dagbag.py","lineno":460}
{"timestamp":"2026-08-25T16:52:55.346991Z","level":"info","event":"Filling up the DagBag from /opt/airflow/dags/orchestrate.py","logger":"airflow.dag_processing.dagbag.BundleDagBag","filename":"dagbag.py","lineno":460}
{"timestamp":"2026-08-25T16:53:25.989915Z","level":"info","event":"Filling up the DagBag from /opt/airflow/dags/orchestrate.py","logger":"airflow.dag_processing.dagbag.BundleDagBag","filename":"dagbag.py","lineno":460}
{"timestamp":"2026-08-25T16:53:56.639199Z","level":"info","event":"Filling up the DagBag from /opt/airflow/dags/orchestrate.py","logger":"airflow.dag_processing.dagbag.BundleDagBag","filename":"dagbag.py","lineno":460}
{"timestamp":"2026-08-25T16:54:27.358198Z","level":"info","event":"Filling up the DagBag from /opt/airflow/dags/orchestrate.py","logger":"airflow.dag_processing.dagbag.BundleDagBag","filename":"dagbag.py","lineno":460}
{"timestamp":"2026-08-25T16:54:57.954866Z","level":"info","event":"Filling up the DagBag from /opt/airflow/dags/orchestrate.py","logger":"airflow.dag_processing.dagbag.BundleDagBag","filename":"dagbag.py","lineno":460}
{"timestamp":"2026-08-25T16:55:28.622756Z","level":"info","event":"Filling up the DagBag from /opt/airflow/dags/orchestrate.py","logger":"airflow.dag_processing.dagbag.BundleDagBag","filename":"dagbag.py","lineno":460}
{"timestamp":"2026-08-25T16:55:59.272457Z","level":"info","event":"Filling up the DagBag from /opt/airflow/dags/orchestrate.py","logger":"airflow.dag_processing.dagbag.BundleDagBag","filename":"dagbag.py","lineno":460}
{"timestamp":"2026-08-25T16:56:29.907270Z","level":"info","event":"Filling up the DagBag from /opt/airflow/dags/orchestrate.py","logger":"airflow.dag_processing.dagbag.BundleDagBag","filename":"dagbag.py","lineno":460}
{"timestamp":"2026-08-25T16:57:00.563782Z","level":"info","event":"Filling up the DagBag from /opt/airflow/dags/orchestrate.py","logger":"airflow.dag_processing.dagbag.BundleDagBag","filename":"dagbag.py","lineno":460}
{"timestamp":"2026-08-25T16:57:31.199169Z","level":"info","event":"Filling up the DagBag from /opt/airflow/dags/orchestrate.py","logger":"airflow.dag_processing.dagbag.BundleDagBag","filename":"dagbag.py","lineno":460}
{"timestamp":"2026-08-25T16:58:01.882891Z","level":"info","event":"Filling up the DagBag from /opt/airflow/dags/orchestrate.py","logger":"airflow.dag_processing.dagbag.BundleDagBag","filename":"dagbag.py","lineno":460}
{"timestamp":"2026-08-25T16:58:32.531741Z","level":"info","event":"Filling up the DagBag from /opt/airflow/dags/orchestrate.py","logger":"airflow.dag_processing.dagbag.BundleDagBag","filename":"dagbag.py","lineno":460}
{"timestamp":"2026-08-25T16:59:03.170119Z","level":"info","event":"Filling up the DagBag from /opt/airflow/dags/orchestrate.py","logger":"airflow.dag_processing.dagbag.BundleDagBag","filename":"dagbag.py","lineno":460}
{"timestamp":"2026-08-25T16:59:33.825193Z","level":"info","event":"Filling up the DagBag from /opt/airflow/dags/orchestrate.py","logger":"airflow.dag_processing.dagbag.BundleDagBag","filename":"dagbag.py","lineno":460}
{"timestamp":"2026-08-25T17:01:00.056551Z","level":"info","event":"Filling up the DagBag from /opt/airflow/dags/orchestrate.py","logger":"airflow.dag_processing.dagbag.BundleDagBag","filename":"dagbag.py","lineno":460}
{"timestamp":"2026-08-25T17:01:30.594325Z","level":"info","event":"Filling up the DagBag from /opt/airflow/dags/orchestrate.py","logger":"airflow.dag_processing.dagbag.BundleDagBag","filename":"dagbag.py","lineno":460}
{"timestamp":"2026-08-25T17:02:01.188893Z","level":"info","event":"Filling up the DagBag from /opt/airflow/dags/orchestrate.py","logger":"airflow.dag_processing.dagbag.BundleDagBag","filename":"dagbag.py","lineno":460}
{"timestamp":"2026-08-25T17:02:31.750692Z","level":"info","event":"Filling up the DagBag from /opt/airflow/dags/orchestrate.py","logger":"airflow.dag_processing.dagbag.BundleDagBag","filename":"dagbag.py","lineno":460}
{"timestamp":"2026-08-25T17:03:02.350177Z","level":"info","event":"Filling up the DagBag from /opt/airflow/dags/orchestrate.py","logger":"airflow.dag_processing.dagbag.BundleDagBag","filename":"dagbag.py","lineno":460}
{"timestamp":"2026-08-25T17:03:33.008223Z","level":"info","event":"Filling up the DagBag from /opt/airflow/dags/orchestrate.py","logger":"airflow.dag_processing.dagbag.BundleDagBag","filename":"dagbag.py","lineno":460}
{"timestamp":"2026-08-25T17:04:03.554880Z","level":"info","event":"Filling up the DagBag from /opt/airflow/dags/orchestrate.py","logger":"airflow.dag_processing.dagbag.BundleDagBag","filename":"dagbag.py","lineno":460}
{"timestamp":"2026-08-25T17:04:34.198133Z","level":"info","event":"Filling up the DagBag from /opt/airflow/dags/orchestrate.py","logger":"airflow.dag_processing.dagbag.BundleDagBag","filename":"dagbag.py","lineno":460}
{"timestamp":"2026-08-25T17:05:04.856112Z","level":"info","event":"Filling up the DagBag from /opt/airflow/dags/orchestrate.py","logger":"airflow.dag_processing.dagbag.BundleDagBag","filename":"dagbag.py","lineno":460}
{"timestamp":"2026-08-25T17:05:35.485254Z","level":"info","event":"Filling up the DagBag from /opt/airflow/dags/orchestrate.py","logger":"airflow.dag_processing.dagbag.BundleDagBag","filename":"dagbag.py","lineno":460}
{"timestamp":"2026-08-25T17:06:06.126014Z","level":"info","event":"Filling up the DagBag from /opt/airflow/dags/orchestrate.py","logger":"airflow.dag_processing.dagbag.BundleDagBag","filename":"dagbag.py","lineno":460}
{"timestamp":"2026-08-25T17:06:36.794860Z","level":"info","event":"Filling up the DagBag from /opt/airflow/dags/orchestrate.py","logger":"airflow.dag_processing.dagbag.BundleDagBag","filename":"dagbag.py","lineno":460}
{"timestamp":"2026-08-25T17:07:07.400968Z","level":"info","event":"Filling up the DagBag from /opt/airflow/dags/orchestrate.py","logger":"airflow.dag_processing.dagbag.BundleDagBag","filename":"dagbag.py","lineno":460}
{"timestamp":"2026-08-25T17:07:38.019326Z","level":"info","event":"Filling up the DagBag from /opt/airflow/dags/orchestrate.py","logger":"airflow.dag_processing.dagbag.BundleDagBag","filename":"dagbag.py","lineno":460}
{"timestamp":"2026-08-25T17:08:08.597206Z","level":"info","event":"Filling up the DagBag from /opt/airflow/dags/orchestrate.py","logger":"airflow.dag_processing.dagbag.BundleDagBag","filename":"dagbag.py","lineno":460}
{"timestamp":"2026-08-25T17:08:39.211442Z","level":"info","event":"Filling up the DagBag from /opt/airflow/dags/orchestrate.py","logger":"airflow.dag_processing.dagbag.BundleDagBag","filename":"dagbag.py","lineno":460}
{"timestamp":"2026-08-25T17:09:09.870385Z","level":"info","event":"Filling up the DagBag from /opt/airflow/dags/orchestrate.py","logger":"airflow.dag_processing.dagbag.BundleDagBag","filename":"dagbag.py","lineno":460}
{"timestamp":"2026-08-25T17:09:40.499052Z","level":"info","event":"Filling up the DagBag from /opt/airflow/dags/orchestrate.py","logger":"airflow.dag_processing.dagbag.BundleDagBag","filename":"dagbag.py","lineno":460}
{"timestamp":"2026-08-25T17:10:11.099767Z","level":"info","event":"Filling up the DagBag from /opt/airflow/dags/orchestrate.py","logger":"airflow.dag_processing.dagbag.BundleDagBag","filename":"dagbag.py","lineno":460}
{"timestamp":"2026-08-25T17:10:41.685780Z","level":"info","event":"Filling up the DagBag from /opt/airflow/dags/orchestrate.py","logger":"airflow.dag_processing.dagbag.BundleDagBag","filename":"dagbag.py","lineno":460}
{"timestamp":"2026-08-25T17:11:52.851756Z","level":"info","event":"Filling up the DagBag from /opt/airflow/dags/orchestrate.py","logger":"airflow.dag_processing.dagbag.BundleDagBag","filename":"dagbag.py","lineno":460}
{"timestamp":"2026-08-25T17:12:23.501477Z","level":"info","event":"Filling up the DagBag from /opt/airflow/dags/orchestrate.py","logger":"airflow.dag_processing.dagbag.BundleDagBag","filename":"dagbag.py","lineno":460}
{"timestamp":"2026-08-25T17:12:54.163204Z","level":"info","event":"Filling up the DagBag from /opt/airflow/dags/orchestrate.py","logger":"airflow.dag_processing.dagbag.BundleDagBag","filename":"dagbag.py","lineno":460}
{"timestamp":"2026-08-25T17:13:24.756995Z","level":"info","event":"Filling up the DagBag from /opt/airflow/dags/orchestrate.py","logger":"airflow.dag_processing.dagbag.BundleDagBag","filename":"dagbag.py","lineno":460}
{"timestamp":"2026-08-25T17:13:55.383550Z","level":"info","event":"Filling up the DagBag from /opt/airflow/dags/orchestrate.py","logger":"airflow.dag_processing.dagbag.BundleDagBag","filename":"dagbag.py","lineno":460}
{"timestamp":"2026-08-25T17:14:25.966513Z","level":"info","event":"Filling up the DagBag from /opt/airflow/dags/orchestrate.py","logger":"airflow.dag_processing.dagbag.BundleDagBag","filename":"dagbag.py","lineno":460}
{"timestamp":"2026-08-25T17:14:56.496413Z","level":"info","event":"Filling up the DagBag from /opt/airflow/dags/orchestrate.py","logger":"airflow.dag_processing.dagbag.BundleDagBag","filename":"dagbag.py","lineno":460}
{"timestamp":"2026-08-25T17:15:27.055677Z","level":"info","event":"Filling up the DagBag from /opt/airflow/dags/orchestrate.py","logger":"airflow.dag_processing.dagbag.BundleDagBag","filename":"dagbag.py","lineno":460}
{"timestamp":"2026-08-25T17:15:57.672624Z","level":"info","event":"Filling up the DagBag from /opt/airflow/dags/orchestrate.py","logger":"airflow.dag_processing.dagbag.BundleDagBag","filename":"dagbag.py","lineno":460}
{"timestamp":"2026-08-25T17:16:28.403226Z","level":"info","event":"Filling up the DagBag from /opt/airflow/dags/orchestrate.py","logger":"airflow.dag_processing.dagbag.BundleDagBag","filename":"dagbag.py","lineno":460}
{"timestamp":"2026-08-25T17:16:58.998755Z","level":"info","event":"Filling up the DagBag from /opt/airflow/dags/orchestrate.py","logger":"airflow.dag_processing.dagbag.BundleDagBag","filename":"dagbag.py","lineno":460}
{"timestamp":"2026-08-25T17:17:29.627893Z","level":"info","event":"Filling up the DagBag from /opt/airflow/dags/orchestrate.py","logger":"airflow.dag_processing.dagbag.BundleDagBag","filename":"dagbag.py","lineno":460}
{"timestamp":"2026-08-25T17:18:00.324020Z","level":"info","event":"Filling up the DagBag from /opt/airflow/dags/orchestrate.py","logger":"airflow.dag_processing.dagbag.BundleDagBag","filename":"dagbag.py","lineno":460}
{"timestamp":"2026-08-25T17:18:30.968810Z","level":"info","event":"Filling up the DagBag from /opt/airflow/dags/orchestrate.py","logger":"airflow.dag_processing.dagbag.BundleDagBag","filename":"dagbag.py","lineno":460}
{"timestamp":"2026-08-25T17:19:01.582966Z","level":"info","event":"Filling up the DagBag from /opt/airflow/dags/orchestrate.py","logger":"airflow.dag_processing.dagbag.BundleDagBag","filename":"dagbag.py","lineno":460}
{"timestamp":"2026-08-25T17:19:32.160694Z","level":"info","event":"Filling up the DagBag from /opt/airflow/dags/orchestrate.py","logger":"airflow.dag_processing.dagbag.BundleDagBag","filename":"dagbag.py","lineno":460}
{"timestamp":"2026-08-25T17:20:02.734986Z","level":"info","event":"Filling up the DagBag from /opt/airflow/dags/orchestrate.py","logger":"airflow.dag_processing.dagbag.BundleDagBag","filename":"dagbag.py","lineno":460}
{"timestamp":"2026-08-25T17:20:33.325874Z","level":"info","event":"Filling up the DagBag from /opt/airflow/dags/orchestrate.py","logger":"airflow.dag_processing.dagbag.BundleDagBag","filename":"dagbag.py","lineno":460}
{"timestamp":"2026-08-25T17:21:03.978878Z","level":"info","event":"Filling up the DagBag from /opt/airflow/dags/orchestrate.py","logger":"airflow.dag_processing.dagbag.BundleDagBag","filename":"dagbag.py","lineno":460}
{"timestamp":"2026-08-25T17:21:34.576914Z","level":"info","event":"Filling up the DagBag from /opt/airflow/dags/orchestrate.py","logger":"airflow.dag_processing.dagbag.BundleDagBag","filename":"dagbag.py","lineno":460}
{"timestamp":"2026-08-25T17:22:05.170561Z","level":"info","event":"Filling up the DagBag from /opt/airflow/dags/orchestrate.py","logger":"airflow.dag_processing.dagbag.BundleDagBag","filename":"dagbag.py","lineno":460}
{"timestamp":"2026-08-25T17:22:35.956803Z","level":"info","event":"Filling up the DagBag from /opt/airflow/dags/orchestrate.py","logger":"airflow.dag_processing.dagbag.BundleDagBag","filename":"dagbag.py","lineno":460}
{"timestamp":"2026-08-25T17:23:06.538948Z","level":"info","event":"Filling up the DagBag from /opt/airflow/dags/orchestrate.py","logger":"airflow.dag_processing.dagbag.BundleDagBag","filename":"dagbag.py","lineno":460}
{"timestamp":"2026-08-25T17:24:07.931787Z","level":"info","event":"Filling up the DagBag from /opt/airflow/dags/orchestrate.py","logger":"airflow.dag_processing.dagbag.BundleDagBag","filename":"dagbag.py","lineno":460}
{"timestamp":"2026-08-25T17:24:38.742358Z","level":"info","event":"Filling up the DagBag from /opt/airflow/dags/orchestrate.py","logger":"airflow.dag_processing.dagbag.BundleDagBag","filename":"dagbag.py","lineno":460}
{"timestamp":"2026-08-25T17:25:09.295087Z","level":"info","event":"Filling up the DagBag from /opt/airflow/dags/orchestrate.py","logger":"airflow.dag_processing.dagbag.BundleDagBag","filename":"dagbag.py","lineno":460}
{"timestamp":"2026-08-25T17:25:39.865964Z","level":"info","event":"Filling up the DagBag from /opt/airflow/dags/orchestrate.py","logger":"airflow.dag_processing.dagbag.BundleDagBag","filename":"dagbag.py","lineno":460}
{"timestamp":"2026-08-25T17:26:10.495112Z","level":"info","event":"Filling up the DagBag from /opt/airflow/dags/orchestrate.py","logger":"airflow.dag_processing.dagbag.BundleDagBag","filename":"dagbag.py","lineno":460}
{"timestamp":"2026-08-25T17:26:41.139060Z","level":"info","event":"Filling up the DagBag from /opt/airflow/dags/orchestrate.py","logger":"airflow.dag_processing.dagbag.BundleDagBag","filename":"dagbag.py","lineno":460}
{"timestamp":"2026-08-25T17:27:11.784321Z","level":"info","event":"Filling up the DagBag from /opt/airflow/dags/orchestrate.py","logger":"airflow.dag_processing.dagbag.BundleDagBag","filename":"dagbag.py","lineno":460}
{"timestamp":"2026-08-25T17:27:42.513085Z","level":"info","event":"Filling up the DagBag from /opt/airflow/dags/orchestrate.py","logger":"airflow.dag_processing.dagbag.BundleDagBag","filename":"dagbag.py","lineno":460}
{"timestamp":"2026-08-25T17:28:13.112606Z","level":"info","event":"Filling up the DagBag from /opt/airflow/dags/orchestrate.py","logger":"airflow.dag_processing.dagbag.BundleDagBag","filename":"dagbag.py","lineno":460}
{"timestamp":"2026-08-25T17:28:43.776992Z","level":"info","event":"Filling up the DagBag from /opt/airflow/dags/orchestrate.py","logger":"airflow.dag_processing.dagbag.BundleDagBag","filename":"dagbag.py","lineno":460}
{"timestamp":"2026-08-25T17:29:14.399679Z","level":"info","event":"Filling up the DagBag from /opt/airflow/dags/orchestrate.py","logger":"airflow.dag_processing.dagbag.BundleDagBag","filename":"dagbag.py","lineno":460}
{"timestamp":"2026-08-25T17:29:45.023097Z","level":"info","event":"Filling up the DagBag from /opt/airflow/dags/orchestrate.py","logger":"airflow.dag_processing.dagbag.BundleDagBag","filename":"dagbag.py","lineno":460}
{"timestamp":"2026-08-25T17:30:15.626223Z","level":"info","event":"Filling up the DagBag from /opt/airflow/dags/orchestrate.py","logger":"airflow.dag_processing.dagbag.BundleDagBag","filename":"dagbag.py","lineno":460}
{"timestamp":"2026-08-25T17:30:46.269394Z","level":"info","event":"Filling up the DagBag from /opt/airflow/dags/orchestrate.py","logger":"airflow.dag_processing.dagbag.BundleDagBag","filename":"dagbag.py","lineno":460}
{"timestamp":"2026-08-25T17:31:16.779920Z","level":"info","event":"Filling up the DagBag from /opt/airflow/dags/orchestrate.py","logger":"airflow.dag_processing.dagbag.BundleDagBag","filename":"dagbag.py","lineno":460}
{"timestamp":"2026-08-25T17:31:47.416852Z","level":"info","event":"Filling up the DagBag from /opt/airflow/dags/orchestrate.py","logger":"airflow.dag_processing.dagbag.BundleDagBag","filename":"dagbag.py","lineno":460}
{"timestamp":"2026-08-25T17:32:18.109308Z","level":"info","event":"Filling up the DagBag from /opt/airflow/dags/orchestrate.py","logger":"airflow.dag_processing.dagbag.BundleDagBag","filename":"dagbag.py","lineno":460}
{"timestamp":"2026-08-25T17:32:48.812946Z","level":"info","event":"Filling up the DagBag from /opt/airflow/dags/orchestrate.py","logger":"airflow.dag_processing.dagbag.BundleDagBag","filename":"dagbag.py","lineno":460}
{"timestamp":"2026-08-25T17:33:19.466080Z","level":"info","event":"Filling up the DagBag from /opt/airflow/dags/orchestrate.py","logger":"airflow.dag_processing.dagbag.BundleDagBag","filename":"dagbag.py","lineno":460}
{"timestamp":"2026-08-25T17:33:50.129069Z","level":"info","event":"Filling up the DagBag from /opt/airflow/dags/orchestrate.py","logger":"airflow.dag_processing.dagbag.BundleDagBag","filename":"dagbag.py","lineno":460}
{"timestamp":"2026-08-25T17:34:20.766451Z","level":"info","event":"Filling up the DagBag from /opt/airflow/dags/orchestrate.py","logger":"airflow.dag_processing.dagbag.BundleDagBag","filename":"dagbag.py","lineno":460}
{"timestamp":"2026-08-25T17:34:51.420532Z","level":"info","event":"Filling up the DagBag from /opt/airflow/dags/orchestrate.py","logger":"airflow.dag_processing.dagbag.BundleDagBag","filename":"dagbag.py","lineno":460}
{"timestamp":"2026-08-25T17:35:22.033246Z","level":"info","event":"Filling up the DagBag from /opt/airflow/dags/orchestrate.py","logger":"airflow.dag_processing.dagbag.BundleDagBag","filename":"dagbag.py","lineno":460}
{"timestamp":"2026-08-25T17:35:52.632800Z","level":"info","event":"Filling up the DagBag from /opt/airflow/dags/orchestrate.py","logger":"airflow.dag_processing.dagbag.BundleDagBag","filename":"dagbag.py","lineno":460}
{"timestamp":"2026-08-25T17:36:23.267468Z","level":"info","event":"Filling up the DagBag from /opt/airflow/dags/orchestrate.py","logger":"airflow.dag_processing.dagbag.BundleDagBag","filename":"dagbag.py","lineno":460}
{"timestamp":"2026-08-25T17:36:53.886176Z","level":"info","event":"Filling up the DagBag from /opt/airflow/dags/orchestrate.py","logger":"airflow.dag_processing.dagbag.BundleDagBag","filename":"dagbag.py","lineno":460}
{"timestamp":"2026-08-25T17:37:24.670683Z","level":"info","event":"Filling up the DagBag from /opt/airflow/dags/orchestrate.py","logger":"airflow.dag_processing.dagbag.BundleDagBag","filename":"dagbag.py","lineno":460}
{"timestamp":"2026-08-25T17:37:55.382965Z","level":"info","event":"Filling up the DagBag from /opt/airflow/dags/orchestrate.py","logger":"airflow.dag_processing.dagbag.BundleDagBag","filename":"dagbag.py","lineno":460}
{"timestamp":"2026-08-25T17:38:26.106284Z","level":"info","event":"Filling up the DagBag from /opt/airflow/dags/orchestrate.py","logger":"airflow.dag_processing.dagbag.BundleDagBag","filename":"dagbag.py","lineno":460}
{"timestamp":"2026-08-25T17:38:56.784609Z","level":"info","event":"Filling up the DagBag from /opt/airflow/dags/orchestrate.py","logger":"airflow.dag_processing.dagbag.BundleDagBag","filename":"dagbag.py","lineno":460}
{"timestamp":"2026-08-25T17:39:27.459787Z","level":"info","event":"Filling up the DagBag from /opt/airflow/dags/orchestrate.py","logger":"airflow.dag_processing.dagbag.BundleDagBag","filename":"dagbag.py","lineno":460}
{"timestamp":"2026-08-25T17:39:58.052973Z","level":"info","event":"Filling up the DagBag from /opt/airflow/dags/orchestrate.py","logger":"airflow.dag_processing.dagbag.BundleDagBag","filename":"dagbag.py","lineno":460}
{"timestamp":"2026-08-25T17:40:28.642910Z","level":"info","event":"Filling up the DagBag from /opt/airflow/dags/orchestrate.py","logger":"airflow.dag_processing.dagbag.BundleDagBag","filename":"dagbag.py","lineno":460}
{"timestamp":"2026-08-25T17:40:59.306943Z","level":"info","event":"Filling up the DagBag from /opt/airflow/dags/orchestrate.py","logger":"airflow.dag_processing.dagbag.BundleDagBag","filename":"dagbag.py","lineno":460}
{"timestamp":"2026-08-25T17:41:29.973596Z","level":"info","event":"Filling up the DagBag from /opt/airflow/dags/orchestrate.py","logger":"airflow.dag_processing.dagbag.BundleDagBag","filename":"dagbag.py","lineno":460}
{"timestamp":"2026-08-25T17:42:00.602393Z","level":"info","event":"Filling up the DagBag from /opt/airflow/dags/orchestrate.py","logger":"airflow.dag_processing.dagbag.BundleDagBag","filename":"dagbag.py","lineno":460}
{"timestamp":"2026-08-25T17:42:31.202691Z","level":"info","event":"Filling up the DagBag from /opt/airflow/dags/orchestrate.py","logger":"airflow.dag_processing.dagbag.BundleDagBag","filename":"dagbag.py","lineno":460}
{"timestamp":"2026-08-25T17:43:01.794045Z","level":"info","event":"Filling up the DagBag from /opt/airflow/dags/orchestrate.py","logger":"airflow.dag_processing.dagbag.BundleDagBag","filename":"dagbag.py","lineno":460}
{"timestamp":"2026-08-25T17:43:32.408371Z","level":"info","event":"Filling up the DagBag from /opt/airflow/dags/orchestrate.py","logger":"airflow.dag_processing.dagbag.BundleDagBag","filename":"dagbag.py","lineno":460}
{"timestamp":"2026-08-25T17:44:03.043753Z","level":"info","event":"Filling up the DagBag from /opt/airflow/dags/orchestrate.py","logger":"airflow.dag_processing.dagbag.BundleDagBag","filename":"dagbag.py","lineno":460}
{"timestamp":"2026-08-25T17:44:33.664640Z","level":"info","event":"Filling up the DagBag from /opt/airflow/dags/orchestrate.py","logger":"airflow.dag_processing.dagbag.BundleDagBag","filename":"dagbag.py","lineno":460}
{"timestamp":"2026-08-25T17:45:04.336058Z","level":"info","event":"Filling up the DagBag from /opt/airflow/dags/orchestrate.py","logger":"airflow.dag_processing.dagbag.BundleDagBag","filename":"dagbag.py","lineno":460}
{"timestamp":"2026-08-25T17:45:34.980520Z","level":"info","event":"Filling up the DagBag from /opt/airflow/dags/orchestrate.py","logger":"airflow.dag_processing.dagbag.BundleDagBag","filename":"dagbag.py","lineno":460}
{"timestamp":"2026-08-25T17:46:05.619445Z","level":"info","event":"Filling up the DagBag from /opt/airflow/dags/orchestrate.py","logger":"airflow.dag_processing.dagbag.BundleDagBag","filename":"dagbag.py","lineno":460}
{"timestamp":"2026-08-25T17:46:36.220021Z","level":"info","event":"Filling up the DagBag from /opt/airflow/dags/orchestrate.py","logger":"airflow.dag_processing.dagbag.BundleDagBag","filename":"dagbag.py","lineno":460}
{"timestamp":"2026-08-25T17:47:06.934813Z","level":"info","event":"Filling up the DagBag from /opt/airflow/dags/orchestrate.py","logger":"airflow.dag_processing.dagbag.BundleDagBag","filename":"dagbag.py","lineno":460}
{"timestamp":"2026-08-25T17:47:37.564918Z","level":"info","event":"Filling up the DagBag from /opt/airflow/dags/orchestrate.py","logger":"airflow.dag_processing.dagbag.BundleDagBag","filename":"dagbag.py","lineno":460}
{"timestamp":"2026-08-25T17:48:08.171395Z","level":"info","event":"Filling up the DagBag from /opt/airflow/dags/orchestrate.py","logger":"airflow.dag_processing.dagbag.BundleDagBag","filename":"dagbag.py","lineno":460}
{"timestamp":"2026-08-25T17:48:38.790932Z","level":"info","event":"Filling up the DagBag from /opt/airflow/dags/orchestrate.py","logger":"airflow.dag_processing.dagbag.BundleDagBag","filename":"dagbag.py","lineno":460}
{"timestamp":"2026-08-25T17:49:09.443525Z","level":"info","event":"Filling up the DagBag from /opt/airflow/dags/orchestrate.py","logger":"airflow.dag_processing.dagbag.BundleDagBag","filename":"dagbag.py","lineno":460}
{"timestamp":"2026-08-25T17:49:40.112110Z","level":"info","event":"Filling up the DagBag from /opt/airflow/dags/orchestrate.py","logger":"airflow.dag_processing.dagbag.BundleDagBag","filename":"dagbag.py","lineno":460}
{"timestamp":"2026-08-25T17:50:10.783543Z","level":"info","event":"Filling up the DagBag from /opt/airflow/dags/orchestrate.py","logger":"airflow.dag_processing.dagbag.BundleDagBag","filename":"dagbag.py","lineno":460}
{"timestamp":"2026-08-25T17:50:41.538383Z","level":"info","event":"Filling up the DagBag from /opt/airflow/dags/orchestrate.py","logger":"airflow.dag_processing.dagbag.BundleDagBag","filename":"dagbag.py","lineno":460}
{"timestamp":"2026-08-25T17:51:12.317362Z","level":"info","event":"Filling up the DagBag from /opt/airflow/dags/orchestrate.py","logger":"airflow.dag_processing.dagbag.BundleDagBag","filename":"dagbag.py","lineno":460}
{"timestamp":"2026-08-25T17:51:42.980953Z","level":"info","event":"Filling up the DagBag from /opt/airflow/dags/orchestrate.py","logger":"airflow.dag_processing.dagbag.BundleDagBag","filename":"dagbag.py","lineno":460}
{"timestamp":"2026-08-25T17:52:13.612468Z","level":"info","event":"Filling up the DagBag from /opt/airflow/dags/orchestrate.py","logger":"airflow.dag_processing.dagbag.BundleDagBag","filename":"dagbag.py","lineno":460}
{"timestamp":"2026-08-25T17:52:30.113136Z","level":"info","event":"Filling up the DagBag from /opt/airflow/dags/orchestrate.py","logger":"airflow.dag_processing.dagbag.BundleDagBag","filename":"dagbag.py","lineno":460}
{"timestamp":"2026-08-25T17:52:30.229124Z","level":"error","event":"Failed to import: /opt/airflow/dags/orchestrate.py","logger":"airflow.dag_processing.importers.python_importer","filename":"python_importer.py","lineno":244,"error_detail":[{"exc_type":"ModuleNotFoundError","exc_value":"No module named 'grant'","exc_notes":[],"syntax_error":null,"is_cause":false,"frames":[{"filename":"/home/airflow/.local/lib/python3.13/site-packages/airflow/dag_processing/importers/python_importer.py","lineno":238,"name":"parse"},{"filename":"<frozen importlib._bootstrap_external>","lineno":1023,"name":"exec_module"},{"filename":"<frozen importlib._bootstrap>","lineno":488,"name":"_call_with_frames_removed"},{"filename":"/opt/airflow/dags/orchestrate.py","lineno":2,"name":"<module>"}],"is_group":false,"exceptions":[]}]}
{"timestamp":"2026-08-25T17:52:30.239926Z","level":"error","event":"Error loading DAG from orchestrate.py: No module named 'grant'","logger":"airflow.dag_processing.dagbag.BundleDagBag","filename":"dagbag.py","lineno":319}
{"timestamp":"2026-08-25T17:52:57.765173Z","level":"info","event":"Filling up the DagBag from /opt/airflow/dags/orchestrate.py","logger":"airflow.dag_processing.dagbag.BundleDagBag","filename":"dagbag.py","lineno":460}
{"timestamp":"2026-08-25T17:52:57.893257Z","level":"error","event":"Failed to import: /opt/airflow/dags/orchestrate.py","logger":"airflow.dag_processing.importers.python_importer","filename":"python_importer.py","lineno":244,"error_detail":[{"exc_type":"ModuleNotFoundError","exc_value":"No module named 'ingestion'","exc_notes":[],"syntax_error":null,"is_cause":false,"frames":[{"filename":"/home/airflow/.local/lib/python3.13/site-packages/airflow/dag_processing/importers/python_importer.py","lineno":238,"name":"parse"},{"filename":"<frozen importlib._bootstrap_external>","lineno":1023,"name":"exec_module"},{"filename":"<frozen importlib._bootstrap>","lineno":488,"name":"_call_with_frames_removed"},{"filename":"/opt/airflow/dags/orchestrate.py","lineno":2,"name":"<module>"}],"is_group":false,"exceptions":[]}]}
{"timestamp":"2026-08-25T17:52:57.904342Z","level":"error","event":"Error loading DAG from orchestrate.py: No module named 'ingestion'","logger":"airflow.dag_processing.dagbag.BundleDagBag","filename":"dagbag.py","lineno":319}
{"timestamp":"2026-08-25T17:53:28.454090Z","level":"info","event":"Filling up the DagBag from /opt/airflow/dags/orchestrate.py","logger":"airflow.dag_processing.dagbag.BundleDagBag","filename":"dagbag.py","lineno":460}
{"timestamp":"2026-08-25T17:53:28.516916Z","level":"error","event":"Failed to import: /opt/airflow/dags/orchestrate.py","logger":"airflow.dag_processing.importers.python_importer","filename":"python_importer.py","lineno":244,"error_detail":[{"exc_type":"ModuleNotFoundError","exc_value":"No module named 'ingestion'","exc_notes":[],"syntax_error":null,"is_cause":false,"frames":[{"filename":"/home/airflow/.local/lib/python3.13/site-packages/airflow/dag_processing/importers/python_importer.py","lineno":238,"name":"parse"},{"filename":"<frozen importlib._bootstrap_external>","lineno":1023,"name":"exec_module"},{"filename":"<frozen importlib._bootstrap>","lineno":488,"name":"_call_with_frames_removed"},{"filename":"/opt/airflow/dags/orchestrate.py","lineno":2,"name":"<module>"}],"is_group":false,"exceptions":[]}]}
{"timestamp":"2026-08-25T17:53:28.524101Z","level":"error","event":"Error loading DAG from orchestrate.py: No module named 'ingestion'","logger":"airflow.dag_processing.dagbag.BundleDagBag","filename":"dagbag.py","lineno":319}
{"timestamp":"2026-08-25T17:53:59.014345Z","level":"info","event":"Filling up the DagBag from /opt/airflow/dags/orchestrate.py","logger":"airflow.dag_processing.dagbag.BundleDagBag","filename":"dagbag.py","lineno":460}
{"timestamp":"2026-08-25T17:53:59.089194Z","level":"error","event":"Failed to import: /opt/airflow/dags/orchestrate.py","logger":"airflow.dag_processing.importers.python_importer","filename":"python_importer.py","lineno":244,"error_detail":[{"exc_type":"ModuleNotFoundError","exc_value":"No module named 'ingestion'","exc_notes":[],"syntax_error":null,"is_cause":false,"frames":[{"filename":"/home/airflow/.local/lib/python3.13/site-packages/airflow/dag_processing/importers/python_importer.py","lineno":238,"name":"parse"},{"filename":"<frozen importlib._bootstrap_external>","lineno":1023,"name":"exec_module"},{"filename":"<frozen importlib._bootstrap>","lineno":488,"name":"_call_with_frames_removed"},{"filename":"/opt/airflow/dags/orchestrate.py","lineno":2,"name":"<module>"}],"is_group":false,"exceptions":[]}]}
{"timestamp":"2026-08-25T17:53:59.098295Z","level":"error","event":"Error loading DAG from orchestrate.py: No module named 'ingestion'","logger":"airflow.dag_processing.dagbag.BundleDagBag","filename":"dagbag.py","lineno":319}
{"timestamp":"2026-08-25T17:54:29.607278Z","level":"info","event":"Filling up the DagBag from /opt/airflow/dags/orchestrate.py","logger":"airflow.dag_processing.dagbag.BundleDagBag","filename":"dagbag.py","lineno":460}
{"timestamp":"2026-08-25T17:54:29.672436Z","level":"error","event":"Failed to import: /opt/airflow/dags/orchestrate.py","logger":"airflow.dag_processing.importers.python_importer","filename":"python_importer.py","lineno":244,"error_detail":[{"exc_type":"ModuleNotFoundError","exc_value":"No module named 'ingestion'","exc_notes":[],"syntax_error":null,"is_cause":false,"frames":[{"filename":"/home/airflow/.local/lib/python3.13/site-packages/airflow/dag_processing/importers/python_importer.py","lineno":238,"name":"parse"},{"filename":"<frozen importlib._bootstrap_external>","lineno":1023,"name":"exec_module"},{"filename":"<frozen importlib._bootstrap>","lineno":488,"name":"_call_with_frames_removed"},{"filename":"/opt/airflow/dags/orchestrate.py","lineno":2,"name":"<module>"}],"is_group":false,"exceptions":[]}]}
{"timestamp":"2026-08-25T17:54:29.681616Z","level":"error","event":"Error loading DAG from orchestrate.py: No module named 'ingestion'","logger":"airflow.dag_processing.dagbag.BundleDagBag","filename":"dagbag.py","lineno":319}
{"timestamp":"2026-08-25T17:55:00.130912Z","level":"info","event":"Filling up the DagBag from /opt/airflow/dags/orchestrate.py","logger":"airflow.dag_processing.dagbag.BundleDagBag","filename":"dagbag.py","lineno":460}
{"timestamp":"2026-08-25T17:55:00.246940Z","level":"error","event":"Failed to import: /opt/airflow/dags/orchestrate.py","logger":"airflow.dag_processing.importers.python_importer","filename":"python_importer.py","lineno":244,"error_detail":[{"exc_type":"ModuleNotFoundError","exc_value":"No module named 'ingestion'","exc_notes":[],"syntax_error":null,"is_cause":false,"frames":[{"filename":"/home/airflow/.local/lib/python3.13/site-packages/airflow/dag_processing/importers/python_importer.py","lineno":238,"name":"parse"},{"filename":"<frozen importlib._bootstrap_external>","lineno":1023,"name":"exec_module"},{"filename":"<frozen importlib._bootstrap>","lineno":488,"name":"_call_with_frames_removed"},{"filename":"/opt/airflow/dags/orchestrate.py","lineno":2,"name":"<module>"}],"is_group":false,"exceptions":[]}]}
{"timestamp":"2026-08-25T17:55:00.253897Z","level":"error","event":"Error loading DAG from orchestrate.py: No module named 'ingestion'","logger":"airflow.dag_processing.dagbag.BundleDagBag","filename":"dagbag.py","lineno":319}
{"timestamp":"2026-08-25T17:55:27.693439Z","level":"info","event":"Filling up the DagBag from /opt/airflow/dags/orchestrate.py","logger":"airflow.dag_processing.dagbag.BundleDagBag","filename":"dagbag.py","lineno":460}
{"timestamp":"2026-08-25T17:55:27.826789Z","level":"error","event":"Failed to import: /opt/airflow/dags/orchestrate.py","logger":"airflow.dag_processing.importers.python_importer","filename":"python_importer.py","lineno":244,"error_detail":[{"exc_type":"ModuleNotFoundError","exc_value":"No module named 'ingestion'","exc_notes":[],"syntax_error":null,"is_cause":false,"frames":[{"filename":"/home/airflow/.local/lib/python3.13/site-packages/airflow/dag_processing/importers/python_importer.py","lineno":238,"name":"parse"},{"filename":"<frozen importlib._bootstrap_external>","lineno":1023,"name":"exec_module"},{"filename":"<frozen importlib._bootstrap>","lineno":488,"name":"_call_with_frames_removed"},{"filename":"/opt/airflow/dags/orchestrate.py","lineno":2,"name":"<module>"}],"is_group":false,"exceptions":[]}]}
{"timestamp":"2026-08-25T17:55:27.834276Z","level":"error","event":"Error loading DAG from orchestrate.py: No module named 'ingestion'","logger":"airflow.dag_processing.dagbag.BundleDagBag","filename":"dagbag.py","lineno":319}
{"timestamp":"2026-08-25T17:55:30.961693Z","level":"info","event":"Filling up the DagBag from /opt/airflow/dags/orchestrate.py","logger":"airflow.dag_processing.dagbag.BundleDagBag","filename":"dagbag.py","lineno":460}
{"timestamp":"2026-08-25T17:55:31.096485Z","level":"error","event":"Failed to import: /opt/airflow/dags/orchestrate.py","logger":"airflow.dag_processing.importers.python_importer","filename":"python_importer.py","lineno":244,"error_detail":[{"exc_type":"ModuleNotFoundError","exc_value":"No module named 'ingestion'","exc_notes":[],"syntax_error":null,"is_cause":false,"frames":[{"filename":"/home/airflow/.local/lib/python3.13/site-packages/airflow/dag_processing/importers/python_importer.py","lineno":238,"name":"parse"},{"filename":"<frozen importlib._bootstrap_external>","lineno":1023,"name":"exec_module"},{"filename":"<frozen importlib._bootstrap>","lineno":488,"name":"_call_with_frames_removed"},{"filename":"/opt/airflow/dags/orchestrate.py","lineno":2,"name":"<module>"}],"is_group":false,"exceptions":[]}]}
{"timestamp":"2026-08-25T17:55:31.101837Z","level":"error","event":"Error loading DAG from orchestrate.py: No module named 'ingestion'","logger":"airflow.dag_processing.dagbag.BundleDagBag","filename":"dagbag.py","lineno":319}
{"timestamp":"2026-08-25T17:56:01.592921Z","level":"info","event":"Filling up the DagBag from /opt/airflow/dags/orchestrate.py","logger":"airflow.dag_processing.dagbag.BundleDagBag","filename":"dagbag.py","lineno":460}
{"timestamp":"2026-08-25T17:56:01.649099Z","level":"error","event":"Failed to import: /opt/airflow/dags/orchestrate.py","logger":"airflow.dag_processing.importers.python_importer","filename":"python_importer.py","lineno":244,"error_detail":[{"exc_type":"ModuleNotFoundError","exc_value":"No module named 'ingestion'","exc_notes":[],"syntax_error":null,"is_cause":false,"frames":[{"filename":"/home/airflow/.local/lib/python3.13/site-packages/airflow/dag_processing/importers/python_importer.py","lineno":238,"name":"parse"},{"filename":"<frozen importlib._bootstrap_external>","lineno":1023,"name":"exec_module"},{"filename":"<frozen importlib._bootstrap>","lineno":488,"name":"_call_with_frames_removed"},{"filename":"/opt/airflow/dags/orchestrate.py","lineno":2,"name":"<module>"}],"is_group":false,"exceptions":[]}]}
{"timestamp":"2026-08-25T17:56:01.657399Z","level":"error","event":"Error loading DAG from orchestrate.py: No module named 'ingestion'","logger":"airflow.dag_processing.dagbag.BundleDagBag","filename":"dagbag.py","lineno":319}
{"timestamp":"2026-08-25T17:56:32.057063Z","level":"info","event":"Filling up the DagBag from /opt/airflow/dags/orchestrate.py","logger":"airflow.dag_processing.dagbag.BundleDagBag","filename":"dagbag.py","lineno":460}
{"timestamp":"2026-08-25T17:56:32.102424Z","level":"error","event":"Failed to import: /opt/airflow/dags/orchestrate.py","logger":"airflow.dag_processing.importers.python_importer","filename":"python_importer.py","lineno":244,"error_detail":[{"exc_type":"ModuleNotFoundError","exc_value":"No module named 'ingestion'","exc_notes":[],"syntax_error":null,"is_cause":false,"frames":[{"filename":"/home/airflow/.local/lib/python3.13/site-packages/airflow/dag_processing/importers/python_importer.py","lineno":238,"name":"parse"},{"filename":"<frozen importlib._bootstrap_external>","lineno":1023,"name":"exec_module"},{"filename":"<frozen importlib._bootstrap>","lineno":488,"name":"_call_with_frames_removed"},{"filename":"/opt/airflow/dags/orchestrate.py","lineno":2,"name":"<module>"}],"is_group":false,"exceptions":[]}]}
{"timestamp":"2026-08-25T17:56:32.108431Z","level":"error","event":"Error loading DAG from orchestrate.py: No module named 'ingestion'","logger":"airflow.dag_processing.dagbag.BundleDagBag","filename":"dagbag.py","lineno":319}
{"timestamp":"2026-08-25T17:57:02.545483Z","level":"info","event":"Filling up the DagBag from /opt/airflow/dags/orchestrate.py","logger":"airflow.dag_processing.dagbag.BundleDagBag","filename":"dagbag.py","lineno":460}
{"timestamp":"2026-08-25T17:57:02.602511Z","level":"error","event":"Failed to import: /opt/airflow/dags/orchestrate.py","logger":"airflow.dag_processing.importers.python_importer","filename":"python_importer.py","lineno":244,"error_detail":[{"exc_type":"ModuleNotFoundError","exc_value":"No module named 'ingestion'","exc_notes":[],"syntax_error":null,"is_cause":false,"frames":[{"filename":"/home/airflow/.local/lib/python3.13/site-packages/airflow/dag_processing/importers/python_importer.py","lineno":238,"name":"parse"},{"filename":"<frozen importlib._bootstrap_external>","lineno":1023,"name":"exec_module"},{"filename":"<frozen importlib._bootstrap>","lineno":488,"name":"_call_with_frames_removed"},{"filename":"/opt/airflow/dags/orchestrate.py","lineno":2,"name":"<module>"}],"is_group":false,"exceptions":[]}]}
{"timestamp":"2026-08-25T17:57:02.608839Z","level":"error","event":"Error loading DAG from orchestrate.py: No module named 'ingestion'","logger":"airflow.dag_processing.dagbag.BundleDagBag","filename":"dagbag.py","lineno":319}
{"timestamp":"2026-08-25T17:57:33.072473Z","level":"info","event":"Filling up the DagBag from /opt/airflow/dags/orchestrate.py","logger":"airflow.dag_processing.dagbag.BundleDagBag","filename":"dagbag.py","lineno":460}
{"timestamp":"2026-08-25T17:57:33.132138Z","level":"error","event":"Failed to import: /opt/airflow/dags/orchestrate.py","logger":"airflow.dag_processing.importers.python_importer","filename":"python_importer.py","lineno":244,"error_detail":[{"exc_type":"ModuleNotFoundError","exc_value":"No module named 'ingestion'","exc_notes":[],"syntax_error":null,"is_cause":false,"frames":[{"filename":"/home/airflow/.local/lib/python3.13/site-packages/airflow/dag_processing/importers/python_importer.py","lineno":238,"name":"parse"},{"filename":"<frozen importlib._bootstrap_external>","lineno":1023,"name":"exec_module"},{"filename":"<frozen importlib._bootstrap>","lineno":488,"name":"_call_with_frames_removed"},{"filename":"/opt/airflow/dags/orchestrate.py","lineno":2,"name":"<module>"}],"is_group":false,"exceptions":[]}]}
{"timestamp":"2026-08-25T17:57:33.139612Z","level":"error","event":"Error loading DAG from orchestrate.py: No module named 'ingestion'","logger":"airflow.dag_processing.dagbag.BundleDagBag","filename":"dagbag.py","lineno":319}
{"timestamp":"2026-08-25T17:58:03.617394Z","level":"info","event":"Filling up the DagBag from /opt/airflow/dags/orchestrate.py","logger":"airflow.dag_processing.dagbag.BundleDagBag","filename":"dagbag.py","lineno":460}
{"timestamp":"2026-08-25T17:58:03.683850Z","level":"error","event":"Failed to import: /opt/airflow/dags/orchestrate.py","logger":"airflow.dag_processing.importers.python_importer","filename":"python_importer.py","lineno":244,"error_detail":[{"exc_type":"ModuleNotFoundError","exc_value":"No module named 'ingestion'","exc_notes":[],"syntax_error":null,"is_cause":false,"frames":[{"filename":"/home/airflow/.local/lib/python3.13/site-packages/airflow/dag_processing/importers/python_importer.py","lineno":238,"name":"parse"},{"filename":"<frozen importlib._bootstrap_external>","lineno":1023,"name":"exec_module"},{"filename":"<frozen importlib._bootstrap>","lineno":488,"name":"_call_with_frames_removed"},{"filename":"/opt/airflow/dags/orchestrate.py","lineno":2,"name":"<module>"}],"is_group":false,"exceptions":[]}]}
{"timestamp":"2026-08-25T17:58:03.692953Z","level":"error","event":"Error loading DAG from orchestrate.py: No module named 'ingestion'","logger":"airflow.dag_processing.dagbag.BundleDagBag","filename":"dagbag.py","lineno":319}
{"timestamp":"2026-08-25T17:58:34.174587Z","level":"info","event":"Filling up the DagBag from /opt/airflow/dags/orchestrate.py","logger":"airflow.dag_processing.dagbag.BundleDagBag","filename":"dagbag.py","lineno":460}
{"timestamp":"2026-08-25T17:58:34.242210Z","level":"error","event":"Failed to import: /opt/airflow/dags/orchestrate.py","logger":"airflow.dag_processing.importers.python_importer","filename":"python_importer.py","lineno":244,"error_detail":[{"exc_type":"ModuleNotFoundError","exc_value":"No module named 'ingestion'","exc_notes":[],"syntax_error":null,"is_cause":false,"frames":[{"filename":"/home/airflow/.local/lib/python3.13/site-packages/airflow/dag_processing/importers/python_importer.py","lineno":238,"name":"parse"},{"filename":"<frozen importlib._bootstrap_external>","lineno":1023,"name":"exec_module"},{"filename":"<frozen importlib._bootstrap>","lineno":488,"name":"_call_with_frames_removed"},{"filename":"/opt/airflow/dags/orchestrate.py","lineno":2,"name":"<module>"}],"is_group":false,"exceptions":[]}]}
{"timestamp":"2026-08-25T17:58:34.251188Z","level":"error","event":"Error loading DAG from orchestrate.py: No module named 'ingestion'","logger":"airflow.dag_processing.dagbag.BundleDagBag","filename":"dagbag.py","lineno":319}
{"timestamp":"2026-08-25T17:59:04.723321Z","level":"info","event":"Filling up the DagBag from /opt/airflow/dags/orchestrate.py","logger":"airflow.dag_processing.dagbag.BundleDagBag","filename":"dagbag.py","lineno":460}
{"timestamp":"2026-08-25T17:59:04.790091Z","level":"error","event":"Failed to import: /opt/airflow/dags/orchestrate.py","logger":"airflow.dag_processing.importers.python_importer","filename":"python_importer.py","lineno":244,"error_detail":[{"exc_type":"ModuleNotFoundError","exc_value":"No module named 'ingestion'","exc_notes":[],"syntax_error":null,"is_cause":false,"frames":[{"filename":"/home/airflow/.local/lib/python3.13/site-packages/airflow/dag_processing/importers/python_importer.py","lineno":238,"name":"parse"},{"filename":"<frozen importlib._bootstrap_external>","lineno":1023,"name":"exec_module"},{"filename":"<frozen importlib._bootstrap>","lineno":488,"name":"_call_with_frames_removed"},{"filename":"/opt/airflow/dags/orchestrate.py","lineno":2,"name":"<module>"}],"is_group":false,"exceptions":[]}]}
{"timestamp":"2026-08-25T17:59:04.798863Z","level":"error","event":"Error loading DAG from orchestrate.py: No module named 'ingestion'","logger":"airflow.dag_processing.dagbag.BundleDagBag","filename":"dagbag.py","lineno":319}
{"timestamp":"2026-08-25T17:59:35.265064Z","level":"info","event":"Filling up the DagBag from /opt/airflow/dags/orchestrate.py","logger":"airflow.dag_processing.dagbag.BundleDagBag","filename":"dagbag.py","lineno":460}
{"timestamp":"2026-08-25T17:59:35.319365Z","level":"error","event":"Failed to import: /opt/airflow/dags/orchestrate.py","logger":"airflow.dag_processing.importers.python_importer","filename":"python_importer.py","lineno":244,"error_detail":[{"exc_type":"ModuleNotFoundError","exc_value":"No module named 'ingestion'","exc_notes":[],"syntax_error":null,"is_cause":false,"frames":[{"filename":"/home/airflow/.local/lib/python3.13/site-packages/airflow/dag_processing/importers/python_importer.py","lineno":238,"name":"parse"},{"filename":"<frozen importlib._bootstrap_external>","lineno":1023,"name":"exec_module"},{"filename":"<frozen importlib._bootstrap>","lineno":488,"name":"_call_with_frames_removed"},{"filename":"/opt/airflow/dags/orchestrate.py","lineno":2,"name":"<module>"}],"is_group":false,"exceptions":[]}]}
{"timestamp":"2026-08-25T17:59:35.324606Z","level":"error","event":"Error loading DAG from orchestrate.py: No module named 'ingestion'","logger":"airflow.dag_processing.dagbag.BundleDagBag","filename":"dagbag.py","lineno":319}
{"timestamp":"2026-08-25T18:00:05.696575Z","level":"info","event":"Filling up the DagBag from /opt/airflow/dags/orchestrate.py","logger":"airflow.dag_processing.dagbag.BundleDagBag","filename":"dagbag.py","lineno":460}
{"timestamp":"2026-08-25T18:00:05.753741Z","level":"error","event":"Failed to import: /opt/airflow/dags/orchestrate.py","logger":"airflow.dag_processing.importers.python_importer","filename":"python_importer.py","lineno":244,"error_detail":[{"exc_type":"ModuleNotFoundError","exc_value":"No module named 'ingestion'","exc_notes":[],"syntax_error":null,"is_cause":false,"frames":[{"filename":"/home/airflow/.local/lib/python3.13/site-packages/airflow/dag_processing/importers/python_importer.py","lineno":238,"name":"parse"},{"filename":"<frozen importlib._bootstrap_external>","lineno":1023,"name":"exec_module"},{"filename":"<frozen importlib._bootstrap>","lineno":488,"name":"_call_with_frames_removed"},{"filename":"/opt/airflow/dags/orchestrate.py","lineno":2,"name":"<module>"}],"is_group":false,"exceptions":[]}]}
{"timestamp":"2026-08-25T18:00:05.760138Z","level":"error","event":"Error loading DAG from orchestrate.py: No module named 'ingestion'","logger":"airflow.dag_processing.dagbag.BundleDagBag","filename":"dagbag.py","lineno":319}
{"timestamp":"2026-08-25T18:00:36.205262Z","level":"info","event":"Filling up the DagBag from /opt/airflow/dags/orchestrate.py","logger":"airflow.dag_processing.dagbag.BundleDagBag","filename":"dagbag.py","lineno":460}
{"timestamp":"2026-08-25T18:00:36.259853Z","level":"error","event":"Failed to import: /opt/airflow/dags/orchestrate.py","logger":"airflow.dag_processing.importers.python_importer","filename":"python_importer.py","lineno":244,"error_detail":[{"exc_type":"ModuleNotFoundError","exc_value":"No module named 'ingestion'","exc_notes":[],"syntax_error":null,"is_cause":false,"frames":[{"filename":"/home/airflow/.local/lib/python3.13/site-packages/airflow/dag_processing/importers/python_importer.py","lineno":238,"name":"parse"},{"filename":"<frozen importlib._bootstrap_external>","lineno":1023,"name":"exec_module"},{"filename":"<frozen importlib._bootstrap>","lineno":488,"name":"_call_with_frames_removed"},{"filename":"/opt/airflow/dags/orchestrate.py","lineno":2,"name":"<module>"}],"is_group":false,"exceptions":[]}]}
{"timestamp":"2026-08-25T18:00:36.266791Z","level":"error","event":"Error loading DAG from orchestrate.py: No module named 'ingestion'","logger":"airflow.dag_processing.dagbag.BundleDagBag","filename":"dagbag.py","lineno":319}
{"timestamp":"2026-08-25T18:01:06.795396Z","level":"info","event":"Filling up the DagBag from /opt/airflow/dags/orchestrate.py","logger":"airflow.dag_processing.dagbag.BundleDagBag","filename":"dagbag.py","lineno":460}
{"timestamp":"2026-08-25T18:01:06.859116Z","level":"error","event":"Failed to import: /opt/airflow/dags/orchestrate.py","logger":"airflow.dag_processing.importers.python_importer","filename":"python_importer.py","lineno":244,"error_detail":[{"exc_type":"ModuleNotFoundError","exc_value":"No module named 'ingestion'","exc_notes":[],"syntax_error":null,"is_cause":false,"frames":[{"filename":"/home/airflow/.local/lib/python3.13/site-packages/airflow/dag_processing/importers/python_importer.py","lineno":238,"name":"parse"},{"filename":"<frozen importlib._bootstrap_external>","lineno":1023,"name":"exec_module"},{"filename":"<frozen importlib._bootstrap>","lineno":488,"name":"_call_with_frames_removed"},{"filename":"/opt/airflow/dags/orchestrate.py","lineno":2,"name":"<module>"}],"is_group":false,"exceptions":[]}]}
{"timestamp":"2026-08-25T18:01:06.867396Z","level":"error","event":"Error loading DAG from orchestrate.py: No module named 'ingestion'","logger":"airflow.dag_processing.dagbag.BundleDagBag","filename":"dagbag.py","lineno":319}
{"timestamp":"2026-08-25T18:01:37.336977Z","level":"info","event":"Filling up the DagBag from /opt/airflow/dags/orchestrate.py","logger":"airflow.dag_processing.dagbag.BundleDagBag","filename":"dagbag.py","lineno":460}
{"timestamp":"2026-08-25T18:01:37.399144Z","level":"error","event":"Failed to import: /opt/airflow/dags/orchestrate.py","logger":"airflow.dag_processing.importers.python_importer","filename":"python_importer.py","lineno":244,"error_detail":[{"exc_type":"ModuleNotFoundError","exc_value":"No module named 'ingestion'","exc_notes":[],"syntax_error":null,"is_cause":false,"frames":[{"filename":"/home/airflow/.local/lib/python3.13/site-packages/airflow/dag_processing/importers/python_importer.py","lineno":238,"name":"parse"},{"filename":"<frozen importlib._bootstrap_external>","lineno":1023,"name":"exec_module"},{"filename":"<frozen importlib._bootstrap>","lineno":488,"name":"_call_with_frames_removed"},{"filename":"/opt/airflow/dags/orchestrate.py","lineno":2,"name":"<module>"}],"is_group":false,"exceptions":[]}]}
{"timestamp":"2026-08-25T18:01:37.406176Z","level":"error","event":"Error loading DAG from orchestrate.py: No module named 'ingestion'","logger":"airflow.dag_processing.dagbag.BundleDagBag","filename":"dagbag.py","lineno":319}
{"timestamp":"2026-08-25T18:02:07.975596Z","level":"info","event":"Filling up the DagBag from /opt/airflow/dags/orchestrate.py","logger":"airflow.dag_processing.dagbag.BundleDagBag","filename":"dagbag.py","lineno":460}
{"timestamp":"2026-08-25T18:02:08.063253Z","level":"error","event":"Failed to import: /opt/airflow/dags/orchestrate.py","logger":"airflow.dag_processing.importers.python_importer","filename":"python_importer.py","lineno":244,"error_detail":[{"exc_type":"ModuleNotFoundError","exc_value":"No module named 'ingestion'","exc_notes":[],"syntax_error":null,"is_cause":false,"frames":[{"filename":"/home/airflow/.local/lib/python3.13/site-packages/airflow/dag_processing/importers/python_importer.py","lineno":238,"name":"parse"},{"filename":"<frozen importlib._bootstrap_external>","lineno":1023,"name":"exec_module"},{"filename":"<frozen importlib._bootstrap>","lineno":488,"name":"_call_with_frames_removed"},{"filename":"/opt/airflow/dags/orchestrate.py","lineno":2,"name":"<module>"}],"is_group":false,"exceptions":[]}]}
{"timestamp":"2026-08-25T18:02:08.075646Z","level":"error","event":"Error loading DAG from orchestrate.py: No module named 'ingestion'","logger":"airflow.dag_processing.dagbag.BundleDagBag","filename":"dagbag.py","lineno":319}
{"timestamp":"2026-08-25T18:02:38.638814Z","level":"info","event":"Filling up the DagBag from /opt/airflow/dags/orchestrate.py","logger":"airflow.dag_processing.dagbag.BundleDagBag","filename":"dagbag.py","lineno":460}
{"timestamp":"2026-08-25T18:02:38.737352Z","level":"error","event":"Failed to import: /opt/airflow/dags/orchestrate.py","logger":"airflow.dag_processing.importers.python_importer","filename":"python_importer.py","lineno":244,"error_detail":[{"exc_type":"ModuleNotFoundError","exc_value":"No module named 'ingestion'","exc_notes":[],"syntax_error":null,"is_cause":false,"frames":[{"filename":"/home/airflow/.local/lib/python3.13/site-packages/airflow/dag_processing/importers/python_importer.py","lineno":238,"name":"parse"},{"filename":"<frozen importlib._bootstrap_external>","lineno":1023,"name":"exec_module"},{"filename":"<frozen importlib._bootstrap>","lineno":488,"name":"_call_with_frames_removed"},{"filename":"/opt/airflow/dags/orchestrate.py","lineno":2,"name":"<module>"}],"is_group":false,"exceptions":[]}]}
{"timestamp":"2026-08-25T18:02:38.747194Z","level":"error","event":"Error loading DAG from orchestrate.py: No module named 'ingestion'","logger":"airflow.dag_processing.dagbag.BundleDagBag","filename":"dagbag.py","lineno":319}
{"timestamp":"2026-08-25T18:03:09.361682Z","level":"info","event":"Filling up the DagBag from /opt/airflow/dags/orchestrate.py","logger":"airflow.dag_processing.dagbag.BundleDagBag","filename":"dagbag.py","lineno":460}
{"timestamp":"2026-08-25T18:03:09.462901Z","level":"error","event":"Failed to import: /opt/airflow/dags/orchestrate.py","logger":"airflow.dag_processing.importers.python_importer","filename":"python_importer.py","lineno":244,"error_detail":[{"exc_type":"ModuleNotFoundError","exc_value":"No module named 'ingestion'","exc_notes":[],"syntax_error":null,"is_cause":false,"frames":[{"filename":"/home/airflow/.local/lib/python3.13/site-packages/airflow/dag_processing/importers/python_importer.py","lineno":238,"name":"parse"},{"filename":"<frozen importlib._bootstrap_external>","lineno":1023,"name":"exec_module"},{"filename":"<frozen importlib._bootstrap>","lineno":488,"name":"_call_with_frames_removed"},{"filename":"/opt/airflow/dags/orchestrate.py","lineno":2,"name":"<module>"}],"is_group":false,"exceptions":[]}]}
{"timestamp":"2026-08-25T18:03:09.479530Z","level":"error","event":"Error loading DAG from orchestrate.py: No module named 'ingestion'","logger":"airflow.dag_processing.dagbag.BundleDagBag","filename":"dagbag.py","lineno":319}
{"timestamp":"2026-08-25T18:03:40.091475Z","level":"info","event":"Filling up the DagBag from /opt/airflow/dags/orchestrate.py","logger":"airflow.dag_processing.dagbag.BundleDagBag","filename":"dagbag.py","lineno":460}
{"timestamp":"2026-08-25T18:03:40.166231Z","level":"error","event":"Failed to import: /opt/airflow/dags/orchestrate.py","logger":"airflow.dag_processing.importers.python_importer","filename":"python_importer.py","lineno":244,"error_detail":[{"exc_type":"ModuleNotFoundError","exc_value":"No module named 'ingestion'","exc_notes":[],"syntax_error":null,"is_cause":false,"frames":[{"filename":"/home/airflow/.local/lib/python3.13/site-packages/airflow/dag_processing/importers/python_importer.py","lineno":238,"name":"parse"},{"filename":"<frozen importlib._bootstrap_external>","lineno":1023,"name":"exec_module"},{"filename":"<frozen importlib._bootstrap>","lineno":488,"name":"_call_with_frames_removed"},{"filename":"/opt/airflow/dags/orchestrate.py","lineno":2,"name":"<module>"}],"is_group":false,"exceptions":[]}]}
{"timestamp":"2026-08-25T18:03:40.173995Z","level":"error","event":"Error loading DAG from orchestrate.py: No module named 'ingestion'","logger":"airflow.dag_processing.dagbag.BundleDagBag","filename":"dagbag.py","lineno":319}
{"timestamp":"2026-08-25T18:04:10.736555Z","level":"info","event":"Filling up the DagBag from /opt/airflow/dags/orchestrate.py","logger":"airflow.dag_processing.dagbag.BundleDagBag","filename":"dagbag.py","lineno":460}
{"timestamp":"2026-08-25T18:04:10.810244Z","level":"error","event":"Failed to import: /opt/airflow/dags/orchestrate.py","logger":"airflow.dag_processing.importers.python_importer","filename":"python_importer.py","lineno":244,"error_detail":[{"exc_type":"ModuleNotFoundError","exc_value":"No module named 'ingestion'","exc_notes":[],"syntax_error":null,"is_cause":false,"frames":[{"filename":"/home/airflow/.local/lib/python3.13/site-packages/airflow/dag_processing/importers/python_importer.py","lineno":238,"name":"parse"},{"filename":"<frozen importlib._bootstrap_external>","lineno":1023,"name":"exec_module"},{"filename":"<frozen importlib._bootstrap>","lineno":488,"name":"_call_with_frames_removed"},{"filename":"/opt/airflow/dags/orchestrate.py","lineno":2,"name":"<module>"}],"is_group":false,"exceptions":[]}]}
{"timestamp":"2026-08-25T18:04:10.819245Z","level":"error","event":"Error loading DAG from orchestrate.py: No module named 'ingestion'","logger":"airflow.dag_processing.dagbag.BundleDagBag","filename":"dagbag.py","lineno":319}
{"timestamp":"2026-08-25T18:04:41.397478Z","level":"info","event":"Filling up the DagBag from /opt/airflow/dags/orchestrate.py","logger":"airflow.dag_processing.dagbag.BundleDagBag","filename":"dagbag.py","lineno":460}
{"timestamp":"2026-08-25T18:04:41.454319Z","level":"error","event":"Failed to import: /opt/airflow/dags/orchestrate.py","logger":"airflow.dag_processing.importers.python_importer","filename":"python_importer.py","lineno":244,"error_detail":[{"exc_type":"ModuleNotFoundError","exc_value":"No module named 'ingestion'","exc_notes":[],"syntax_error":null,"is_cause":false,"frames":[{"filename":"/home/airflow/.local/lib/python3.13/site-packages/airflow/dag_processing/importers/python_importer.py","lineno":238,"name":"parse"},{"filename":"<frozen importlib._bootstrap_external>","lineno":1023,"name":"exec_module"},{"filename":"<frozen importlib._bootstrap>","lineno":488,"name":"_call_with_frames_removed"},{"filename":"/opt/airflow/dags/orchestrate.py","lineno":2,"name":"<module>"}],"is_group":false,"exceptions":[]}]}
{"timestamp":"2026-08-25T18:04:41.462100Z","level":"error","event":"Error loading DAG from orchestrate.py: No module named 'ingestion'","logger":"airflow.dag_processing.dagbag.BundleDagBag","filename":"dagbag.py","lineno":319}
{"timestamp":"2026-08-25T18:05:12.013085Z","level":"info","event":"Filling up the DagBag from /opt/airflow/dags/orchestrate.py","logger":"airflow.dag_processing.dagbag.BundleDagBag","filename":"dagbag.py","lineno":460}
{"timestamp":"2026-08-25T18:05:12.067251Z","level":"error","event":"Failed to import: /opt/airflow/dags/orchestrate.py","logger":"airflow.dag_processing.importers.python_importer","filename":"python_importer.py","lineno":244,"error_detail":[{"exc_type":"ModuleNotFoundError","exc_value":"No module named 'ingestion'","exc_notes":[],"syntax_error":null,"is_cause":false,"frames":[{"filename":"/home/airflow/.local/lib/python3.13/site-packages/airflow/dag_processing/importers/python_importer.py","lineno":238,"name":"parse"},{"filename":"<frozen importlib._bootstrap_external>","lineno":1023,"name":"exec_module"},{"filename":"<frozen importlib._bootstrap>","lineno":488,"name":"_call_with_frames_removed"},{"filename":"/opt/airflow/dags/orchestrate.py","lineno":2,"name":"<module>"}],"is_group":false,"exceptions":[]}]}
{"timestamp":"2026-08-25T18:05:12.073793Z","level":"error","event":"Error loading DAG from orchestrate.py: No module named 'ingestion'","logger":"airflow.dag_processing.dagbag.BundleDagBag","filename":"dagbag.py","lineno":319}
{"timestamp":"2026-08-25T18:05:42.550728Z","level":"info","event":"Filling up the DagBag from /opt/airflow/dags/orchestrate.py","logger":"airflow.dag_processing.dagbag.BundleDagBag","filename":"dagbag.py","lineno":460}
{"timestamp":"2026-08-25T18:05:42.610352Z","level":"error","event":"Failed to import: /opt/airflow/dags/orchestrate.py","logger":"airflow.dag_processing.importers.python_importer","filename":"python_importer.py","lineno":244,"error_detail":[{"exc_type":"ModuleNotFoundError","exc_value":"No module named 'ingestion'","exc_notes":[],"syntax_error":null,"is_cause":false,"frames":[{"filename":"/home/airflow/.local/lib/python3.13/site-packages/airflow/dag_processing/importers/python_importer.py","lineno":238,"name":"parse"},{"filename":"<frozen importlib._bootstrap_external>","lineno":1023,"name":"exec_module"},{"filename":"<frozen importlib._bootstrap>","lineno":488,"name":"_call_with_frames_removed"},{"filename":"/opt/airflow/dags/orchestrate.py","lineno":2,"name":"<module>"}],"is_group":false,"exceptions":[]}]}
{"timestamp":"2026-08-25T18:05:42.618377Z","level":"error","event":"Error loading DAG from orchestrate.py: No module named 'ingestion'","logger":"airflow.dag_processing.dagbag.BundleDagBag","filename":"dagbag.py","lineno":319}
{"timestamp":"2026-08-25T18:06:13.136042Z","level":"info","event":"Filling up the DagBag from /opt/airflow/dags/orchestrate.py","logger":"airflow.dag_processing.dagbag.BundleDagBag","filename":"dagbag.py","lineno":460}
{"timestamp":"2026-08-25T18:06:13.223623Z","level":"error","event":"Failed to import: /opt/airflow/dags/orchestrate.py","logger":"airflow.dag_processing.importers.python_importer","filename":"python_importer.py","lineno":244,"error_detail":[{"exc_type":"ModuleNotFoundError","exc_value":"No module named 'ingestion'","exc_notes":[],"syntax_error":null,"is_cause":false,"frames":[{"filename":"/home/airflow/.local/lib/python3.13/site-packages/airflow/dag_processing/importers/python_importer.py","lineno":238,"name":"parse"},{"filename":"<frozen importlib._bootstrap_external>","lineno":1023,"name":"exec_module"},{"filename":"<frozen importlib._bootstrap>","lineno":488,"name":"_call_with_frames_removed"},{"filename":"/opt/airflow/dags/orchestrate.py","lineno":2,"name":"<module>"}],"is_group":false,"exceptions":[]}]}
{"timestamp":"2026-08-25T18:06:13.234246Z","level":"error","event":"Error loading DAG from orchestrate.py: No module named 'ingestion'","logger":"airflow.dag_processing.dagbag.BundleDagBag","filename":"dagbag.py","lineno":319}
{"timestamp":"2026-08-25T18:06:43.753974Z","level":"info","event":"Filling up the DagBag from /opt/airflow/dags/orchestrate.py","logger":"airflow.dag_processing.dagbag.BundleDagBag","filename":"dagbag.py","lineno":460}
{"timestamp":"2026-08-25T18:06:43.808932Z","level":"error","event":"Failed to import: /opt/airflow/dags/orchestrate.py","logger":"airflow.dag_processing.importers.python_importer","filename":"python_importer.py","lineno":244,"error_detail":[{"exc_type":"ModuleNotFoundError","exc_value":"No module named 'ingestion'","exc_notes":[],"syntax_error":null,"is_cause":false,"frames":[{"filename":"/home/airflow/.local/lib/python3.13/site-packages/airflow/dag_processing/importers/python_importer.py","lineno":238,"name":"parse"},{"filename":"<frozen importlib._bootstrap_external>","lineno":1023,"name":"exec_module"},{"filename":"<frozen importlib._bootstrap>","lineno":488,"name":"_call_with_frames_removed"},{"filename":"/opt/airflow/dags/orchestrate.py","lineno":2,"name":"<module>"}],"is_group":false,"exceptions":[]}]}
{"timestamp":"2026-08-25T18:06:43.816475Z","level":"error","event":"Error loading DAG from orchestrate.py: No module named 'ingestion'","logger":"airflow.dag_processing.dagbag.BundleDagBag","filename":"dagbag.py","lineno":319}
{"timestamp":"2026-08-25T18:07:14.281496Z","level":"info","event":"Filling up the DagBag from /opt/airflow/dags/orchestrate.py","logger":"airflow.dag_processing.dagbag.BundleDagBag","filename":"dagbag.py","lineno":460}
{"timestamp":"2026-08-25T18:07:14.328052Z","level":"error","event":"Failed to import: /opt/airflow/dags/orchestrate.py","logger":"airflow.dag_processing.importers.python_importer","filename":"python_importer.py","lineno":244,"error_detail":[{"exc_type":"ModuleNotFoundError","exc_value":"No module named 'ingestion'","exc_notes":[],"syntax_error":null,"is_cause":false,"frames":[{"filename":"/home/airflow/.local/lib/python3.13/site-packages/airflow/dag_processing/importers/python_importer.py","lineno":238,"name":"parse"},{"filename":"<frozen importlib._bootstrap_external>","lineno":1023,"name":"exec_module"},{"filename":"<frozen importlib._bootstrap>","lineno":488,"name":"_call_with_frames_removed"},{"filename":"/opt/airflow/dags/orchestrate.py","lineno":2,"name":"<module>"}],"is_group":false,"exceptions":[]}]}
{"timestamp":"2026-08-25T18:07:14.334124Z","level":"error","event":"Error loading DAG from orchestrate.py: No module named 'ingestion'","logger":"airflow.dag_processing.dagbag.BundleDagBag","filename":"dagbag.py","lineno":319}
{"timestamp":"2026-08-25T18:07:44.817552Z","level":"info","event":"Filling up the DagBag from /opt/airflow/dags/orchestrate.py","logger":"airflow.dag_processing.dagbag.BundleDagBag","filename":"dagbag.py","lineno":460}
{"timestamp":"2026-08-25T18:07:44.921054Z","level":"error","event":"Failed to import: /opt/airflow/dags/orchestrate.py","logger":"airflow.dag_processing.importers.python_importer","filename":"python_importer.py","lineno":244,"error_detail":[{"exc_type":"ModuleNotFoundError","exc_value":"No module named 'ingestion'","exc_notes":[],"syntax_error":null,"is_cause":false,"frames":[{"filename":"/home/airflow/.local/lib/python3.13/site-packages/airflow/dag_processing/importers/python_importer.py","lineno":238,"name":"parse"},{"filename":"<frozen importlib._bootstrap_external>","lineno":1023,"name":"exec_module"},{"filename":"<frozen importlib._bootstrap>","lineno":488,"name":"_call_with_frames_removed"},{"filename":"/opt/airflow/dags/orchestrate.py","lineno":2,"name":"<module>"}],"is_group":false,"exceptions":[]}]}
{"timestamp":"2026-08-25T18:07:44.932421Z","level":"error","event":"Error loading DAG from orchestrate.py: No module named 'ingestion'","logger":"airflow.dag_processing.dagbag.BundleDagBag","filename":"dagbag.py","lineno":319}
{"timestamp":"2026-08-25T18:08:15.478683Z","level":"info","event":"Filling up the DagBag from /opt/airflow/dags/orchestrate.py","logger":"airflow.dag_processing.dagbag.BundleDagBag","filename":"dagbag.py","lineno":460}
{"timestamp":"2026-08-25T18:08:15.549323Z","level":"error","event":"Failed to import: /opt/airflow/dags/orchestrate.py","logger":"airflow.dag_processing.importers.python_importer","filename":"python_importer.py","lineno":244,"error_detail":[{"exc_type":"ModuleNotFoundError","exc_value":"No module named 'ingestion'","exc_notes":[],"syntax_error":null,"is_cause":false,"frames":[{"filename":"/home/airflow/.local/lib/python3.13/site-packages/airflow/dag_processing/importers/python_importer.py","lineno":238,"name":"parse"},{"filename":"<frozen importlib._bootstrap_external>","lineno":1023,"name":"exec_module"},{"filename":"<frozen importlib._bootstrap>","lineno":488,"name":"_call_with_frames_removed"},{"filename":"/opt/airflow/dags/orchestrate.py","lineno":2,"name":"<module>"}],"is_group":false,"exceptions":[]}]}
{"timestamp":"2026-08-25T18:08:15.557438Z","level":"error","event":"Error loading DAG from orchestrate.py: No module named 'ingestion'","logger":"airflow.dag_processing.dagbag.BundleDagBag","filename":"dagbag.py","lineno":319}
{"timestamp":"2026-08-25T18:08:46.047772Z","level":"info","event":"Filling up the DagBag from /opt/airflow/dags/orchestrate.py","logger":"airflow.dag_processing.dagbag.BundleDagBag","filename":"dagbag.py","lineno":460}
{"timestamp":"2026-08-25T18:08:46.105739Z","level":"error","event":"Failed to import: /opt/airflow/dags/orchestrate.py","logger":"airflow.dag_processing.importers.python_importer","filename":"python_importer.py","lineno":244,"error_detail":[{"exc_type":"ModuleNotFoundError","exc_value":"No module named 'ingestion'","exc_notes":[],"syntax_error":null,"is_cause":false,"frames":[{"filename":"/home/airflow/.local/lib/python3.13/site-packages/airflow/dag_processing/importers/python_importer.py","lineno":238,"name":"parse"},{"filename":"<frozen importlib._bootstrap_external>","lineno":1023,"name":"exec_module"},{"filename":"<frozen importlib._bootstrap>","lineno":488,"name":"_call_with_frames_removed"},{"filename":"/opt/airflow/dags/orchestrate.py","lineno":2,"name":"<module>"}],"is_group":false,"exceptions":[]}]}
{"timestamp":"2026-08-25T18:08:46.112081Z","level":"error","event":"Error loading DAG from orchestrate.py: No module named 'ingestion'","logger":"airflow.dag_processing.dagbag.BundleDagBag","filename":"dagbag.py","lineno":319}
{"timestamp":"2026-08-25T18:09:16.621634Z","level":"info","event":"Filling up the DagBag from /opt/airflow/dags/orchestrate.py","logger":"airflow.dag_processing.dagbag.BundleDagBag","filename":"dagbag.py","lineno":460}
{"timestamp":"2026-08-25T18:09:16.706899Z","level":"error","event":"Failed to import: /opt/airflow/dags/orchestrate.py","logger":"airflow.dag_processing.importers.python_importer","filename":"python_importer.py","lineno":244,"error_detail":[{"exc_type":"ModuleNotFoundError","exc_value":"No module named 'ingestion'","exc_notes":[],"syntax_error":null,"is_cause":false,"frames":[{"filename":"/home/airflow/.local/lib/python3.13/site-packages/airflow/dag_processing/importers/python_importer.py","lineno":238,"name":"parse"},{"filename":"<frozen importlib._bootstrap_external>","lineno":1023,"name":"exec_module"},{"filename":"<frozen importlib._bootstrap>","lineno":488,"name":"_call_with_frames_removed"},{"filename":"/opt/airflow/dags/orchestrate.py","lineno":2,"name":"<module>"}],"is_group":false,"exceptions":[]}]}
{"timestamp":"2026-08-25T18:09:16.719964Z","level":"error","event":"Error loading DAG from orchestrate.py: No module named 'ingestion'","logger":"airflow.dag_processing.dagbag.BundleDagBag","filename":"dagbag.py","lineno":319}
{"timestamp":"2026-08-25T18:09:47.289088Z","level":"info","event":"Filling up the DagBag from /opt/airflow/dags/orchestrate.py","logger":"airflow.dag_processing.dagbag.BundleDagBag","filename":"dagbag.py","lineno":460}
{"timestamp":"2026-08-25T18:09:47.394238Z","level":"error","event":"Failed to import: /opt/airflow/dags/orchestrate.py","logger":"airflow.dag_processing.importers.python_importer","filename":"python_importer.py","lineno":244,"error_detail":[{"exc_type":"ModuleNotFoundError","exc_value":"No module named 'ingestion'","exc_notes":[],"syntax_error":null,"is_cause":false,"frames":[{"filename":"/home/airflow/.local/lib/python3.13/site-packages/airflow/dag_processing/importers/python_importer.py","lineno":238,"name":"parse"},{"filename":"<frozen importlib._bootstrap_external>","lineno":1023,"name":"exec_module"},{"filename":"<frozen importlib._bootstrap>","lineno":488,"name":"_call_with_frames_removed"},{"filename":"/opt/airflow/dags/orchestrate.py","lineno":2,"name":"<module>"}],"is_group":false,"exceptions":[]}]}
{"timestamp":"2026-08-25T18:09:47.403354Z","level":"error","event":"Error loading DAG from orchestrate.py: No module named 'ingestion'","logger":"airflow.dag_processing.dagbag.BundleDagBag","filename":"dagbag.py","lineno":319}
{"timestamp":"2026-08-25T18:10:17.953143Z","level":"info","event":"Filling up the DagBag from /opt/airflow/dags/orchestrate.py","logger":"airflow.dag_processing.dagbag.BundleDagBag","filename":"dagbag.py","lineno":460}
{"timestamp":"2026-08-25T18:10:18.013614Z","level":"error","event":"Failed to import: /opt/airflow/dags/orchestrate.py","logger":"airflow.dag_processing.importers.python_importer","filename":"python_importer.py","lineno":244,"error_detail":[{"exc_type":"ModuleNotFoundError","exc_value":"No module named 'ingestion'","exc_notes":[],"syntax_error":null,"is_cause":false,"frames":[{"filename":"/home/airflow/.local/lib/python3.13/site-packages/airflow/dag_processing/importers/python_importer.py","lineno":238,"name":"parse"},{"filename":"<frozen importlib._bootstrap_external>","lineno":1023,"name":"exec_module"},{"filename":"<frozen importlib._bootstrap>","lineno":488,"name":"_call_with_frames_removed"},{"filename":"/opt/airflow/dags/orchestrate.py","lineno":2,"name":"<module>"}],"is_group":false,"exceptions":[]}]}
{"timestamp":"2026-08-25T18:10:18.020600Z","level":"error","event":"Error loading DAG from orchestrate.py: No module named 'ingestion'","logger":"airflow.dag_processing.dagbag.BundleDagBag","filename":"dagbag.py","lineno":319}
{"timestamp":"2026-08-25T18:10:48.541738Z","level":"info","event":"Filling up the DagBag from /opt/airflow/dags/orchestrate.py","logger":"airflow.dag_processing.dagbag.BundleDagBag","filename":"dagbag.py","lineno":460}
{"timestamp":"2026-08-25T18:10:48.621155Z","level":"error","event":"Failed to import: /opt/airflow/dags/orchestrate.py","logger":"airflow.dag_processing.importers.python_importer","filename":"python_importer.py","lineno":244,"error_detail":[{"exc_type":"ModuleNotFoundError","exc_value":"No module named 'ingestion'","exc_notes":[],"syntax_error":null,"is_cause":false,"frames":[{"filename":"/home/airflow/.local/lib/python3.13/site-packages/airflow/dag_processing/importers/python_importer.py","lineno":238,"name":"parse"},{"filename":"<frozen importlib._bootstrap_external>","lineno":1023,"name":"exec_module"},{"filename":"<frozen importlib._bootstrap>","lineno":488,"name":"_call_with_frames_removed"},{"filename":"/opt/airflow/dags/orchestrate.py","lineno":2,"name":"<module>"}],"is_group":false,"exceptions":[]}]}
{"timestamp":"2026-08-25T18:10:48.630030Z","level":"error","event":"Error loading DAG from orchestrate.py: No module named 'ingestion'","logger":"airflow.dag_processing.dagbag.BundleDagBag","filename":"dagbag.py","lineno":319}
{"timestamp":"2026-08-25T18:11:19.141387Z","level":"info","event":"Filling up the DagBag from /opt/airflow/dags/orchestrate.py","logger":"airflow.dag_processing.dagbag.BundleDagBag","filename":"dagbag.py","lineno":460}
{"timestamp":"2026-08-25T18:11:19.192650Z","level":"error","event":"Failed to import: /opt/airflow/dags/orchestrate.py","logger":"airflow.dag_processing.importers.python_importer","filename":"python_importer.py","lineno":244,"error_detail":[{"exc_type":"ModuleNotFoundError","exc_value":"No module named 'ingestion'","exc_notes":[],"syntax_error":null,"is_cause":false,"frames":[{"filename":"/home/airflow/.local/lib/python3.13/site-packages/airflow/dag_processing/importers/python_importer.py","lineno":238,"name":"parse"},{"filename":"<frozen importlib._bootstrap_external>","lineno":1023,"name":"exec_module"},{"filename":"<frozen importlib._bootstrap>","lineno":488,"name":"_call_with_frames_removed"},{"filename":"/opt/airflow/dags/orchestrate.py","lineno":2,"name":"<module>"}],"is_group":false,"exceptions":[]}]}
{"timestamp":"2026-08-25T18:11:19.198270Z","level":"error","event":"Error loading DAG from orchestrate.py: No module named 'ingestion'","logger":"airflow.dag_processing.dagbag.BundleDagBag","filename":"dagbag.py","lineno":319}
{"timestamp":"2026-08-25T18:11:49.663128Z","level":"info","event":"Filling up the DagBag from /opt/airflow/dags/orchestrate.py","logger":"airflow.dag_processing.dagbag.BundleDagBag","filename":"dagbag.py","lineno":460}
{"timestamp":"2026-08-25T18:11:49.716875Z","level":"error","event":"Failed to import: /opt/airflow/dags/orchestrate.py","logger":"airflow.dag_processing.importers.python_importer","filename":"python_importer.py","lineno":244,"error_detail":[{"exc_type":"ModuleNotFoundError","exc_value":"No module named 'ingestion'","exc_notes":[],"syntax_error":null,"is_cause":false,"frames":[{"filename":"/home/airflow/.local/lib/python3.13/site-packages/airflow/dag_processing/importers/python_importer.py","lineno":238,"name":"parse"},{"filename":"<frozen importlib._bootstrap_external>","lineno":1023,"name":"exec_module"},{"filename":"<frozen importlib._bootstrap>","lineno":488,"name":"_call_with_frames_removed"},{"filename":"/opt/airflow/dags/orchestrate.py","lineno":2,"name":"<module>"}],"is_group":false,"exceptions":[]}]}
{"timestamp":"2026-08-25T18:11:49.723584Z","level":"error","event":"Error loading DAG from orchestrate.py: No module named 'ingestion'","logger":"airflow.dag_processing.dagbag.BundleDagBag","filename":"dagbag.py","lineno":319}
{"timestamp":"2026-08-25T18:12:20.185215Z","level":"info","event":"Filling up the DagBag from /opt/airflow/dags/orchestrate.py","logger":"airflow.dag_processing.dagbag.BundleDagBag","filename":"dagbag.py","lineno":460}
{"timestamp":"2026-08-25T18:12:20.238284Z","level":"error","event":"Failed to import: /opt/airflow/dags/orchestrate.py","logger":"airflow.dag_processing.importers.python_importer","filename":"python_importer.py","lineno":244,"error_detail":[{"exc_type":"ModuleNotFoundError","exc_value":"No module named 'ingestion'","exc_notes":[],"syntax_error":null,"is_cause":false,"frames":[{"filename":"/home/airflow/.local/lib/python3.13/site-packages/airflow/dag_processing/importers/python_importer.py","lineno":238,"name":"parse"},{"filename":"<frozen importlib._bootstrap_external>","lineno":1023,"name":"exec_module"},{"filename":"<frozen importlib._bootstrap>","lineno":488,"name":"_call_with_frames_removed"},{"filename":"/opt/airflow/dags/orchestrate.py","lineno":2,"name":"<module>"}],"is_group":false,"exceptions":[]}]}
{"timestamp":"2026-08-25T18:12:20.244977Z","level":"error","event":"Error loading DAG from orchestrate.py: No module named 'ingestion'","logger":"airflow.dag_processing.dagbag.BundleDagBag","filename":"dagbag.py","lineno":319}
{"timestamp":"2026-08-25T18:12:50.738271Z","level":"info","event":"Filling up the DagBag from /opt/airflow/dags/orchestrate.py","logger":"airflow.dag_processing.dagbag.BundleDagBag","filename":"dagbag.py","lineno":460}
{"timestamp":"2026-08-25T18:12:50.833344Z","level":"error","event":"Failed to import: /opt/airflow/dags/orchestrate.py","logger":"airflow.dag_processing.importers.python_importer","filename":"python_importer.py","lineno":244,"error_detail":[{"exc_type":"ModuleNotFoundError","exc_value":"No module named 'ingestion'","exc_notes":[],"syntax_error":null,"is_cause":false,"frames":[{"filename":"/home/airflow/.local/lib/python3.13/site-packages/airflow/dag_processing/importers/python_importer.py","lineno":238,"name":"parse"},{"filename":"<frozen importlib._bootstrap_external>","lineno":1023,"name":"exec_module"},{"filename":"<frozen importlib._bootstrap>","lineno":488,"name":"_call_with_frames_removed"},{"filename":"/opt/airflow/dags/orchestrate.py","lineno":2,"name":"<module>"}],"is_group":false,"exceptions":[]}]}
{"timestamp":"2026-08-25T18:12:50.845634Z","level":"error","event":"Error loading DAG from orchestrate.py: No module named 'ingestion'","logger":"airflow.dag_processing.dagbag.BundleDagBag","filename":"dagbag.py","lineno":319}
{"timestamp":"2026-08-25T18:13:21.351113Z","level":"info","event":"Filling up the DagBag from /opt/airflow/dags/orchestrate.py","logger":"airflow.dag_processing.dagbag.BundleDagBag","filename":"dagbag.py","lineno":460}
{"timestamp":"2026-08-25T18:13:21.408883Z","level":"error","event":"Failed to import: /opt/airflow/dags/orchestrate.py","logger":"airflow.dag_processing.importers.python_importer","filename":"python_importer.py","lineno":244,"error_detail":[{"exc_type":"ModuleNotFoundError","exc_value":"No module named 'ingestion'","exc_notes":[],"syntax_error":null,"is_cause":false,"frames":[{"filename":"/home/airflow/.local/lib/python3.13/site-packages/airflow/dag_processing/importers/python_importer.py","lineno":238,"name":"parse"},{"filename":"<frozen importlib._bootstrap_external>","lineno":1023,"name":"exec_module"},{"filename":"<frozen importlib._bootstrap>","lineno":488,"name":"_call_with_frames_removed"},{"filename":"/opt/airflow/dags/orchestrate.py","lineno":2,"name":"<module>"}],"is_group":false,"exceptions":[]}]}
{"timestamp":"2026-08-25T18:13:21.415850Z","level":"error","event":"Error loading DAG from orchestrate.py: No module named 'ingestion'","logger":"airflow.dag_processing.dagbag.BundleDagBag","filename":"dagbag.py","lineno":319}
{"timestamp":"2026-08-25T18:13:51.854458Z","level":"info","event":"Filling up the DagBag from /opt/airflow/dags/orchestrate.py","logger":"airflow.dag_processing.dagbag.BundleDagBag","filename":"dagbag.py","lineno":460}
{"timestamp":"2026-08-25T18:13:51.914997Z","level":"error","event":"Failed to import: /opt/airflow/dags/orchestrate.py","logger":"airflow.dag_processing.importers.python_importer","filename":"python_importer.py","lineno":244,"error_detail":[{"exc_type":"ModuleNotFoundError","exc_value":"No module named 'ingestion'","exc_notes":[],"syntax_error":null,"is_cause":false,"frames":[{"filename":"/home/airflow/.local/lib/python3.13/site-packages/airflow/dag_processing/importers/python_importer.py","lineno":238,"name":"parse"},{"filename":"<frozen importlib._bootstrap_external>","lineno":1023,"name":"exec_module"},{"filename":"<frozen importlib._bootstrap>","lineno":488,"name":"_call_with_frames_removed"},{"filename":"/opt/airflow/dags/orchestrate.py","lineno":2,"name":"<module>"}],"is_group":false,"exceptions":[]}]}
{"timestamp":"2026-08-25T18:13:51.922937Z","level":"error","event":"Error loading DAG from orchestrate.py: No module named 'ingestion'","logger":"airflow.dag_processing.dagbag.BundleDagBag","filename":"dagbag.py","lineno":319}
{"timestamp":"2026-08-25T18:14:22.415513Z","level":"info","event":"Filling up the DagBag from /opt/airflow/dags/orchestrate.py","logger":"airflow.dag_processing.dagbag.BundleDagBag","filename":"dagbag.py","lineno":460}
{"timestamp":"2026-08-25T18:14:22.471655Z","level":"error","event":"Failed to import: /opt/airflow/dags/orchestrate.py","logger":"airflow.dag_processing.importers.python_importer","filename":"python_importer.py","lineno":244,"error_detail":[{"exc_type":"ModuleNotFoundError","exc_value":"No module named 'ingestion'","exc_notes":[],"syntax_error":null,"is_cause":false,"frames":[{"filename":"/home/airflow/.local/lib/python3.13/site-packages/airflow/dag_processing/importers/python_importer.py","lineno":238,"name":"parse"},{"filename":"<frozen importlib._bootstrap_external>","lineno":1023,"name":"exec_module"},{"filename":"<frozen importlib._bootstrap>","lineno":488,"name":"_call_with_frames_removed"},{"filename":"/opt/airflow/dags/orchestrate.py","lineno":2,"name":"<module>"}],"is_group":false,"exceptions":[]}]}
{"timestamp":"2026-08-25T18:14:22.477477Z","level":"error","event":"Error loading DAG from orchestrate.py: No module named 'ingestion'","logger":"airflow.dag_processing.dagbag.BundleDagBag","filename":"dagbag.py","lineno":319}
{"timestamp":"2026-08-25T18:14:52.971928Z","level":"info","event":"Filling up the DagBag from /opt/airflow/dags/orchestrate.py","logger":"airflow.dag_processing.dagbag.BundleDagBag","filename":"dagbag.py","lineno":460}
{"timestamp":"2026-08-25T18:14:53.025280Z","level":"error","event":"Failed to import: /opt/airflow/dags/orchestrate.py","logger":"airflow.dag_processing.importers.python_importer","filename":"python_importer.py","lineno":244,"error_detail":[{"exc_type":"ModuleNotFoundError","exc_value":"No module named 'ingestion'","exc_notes":[],"syntax_error":null,"is_cause":false,"frames":[{"filename":"/home/airflow/.local/lib/python3.13/site-packages/airflow/dag_processing/importers/python_importer.py","lineno":238,"name":"parse"},{"filename":"<frozen importlib._bootstrap_external>","lineno":1023,"name":"exec_module"},{"filename":"<frozen importlib._bootstrap>","lineno":488,"name":"_call_with_frames_removed"},{"filename":"/opt/airflow/dags/orchestrate.py","lineno":2,"name":"<module>"}],"is_group":false,"exceptions":[]}]}
{"timestamp":"2026-08-25T18:14:53.034682Z","level":"error","event":"Error loading DAG from orchestrate.py: No module named 'ingestion'","logger":"airflow.dag_processing.dagbag.BundleDagBag","filename":"dagbag.py","lineno":319}
{"timestamp":"2026-08-25T18:15:23.531214Z","level":"info","event":"Filling up the DagBag from /opt/airflow/dags/orchestrate.py","logger":"airflow.dag_processing.dagbag.BundleDagBag","filename":"dagbag.py","lineno":460}
{"timestamp":"2026-08-25T18:15:23.589367Z","level":"error","event":"Failed to import: /opt/airflow/dags/orchestrate.py","logger":"airflow.dag_processing.importers.python_importer","filename":"python_importer.py","lineno":244,"error_detail":[{"exc_type":"ModuleNotFoundError","exc_value":"No module named 'ingestion'","exc_notes":[],"syntax_error":null,"is_cause":false,"frames":[{"filename":"/home/airflow/.local/lib/python3.13/site-packages/airflow/dag_processing/importers/python_importer.py","lineno":238,"name":"parse"},{"filename":"<frozen importlib._bootstrap_external>","lineno":1023,"name":"exec_module"},{"filename":"<frozen importlib._bootstrap>","lineno":488,"name":"_call_with_frames_removed"},{"filename":"/opt/airflow/dags/orchestrate.py","lineno":2,"name":"<module>"}],"is_group":false,"exceptions":[]}]}
{"timestamp":"2026-08-25T18:15:23.595933Z","level":"error","event":"Error loading DAG from orchestrate.py: No module named 'ingestion'","logger":"airflow.dag_processing.dagbag.BundleDagBag","filename":"dagbag.py","lineno":319}
{"timestamp":"2026-08-25T18:15:54.098885Z","level":"info","event":"Filling up the DagBag from /opt/airflow/dags/orchestrate.py","logger":"airflow.dag_processing.dagbag.BundleDagBag","filename":"dagbag.py","lineno":460}
{"timestamp":"2026-08-25T18:15:54.158541Z","level":"error","event":"Failed to import: /opt/airflow/dags/orchestrate.py","logger":"airflow.dag_processing.importers.python_importer","filename":"python_importer.py","lineno":244,"error_detail":[{"exc_type":"ModuleNotFoundError","exc_value":"No module named 'ingestion'","exc_notes":[],"syntax_error":null,"is_cause":false,"frames":[{"filename":"/home/airflow/.local/lib/python3.13/site-packages/airflow/dag_processing/importers/python_importer.py","lineno":238,"name":"parse"},{"filename":"<frozen importlib._bootstrap_external>","lineno":1023,"name":"exec_module"},{"filename":"<frozen importlib._bootstrap>","lineno":488,"name":"_call_with_frames_removed"},{"filename":"/opt/airflow/dags/orchestrate.py","lineno":2,"name":"<module>"}],"is_group":false,"exceptions":[]}]}
{"timestamp":"2026-08-25T18:15:54.166969Z","level":"error","event":"Error loading DAG from orchestrate.py: No module named 'ingestion'","logger":"airflow.dag_processing.dagbag.BundleDagBag","filename":"dagbag.py","lineno":319}
{"timestamp":"2026-08-25T18:16:24.675950Z","level":"info","event":"Filling up the DagBag from /opt/airflow/dags/orchestrate.py","logger":"airflow.dag_processing.dagbag.BundleDagBag","filename":"dagbag.py","lineno":460}
{"timestamp":"2026-08-25T18:16:24.755558Z","level":"error","event":"Failed to import: /opt/airflow/dags/orchestrate.py","logger":"airflow.dag_processing.importers.python_importer","filename":"python_importer.py","lineno":244,"error_detail":[{"exc_type":"ModuleNotFoundError","exc_value":"No module named 'ingestion'","exc_notes":[],"syntax_error":null,"is_cause":false,"frames":[{"filename":"/home/airflow/.local/lib/python3.13/site-packages/airflow/dag_processing/importers/python_importer.py","lineno":238,"name":"parse"},{"filename":"<frozen importlib._bootstrap_external>","lineno":1023,"name":"exec_module"},{"filename":"<frozen importlib._bootstrap>","lineno":488,"name":"_call_with_frames_removed"},{"filename":"/opt/airflow/dags/orchestrate.py","lineno":2,"name":"<module>"}],"is_group":false,"exceptions":[]}]}
{"timestamp":"2026-08-25T18:16:24.762848Z","level":"error","event":"Error loading DAG from orchestrate.py: No module named 'ingestion'","logger":"airflow.dag_processing.dagbag.BundleDagBag","filename":"dagbag.py","lineno":319}
{"timestamp":"2026-08-25T18:16:55.200558Z","level":"info","event":"Filling up the DagBag from /opt/airflow/dags/orchestrate.py","logger":"airflow.dag_processing.dagbag.BundleDagBag","filename":"dagbag.py","lineno":460}
{"timestamp":"2026-08-25T18:16:55.256827Z","level":"error","event":"Failed to import: /opt/airflow/dags/orchestrate.py","logger":"airflow.dag_processing.importers.python_importer","filename":"python_importer.py","lineno":244,"error_detail":[{"exc_type":"ModuleNotFoundError","exc_value":"No module named 'ingestion'","exc_notes":[],"syntax_error":null,"is_cause":false,"frames":[{"filename":"/home/airflow/.local/lib/python3.13/site-packages/airflow/dag_processing/importers/python_importer.py","lineno":238,"name":"parse"},{"filename":"<frozen importlib._bootstrap_external>","lineno":1023,"name":"exec_module"},{"filename":"<frozen importlib._bootstrap>","lineno":488,"name":"_call_with_frames_removed"},{"filename":"/opt/airflow/dags/orchestrate.py","lineno":2,"name":"<module>"}],"is_group":false,"exceptions":[]}]}
{"timestamp":"2026-08-25T18:16:55.264901Z","level":"error","event":"Error loading DAG from orchestrate.py: No module named 'ingestion'","logger":"airflow.dag_processing.dagbag.BundleDagBag","filename":"dagbag.py","lineno":319}
{"timestamp":"2026-08-25T18:17:25.731263Z","level":"info","event":"Filling up the DagBag from /opt/airflow/dags/orchestrate.py","logger":"airflow.dag_processing.dagbag.BundleDagBag","filename":"dagbag.py","lineno":460}
{"timestamp":"2026-08-25T18:17:25.785505Z","level":"error","event":"Failed to import: /opt/airflow/dags/orchestrate.py","logger":"airflow.dag_processing.importers.python_importer","filename":"python_importer.py","lineno":244,"error_detail":[{"exc_type":"ModuleNotFoundError","exc_value":"No module named 'ingestion'","exc_notes":[],"syntax_error":null,"is_cause":false,"frames":[{"filename":"/home/airflow/.local/lib/python3.13/site-packages/airflow/dag_processing/importers/python_importer.py","lineno":238,"name":"parse"},{"filename":"<frozen importlib._bootstrap_external>","lineno":1023,"name":"exec_module"},{"filename":"<frozen importlib._bootstrap>","lineno":488,"name":"_call_with_frames_removed"},{"filename":"/opt/airflow/dags/orchestrate.py","lineno":2,"name":"<module>"}],"is_group":false,"exceptions":[]}]}
{"timestamp":"2026-08-25T18:17:25.791328Z","level":"error","event":"Error loading DAG from orchestrate.py: No module named 'ingestion'","logger":"airflow.dag_processing.dagbag.BundleDagBag","filename":"dagbag.py","lineno":319}
{"timestamp":"2026-08-25T18:17:56.274768Z","level":"info","event":"Filling up the DagBag from /opt/airflow/dags/orchestrate.py","logger":"airflow.dag_processing.dagbag.BundleDagBag","filename":"dagbag.py","lineno":460}
{"timestamp":"2026-08-25T18:17:56.328115Z","level":"error","event":"Failed to import: /opt/airflow/dags/orchestrate.py","logger":"airflow.dag_processing.importers.python_importer","filename":"python_importer.py","lineno":244,"error_detail":[{"exc_type":"ModuleNotFoundError","exc_value":"No module named 'ingestion'","exc_notes":[],"syntax_error":null,"is_cause":false,"frames":[{"filename":"/home/airflow/.local/lib/python3.13/site-packages/airflow/dag_processing/importers/python_importer.py","lineno":238,"name":"parse"},{"filename":"<frozen importlib._bootstrap_external>","lineno":1023,"name":"exec_module"},{"filename":"<frozen importlib._bootstrap>","lineno":488,"name":"_call_with_frames_removed"},{"filename":"/opt/airflow/dags/orchestrate.py","lineno":2,"name":"<module>"}],"is_group":false,"exceptions":[]}]}
{"timestamp":"2026-08-25T18:17:56.334451Z","level":"error","event":"Error loading DAG from orchestrate.py: No module named 'ingestion'","logger":"airflow.dag_processing.dagbag.BundleDagBag","filename":"dagbag.py","lineno":319}
{"timestamp":"2026-08-25T18:18:26.830889Z","level":"info","event":"Filling up the DagBag from /opt/airflow/dags/orchestrate.py","logger":"airflow.dag_processing.dagbag.BundleDagBag","filename":"dagbag.py","lineno":460}
{"timestamp":"2026-08-25T18:18:26.890717Z","level":"error","event":"Failed to import: /opt/airflow/dags/orchestrate.py","logger":"airflow.dag_processing.importers.python_importer","filename":"python_importer.py","lineno":244,"error_detail":[{"exc_type":"ModuleNotFoundError","exc_value":"No module named 'ingestion'","exc_notes":[],"syntax_error":null,"is_cause":false,"frames":[{"filename":"/home/airflow/.local/lib/python3.13/site-packages/airflow/dag_processing/importers/python_importer.py","lineno":238,"name":"parse"},{"filename":"<frozen importlib._bootstrap_external>","lineno":1023,"name":"exec_module"},{"filename":"<frozen importlib._bootstrap>","lineno":488,"name":"_call_with_frames_removed"},{"filename":"/opt/airflow/dags/orchestrate.py","lineno":2,"name":"<module>"}],"is_group":false,"exceptions":[]}]}
{"timestamp":"2026-08-25T18:18:26.897510Z","level":"error","event":"Error loading DAG from orchestrate.py: No module named 'ingestion'","logger":"airflow.dag_processing.dagbag.BundleDagBag","filename":"dagbag.py","lineno":319}
{"timestamp":"2026-08-25T18:18:57.362217Z","level":"info","event":"Filling up the DagBag from /opt/airflow/dags/orchestrate.py","logger":"airflow.dag_processing.dagbag.BundleDagBag","filename":"dagbag.py","lineno":460}
{"timestamp":"2026-08-25T18:18:57.420838Z","level":"error","event":"Failed to import: /opt/airflow/dags/orchestrate.py","logger":"airflow.dag_processing.importers.python_importer","filename":"python_importer.py","lineno":244,"error_detail":[{"exc_type":"ModuleNotFoundError","exc_value":"No module named 'ingestion'","exc_notes":[],"syntax_error":null,"is_cause":false,"frames":[{"filename":"/home/airflow/.local/lib/python3.13/site-packages/airflow/dag_processing/importers/python_importer.py","lineno":238,"name":"parse"},{"filename":"<frozen importlib._bootstrap_external>","lineno":1023,"name":"exec_module"},{"filename":"<frozen importlib._bootstrap>","lineno":488,"name":"_call_with_frames_removed"},{"filename":"/opt/airflow/dags/orchestrate.py","lineno":2,"name":"<module>"}],"is_group":false,"exceptions":[]}]}
{"timestamp":"2026-08-25T18:18:57.430230Z","level":"error","event":"Error loading DAG from orchestrate.py: No module named 'ingestion'","logger":"airflow.dag_processing.dagbag.BundleDagBag","filename":"dagbag.py","lineno":319}
{"timestamp":"2026-08-25T18:19:27.996456Z","level":"info","event":"Filling up the DagBag from /opt/airflow/dags/orchestrate.py","logger":"airflow.dag_processing.dagbag.BundleDagBag","filename":"dagbag.py","lineno":460}
{"timestamp":"2026-08-25T18:19:28.092455Z","level":"error","event":"Failed to import: /opt/airflow/dags/orchestrate.py","logger":"airflow.dag_processing.importers.python_importer","filename":"python_importer.py","lineno":244,"error_detail":[{"exc_type":"ModuleNotFoundError","exc_value":"No module named 'ingestion'","exc_notes":[],"syntax_error":null,"is_cause":false,"frames":[{"filename":"/home/airflow/.local/lib/python3.13/site-packages/airflow/dag_processing/importers/python_importer.py","lineno":238,"name":"parse"},{"filename":"<frozen importlib._bootstrap_external>","lineno":1023,"name":"exec_module"},{"filename":"<frozen importlib._bootstrap>","lineno":488,"name":"_call_with_frames_removed"},{"filename":"/opt/airflow/dags/orchestrate.py","lineno":2,"name":"<module>"}],"is_group":false,"exceptions":[]}]}
{"timestamp":"2026-08-25T18:19:28.104047Z","level":"error","event":"Error loading DAG from orchestrate.py: No module named 'ingestion'","logger":"airflow.dag_processing.dagbag.BundleDagBag","filename":"dagbag.py","lineno":319}
{"timestamp":"2026-08-25T18:19:58.703356Z","level":"info","event":"Filling up the DagBag from /opt/airflow/dags/orchestrate.py","logger":"airflow.dag_processing.dagbag.BundleDagBag","filename":"dagbag.py","lineno":460}
{"timestamp":"2026-08-25T18:19:58.788571Z","level":"error","event":"Failed to import: /opt/airflow/dags/orchestrate.py","logger":"airflow.dag_processing.importers.python_importer","filename":"python_importer.py","lineno":244,"error_detail":[{"exc_type":"ModuleNotFoundError","exc_value":"No module named 'ingestion'","exc_notes":[],"syntax_error":null,"is_cause":false,"frames":[{"filename":"/home/airflow/.local/lib/python3.13/site-packages/airflow/dag_processing/importers/python_importer.py","lineno":238,"name":"parse"},{"filename":"<frozen importlib._bootstrap_external>","lineno":1023,"name":"exec_module"},{"filename":"<frozen importlib._bootstrap>","lineno":488,"name":"_call_with_frames_removed"},{"filename":"/opt/airflow/dags/orchestrate.py","lineno":2,"name":"<module>"}],"is_group":false,"exceptions":[]}]}
{"timestamp":"2026-08-25T18:19:58.799344Z","level":"error","event":"Error loading DAG from orchestrate.py: No module named 'ingestion'","logger":"airflow.dag_processing.dagbag.BundleDagBag","filename":"dagbag.py","lineno":319}
{"timestamp":"2026-08-25T18:20:29.326408Z","level":"info","event":"Filling up the DagBag from /opt/airflow/dags/orchestrate.py","logger":"airflow.dag_processing.dagbag.BundleDagBag","filename":"dagbag.py","lineno":460}
{"timestamp":"2026-08-25T18:20:29.390143Z","level":"error","event":"Failed to import: /opt/airflow/dags/orchestrate.py","logger":"airflow.dag_processing.importers.python_importer","filename":"python_importer.py","lineno":244,"error_detail":[{"exc_type":"ModuleNotFoundError","exc_value":"No module named 'ingestion'","exc_notes":[],"syntax_error":null,"is_cause":false,"frames":[{"filename":"/home/airflow/.local/lib/python3.13/site-packages/airflow/dag_processing/importers/python_importer.py","lineno":238,"name":"parse"},{"filename":"<frozen importlib._bootstrap_external>","lineno":1023,"name":"exec_module"},{"filename":"<frozen importlib._bootstrap>","lineno":488,"name":"_call_with_frames_removed"},{"filename":"/opt/airflow/dags/orchestrate.py","lineno":2,"name":"<module>"}],"is_group":false,"exceptions":[]}]}
{"timestamp":"2026-08-25T18:20:29.398306Z","level":"error","event":"Error loading DAG from orchestrate.py: No module named 'ingestion'","logger":"airflow.dag_processing.dagbag.BundleDagBag","filename":"dagbag.py","lineno":319}
{"timestamp":"2026-08-25T18:20:59.875457Z","level":"info","event":"Filling up the DagBag from /opt/airflow/dags/orchestrate.py","logger":"airflow.dag_processing.dagbag.BundleDagBag","filename":"dagbag.py","lineno":460}
{"timestamp":"2026-08-25T18:20:59.940019Z","level":"error","event":"Failed to import: /opt/airflow/dags/orchestrate.py","logger":"airflow.dag_processing.importers.python_importer","filename":"python_importer.py","lineno":244,"error_detail":[{"exc_type":"ModuleNotFoundError","exc_value":"No module named 'ingestion'","exc_notes":[],"syntax_error":null,"is_cause":false,"frames":[{"filename":"/home/airflow/.local/lib/python3.13/site-packages/airflow/dag_processing/importers/python_importer.py","lineno":238,"name":"parse"},{"filename":"<frozen importlib._bootstrap_external>","lineno":1023,"name":"exec_module"},{"filename":"<frozen importlib._bootstrap>","lineno":488,"name":"_call_with_frames_removed"},{"filename":"/opt/airflow/dags/orchestrate.py","lineno":2,"name":"<module>"}],"is_group":false,"exceptions":[]}]}
{"timestamp":"2026-08-25T18:20:59.949158Z","level":"error","event":"Error loading DAG from orchestrate.py: No module named 'ingestion'","logger":"airflow.dag_processing.dagbag.BundleDagBag","filename":"dagbag.py","lineno":319}
{"timestamp":"2026-08-25T18:21:30.427009Z","level":"info","event":"Filling up the DagBag from /opt/airflow/dags/orchestrate.py","logger":"airflow.dag_processing.dagbag.BundleDagBag","filename":"dagbag.py","lineno":460}
{"timestamp":"2026-08-25T18:21:30.490825Z","level":"error","event":"Failed to import: /opt/airflow/dags/orchestrate.py","logger":"airflow.dag_processing.importers.python_importer","filename":"python_importer.py","lineno":244,"error_detail":[{"exc_type":"ModuleNotFoundError","exc_value":"No module named 'ingestion'","exc_notes":[],"syntax_error":null,"is_cause":false,"frames":[{"filename":"/home/airflow/.local/lib/python3.13/site-packages/airflow/dag_processing/importers/python_importer.py","lineno":238,"name":"parse"},{"filename":"<frozen importlib._bootstrap_external>","lineno":1023,"name":"exec_module"},{"filename":"<frozen importlib._bootstrap>","lineno":488,"name":"_call_with_frames_removed"},{"filename":"/opt/airflow/dags/orchestrate.py","lineno":2,"name":"<module>"}],"is_group":false,"exceptions":[]}]}
{"timestamp":"2026-08-25T18:21:30.498713Z","level":"error","event":"Error loading DAG from orchestrate.py: No module named 'ingestion'","logger":"airflow.dag_processing.dagbag.BundleDagBag","filename":"dagbag.py","lineno":319}
{"timestamp":"2026-08-25T18:22:00.962821Z","level":"info","event":"Filling up the DagBag from /opt/airflow/dags/orchestrate.py","logger":"airflow.dag_processing.dagbag.BundleDagBag","filename":"dagbag.py","lineno":460}
{"timestamp":"2026-08-25T18:22:01.023694Z","level":"error","event":"Failed to import: /opt/airflow/dags/orchestrate.py","logger":"airflow.dag_processing.importers.python_importer","filename":"python_importer.py","lineno":244,"error_detail":[{"exc_type":"ModuleNotFoundError","exc_value":"No module named 'ingestion'","exc_notes":[],"syntax_error":null,"is_cause":false,"frames":[{"filename":"/home/airflow/.local/lib/python3.13/site-packages/airflow/dag_processing/importers/python_importer.py","lineno":238,"name":"parse"},{"filename":"<frozen importlib._bootstrap_external>","lineno":1023,"name":"exec_module"},{"filename":"<frozen importlib._bootstrap>","lineno":488,"name":"_call_with_frames_removed"},{"filename":"/opt/airflow/dags/orchestrate.py","lineno":2,"name":"<module>"}],"is_group":false,"exceptions":[]}]}
{"timestamp":"2026-08-25T18:22:01.033637Z","level":"error","event":"Error loading DAG from orchestrate.py: No module named 'ingestion'","logger":"airflow.dag_processing.dagbag.BundleDagBag","filename":"dagbag.py","lineno":319}
{"timestamp":"2026-08-25T18:22:31.520136Z","level":"info","event":"Filling up the DagBag from /opt/airflow/dags/orchestrate.py","logger":"airflow.dag_processing.dagbag.BundleDagBag","filename":"dagbag.py","lineno":460}
{"timestamp":"2026-08-25T18:22:31.567898Z","level":"error","event":"Failed to import: /opt/airflow/dags/orchestrate.py","logger":"airflow.dag_processing.importers.python_importer","filename":"python_importer.py","lineno":244,"error_detail":[{"exc_type":"ModuleNotFoundError","exc_value":"No module named 'ingestion'","exc_notes":[],"syntax_error":null,"is_cause":false,"frames":[{"filename":"/home/airflow/.local/lib/python3.13/site-packages/airflow/dag_processing/importers/python_importer.py","lineno":238,"name":"parse"},{"filename":"<frozen importlib._bootstrap_external>","lineno":1023,"name":"exec_module"},{"filename":"<frozen importlib._bootstrap>","lineno":488,"name":"_call_with_frames_removed"},{"filename":"/opt/airflow/dags/orchestrate.py","lineno":2,"name":"<module>"}],"is_group":false,"exceptions":[]}]}
{"timestamp":"2026-08-25T18:22:31.575771Z","level":"error","event":"Error loading DAG from orchestrate.py: No module named 'ingestion'","logger":"airflow.dag_processing.dagbag.BundleDagBag","filename":"dagbag.py","lineno":319}
{"timestamp":"2026-08-25T18:23:02.011225Z","level":"info","event":"Filling up the DagBag from /opt/airflow/dags/orchestrate.py","logger":"airflow.dag_processing.dagbag.BundleDagBag","filename":"dagbag.py","lineno":460}
{"timestamp":"2026-08-25T18:23:02.067480Z","level":"error","event":"Failed to import: /opt/airflow/dags/orchestrate.py","logger":"airflow.dag_processing.importers.python_importer","filename":"python_importer.py","lineno":244,"error_detail":[{"exc_type":"ModuleNotFoundError","exc_value":"No module named 'ingestion'","exc_notes":[],"syntax_error":null,"is_cause":false,"frames":[{"filename":"/home/airflow/.local/lib/python3.13/site-packages/airflow/dag_processing/importers/python_importer.py","lineno":238,"name":"parse"},{"filename":"<frozen importlib._bootstrap_external>","lineno":1023,"name":"exec_module"},{"filename":"<frozen importlib._bootstrap>","lineno":488,"name":"_call_with_frames_removed"},{"filename":"/opt/airflow/dags/orchestrate.py","lineno":2,"name":"<module>"}],"is_group":false,"exceptions":[]}]}
{"timestamp":"2026-08-25T18:23:02.074384Z","level":"error","event":"Error loading DAG from orchestrate.py: No module named 'ingestion'","logger":"airflow.dag_processing.dagbag.BundleDagBag","filename":"dagbag.py","lineno":319}
{"timestamp":"2026-08-25T18:23:32.684058Z","level":"info","event":"Filling up the DagBag from /opt/airflow/dags/orchestrate.py","logger":"airflow.dag_processing.dagbag.BundleDagBag","filename":"dagbag.py","lineno":460}
{"timestamp":"2026-08-25T18:23:32.784330Z","level":"error","event":"Failed to import: /opt/airflow/dags/orchestrate.py","logger":"airflow.dag_processing.importers.python_importer","filename":"python_importer.py","lineno":244,"error_detail":[{"exc_type":"ModuleNotFoundError","exc_value":"No module named 'ingestion'","exc_notes":[],"syntax_error":null,"is_cause":false,"frames":[{"filename":"/home/airflow/.local/lib/python3.13/site-packages/airflow/dag_processing/importers/python_importer.py","lineno":238,"name":"parse"},{"filename":"<frozen importlib._bootstrap_external>","lineno":1023,"name":"exec_module"},{"filename":"<frozen importlib._bootstrap>","lineno":488,"name":"_call_with_frames_removed"},{"filename":"/opt/airflow/dags/orchestrate.py","lineno":2,"name":"<module>"}],"is_group":false,"exceptions":[]}]}
{"timestamp":"2026-08-25T18:23:32.796101Z","level":"error","event":"Error loading DAG from orchestrate.py: No module named 'ingestion'","logger":"airflow.dag_processing.dagbag.BundleDagBag","filename":"dagbag.py","lineno":319}
{"timestamp":"2026-08-25T18:24:03.353773Z","level":"info","event":"Filling up the DagBag from /opt/airflow/dags/orchestrate.py","logger":"airflow.dag_processing.dagbag.BundleDagBag","filename":"dagbag.py","lineno":460}
{"timestamp":"2026-08-25T18:24:03.419724Z","level":"error","event":"Failed to import: /opt/airflow/dags/orchestrate.py","logger":"airflow.dag_processing.importers.python_importer","filename":"python_importer.py","lineno":244,"error_detail":[{"exc_type":"ModuleNotFoundError","exc_value":"No module named 'ingestion'","exc_notes":[],"syntax_error":null,"is_cause":false,"frames":[{"filename":"/home/airflow/.local/lib/python3.13/site-packages/airflow/dag_processing/importers/python_importer.py","lineno":238,"name":"parse"},{"filename":"<frozen importlib._bootstrap_external>","lineno":1023,"name":"exec_module"},{"filename":"<frozen importlib._bootstrap>","lineno":488,"name":"_call_with_frames_removed"},{"filename":"/opt/airflow/dags/orchestrate.py","lineno":2,"name":"<module>"}],"is_group":false,"exceptions":[]}]}
{"timestamp":"2026-08-25T18:24:03.428107Z","level":"error","event":"Error loading DAG from orchestrate.py: No module named 'ingestion'","logger":"airflow.dag_processing.dagbag.BundleDagBag","filename":"dagbag.py","lineno":319}
{"timestamp":"2026-08-25T18:24:33.984333Z","level":"info","event":"Filling up the DagBag from /opt/airflow/dags/orchestrate.py","logger":"airflow.dag_processing.dagbag.BundleDagBag","filename":"dagbag.py","lineno":460}
{"timestamp":"2026-08-25T18:24:34.047257Z","level":"error","event":"Failed to import: /opt/airflow/dags/orchestrate.py","logger":"airflow.dag_processing.importers.python_importer","filename":"python_importer.py","lineno":244,"error_detail":[{"exc_type":"ModuleNotFoundError","exc_value":"No module named 'ingestion'","exc_notes":[],"syntax_error":null,"is_cause":false,"frames":[{"filename":"/home/airflow/.local/lib/python3.13/site-packages/airflow/dag_processing/importers/python_importer.py","lineno":238,"name":"parse"},{"filename":"<frozen importlib._bootstrap_external>","lineno":1023,"name":"exec_module"},{"filename":"<frozen importlib._bootstrap>","lineno":488,"name":"_call_with_frames_removed"},{"filename":"/opt/airflow/dags/orchestrate.py","lineno":2,"name":"<module>"}],"is_group":false,"exceptions":[]}]}
{"timestamp":"2026-08-25T18:24:34.051449Z","level":"error","event":"Error loading DAG from orchestrate.py: No module named 'ingestion'","logger":"airflow.dag_processing.dagbag.BundleDagBag","filename":"dagbag.py","lineno":319}
{"timestamp":"2026-08-25T18:25:04.528455Z","level":"info","event":"Filling up the DagBag from /opt/airflow/dags/orchestrate.py","logger":"airflow.dag_processing.dagbag.BundleDagBag","filename":"dagbag.py","lineno":460}
{"timestamp":"2026-08-25T18:25:04.577950Z","level":"error","event":"Failed to import: /opt/airflow/dags/orchestrate.py","logger":"airflow.dag_processing.importers.python_importer","filename":"python_importer.py","lineno":244,"error_detail":[{"exc_type":"ModuleNotFoundError","exc_value":"No module named 'ingestion'","exc_notes":[],"syntax_error":null,"is_cause":false,"frames":[{"filename":"/home/airflow/.local/lib/python3.13/site-packages/airflow/dag_processing/importers/python_importer.py","lineno":238,"name":"parse"},{"filename":"<frozen importlib._bootstrap_external>","lineno":1023,"name":"exec_module"},{"filename":"<frozen importlib._bootstrap>","lineno":488,"name":"_call_with_frames_removed"},{"filename":"/opt/airflow/dags/orchestrate.py","lineno":2,"name":"<module>"}],"is_group":false,"exceptions":[]}]}
{"timestamp":"2026-08-25T18:25:04.584737Z","level":"error","event":"Error loading DAG from orchestrate.py: No module named 'ingestion'","logger":"airflow.dag_processing.dagbag.BundleDagBag","filename":"dagbag.py","lineno":319}
{"timestamp":"2026-08-25T18:25:35.068434Z","level":"info","event":"Filling up the DagBag from /opt/airflow/dags/orchestrate.py","logger":"airflow.dag_processing.dagbag.BundleDagBag","filename":"dagbag.py","lineno":460}
{"timestamp":"2026-08-25T18:25:35.133183Z","level":"error","event":"Failed to import: /opt/airflow/dags/orchestrate.py","logger":"airflow.dag_processing.importers.python_importer","filename":"python_importer.py","lineno":244,"error_detail":[{"exc_type":"ModuleNotFoundError","exc_value":"No module named 'ingestion'","exc_notes":[],"syntax_error":null,"is_cause":false,"frames":[{"filename":"/home/airflow/.local/lib/python3.13/site-packages/airflow/dag_processing/importers/python_importer.py","lineno":238,"name":"parse"},{"filename":"<frozen importlib._bootstrap_external>","lineno":1023,"name":"exec_module"},{"filename":"<frozen importlib._bootstrap>","lineno":488,"name":"_call_with_frames_removed"},{"filename":"/opt/airflow/dags/orchestrate.py","lineno":2,"name":"<module>"}],"is_group":false,"exceptions":[]}]}
{"timestamp":"2026-08-25T18:25:35.139352Z","level":"error","event":"Error loading DAG from orchestrate.py: No module named 'ingestion'","logger":"airflow.dag_processing.dagbag.BundleDagBag","filename":"dagbag.py","lineno":319}
{"timestamp":"2026-08-25T18:26:05.578948Z","level":"info","event":"Filling up the DagBag from /opt/airflow/dags/orchestrate.py","logger":"airflow.dag_processing.dagbag.BundleDagBag","filename":"dagbag.py","lineno":460}
{"timestamp":"2026-08-25T18:26:05.634947Z","level":"error","event":"Failed to import: /opt/airflow/dags/orchestrate.py","logger":"airflow.dag_processing.importers.python_importer","filename":"python_importer.py","lineno":244,"error_detail":[{"exc_type":"ModuleNotFoundError","exc_value":"No module named 'ingestion'","exc_notes":[],"syntax_error":null,"is_cause":false,"frames":[{"filename":"/home/airflow/.local/lib/python3.13/site-packages/airflow/dag_processing/importers/python_importer.py","lineno":238,"name":"parse"},{"filename":"<frozen importlib._bootstrap_external>","lineno":1023,"name":"exec_module"},{"filename":"<frozen importlib._bootstrap>","lineno":488,"name":"_call_with_frames_removed"},{"filename":"/opt/airflow/dags/orchestrate.py","lineno":2,"name":"<module>"}],"is_group":false,"exceptions":[]}]}
{"timestamp":"2026-08-25T18:26:05.642981Z","level":"error","event":"Error loading DAG from orchestrate.py: No module named 'ingestion'","logger":"airflow.dag_processing.dagbag.BundleDagBag","filename":"dagbag.py","lineno":319}
{"timestamp":"2026-08-25T18:26:36.202881Z","level":"info","event":"Filling up the DagBag from /opt/airflow/dags/orchestrate.py","logger":"airflow.dag_processing.dagbag.BundleDagBag","filename":"dagbag.py","lineno":460}
{"timestamp":"2026-08-25T18:26:36.261955Z","level":"error","event":"Failed to import: /opt/airflow/dags/orchestrate.py","logger":"airflow.dag_processing.importers.python_importer","filename":"python_importer.py","lineno":244,"error_detail":[{"exc_type":"ModuleNotFoundError","exc_value":"No module named 'ingestion'","exc_notes":[],"syntax_error":null,"is_cause":false,"frames":[{"filename":"/home/airflow/.local/lib/python3.13/site-packages/airflow/dag_processing/importers/python_importer.py","lineno":238,"name":"parse"},{"filename":"<frozen importlib._bootstrap_external>","lineno":1023,"name":"exec_module"},{"filename":"<frozen importlib._bootstrap>","lineno":488,"name":"_call_with_frames_removed"},{"filename":"/opt/airflow/dags/orchestrate.py","lineno":2,"name":"<module>"}],"is_group":false,"exceptions":[]}]}
{"timestamp":"2026-08-25T18:26:36.269273Z","level":"error","event":"Error loading DAG from orchestrate.py: No module named 'ingestion'","logger":"airflow.dag_processing.dagbag.BundleDagBag","filename":"dagbag.py","lineno":319}
{"timestamp":"2026-08-25T18:27:06.739725Z","level":"info","event":"Filling up the DagBag from /opt/airflow/dags/orchestrate.py","logger":"airflow.dag_processing.dagbag.BundleDagBag","filename":"dagbag.py","lineno":460}
{"timestamp":"2026-08-25T18:27:06.802569Z","level":"error","event":"Failed to import: /opt/airflow/dags/orchestrate.py","logger":"airflow.dag_processing.importers.python_importer","filename":"python_importer.py","lineno":244,"error_detail":[{"exc_type":"ModuleNotFoundError","exc_value":"No module named 'ingestion'","exc_notes":[],"syntax_error":null,"is_cause":false,"frames":[{"filename":"/home/airflow/.local/lib/python3.13/site-packages/airflow/dag_processing/importers/python_importer.py","lineno":238,"name":"parse"},{"filename":"<frozen importlib._bootstrap_external>","lineno":1023,"name":"exec_module"},{"filename":"<frozen importlib._bootstrap>","lineno":488,"name":"_call_with_frames_removed"},{"filename":"/opt/airflow/dags/orchestrate.py","lineno":2,"name":"<module>"}],"is_group":false,"exceptions":[]}]}
{"timestamp":"2026-08-25T18:27:06.810562Z","level":"error","event":"Error loading DAG from orchestrate.py: No module named 'ingestion'","logger":"airflow.dag_processing.dagbag.BundleDagBag","filename":"dagbag.py","lineno":319}
{"timestamp":"2026-08-25T18:27:37.321018Z","level":"info","event":"Filling up the DagBag from /opt/airflow/dags/orchestrate.py","logger":"airflow.dag_processing.dagbag.BundleDagBag","filename":"dagbag.py","lineno":460}
{"timestamp":"2026-08-25T18:27:37.381600Z","level":"error","event":"Failed to import: /opt/airflow/dags/orchestrate.py","logger":"airflow.dag_processing.importers.python_importer","filename":"python_importer.py","lineno":244,"error_detail":[{"exc_type":"ModuleNotFoundError","exc_value":"No module named 'ingestion'","exc_notes":[],"syntax_error":null,"is_cause":false,"frames":[{"filename":"/home/airflow/.local/lib/python3.13/site-packages/airflow/dag_processing/importers/python_importer.py","lineno":238,"name":"parse"},{"filename":"<frozen importlib._bootstrap_external>","lineno":1023,"name":"exec_module"},{"filename":"<frozen importlib._bootstrap>","lineno":488,"name":"_call_with_frames_removed"},{"filename":"/opt/airflow/dags/orchestrate.py","lineno":2,"name":"<module>"}],"is_group":false,"exceptions":[]}]}
{"timestamp":"2026-08-25T18:27:37.390088Z","level":"error","event":"Error loading DAG from orchestrate.py: No module named 'ingestion'","logger":"airflow.dag_processing.dagbag.BundleDagBag","filename":"dagbag.py","lineno":319}
{"timestamp":"2026-08-25T18:28:07.931580Z","level":"info","event":"Filling up the DagBag from /opt/airflow/dags/orchestrate.py","logger":"airflow.dag_processing.dagbag.BundleDagBag","filename":"dagbag.py","lineno":460}
{"timestamp":"2026-08-25T18:28:07.985885Z","level":"error","event":"Failed to import: /opt/airflow/dags/orchestrate.py","logger":"airflow.dag_processing.importers.python_importer","filename":"python_importer.py","lineno":244,"error_detail":[{"exc_type":"ModuleNotFoundError","exc_value":"No module named 'ingestion'","exc_notes":[],"syntax_error":null,"is_cause":false,"frames":[{"filename":"/home/airflow/.local/lib/python3.13/site-packages/airflow/dag_processing/importers/python_importer.py","lineno":238,"name":"parse"},{"filename":"<frozen importlib._bootstrap_external>","lineno":1023,"name":"exec_module"},{"filename":"<frozen importlib._bootstrap>","lineno":488,"name":"_call_with_frames_removed"},{"filename":"/opt/airflow/dags/orchestrate.py","lineno":2,"name":"<module>"}],"is_group":false,"exceptions":[]}]}
{"timestamp":"2026-08-25T18:28:07.993352Z","level":"error","event":"Error loading DAG from orchestrate.py: No module named 'ingestion'","logger":"airflow.dag_processing.dagbag.BundleDagBag","filename":"dagbag.py","lineno":319}
{"timestamp":"2026-08-25T18:28:38.535087Z","level":"info","event":"Filling up the DagBag from /opt/airflow/dags/orchestrate.py","logger":"airflow.dag_processing.dagbag.BundleDagBag","filename":"dagbag.py","lineno":460}
{"timestamp":"2026-08-25T18:28:38.593937Z","level":"error","event":"Failed to import: /opt/airflow/dags/orchestrate.py","logger":"airflow.dag_processing.importers.python_importer","filename":"python_importer.py","lineno":244,"error_detail":[{"exc_type":"ModuleNotFoundError","exc_value":"No module named 'ingestion'","exc_notes":[],"syntax_error":null,"is_cause":false,"frames":[{"filename":"/home/airflow/.local/lib/python3.13/site-packages/airflow/dag_processing/importers/python_importer.py","lineno":238,"name":"parse"},{"filename":"<frozen importlib._bootstrap_external>","lineno":1023,"name":"exec_module"},{"filename":"<frozen importlib._bootstrap>","lineno":488,"name":"_call_with_frames_removed"},{"filename":"/opt/airflow/dags/orchestrate.py","lineno":2,"name":"<module>"}],"is_group":false,"exceptions":[]}]}
{"timestamp":"2026-08-25T18:28:38.600494Z","level":"error","event":"Error loading DAG from orchestrate.py: No module named 'ingestion'","logger":"airflow.dag_processing.dagbag.BundleDagBag","filename":"dagbag.py","lineno":319}
{"timestamp":"2026-08-25T18:29:09.065000Z","level":"info","event":"Filling up the DagBag from /opt/airflow/dags/orchestrate.py","logger":"airflow.dag_processing.dagbag.BundleDagBag","filename":"dagbag.py","lineno":460}
{"timestamp":"2026-08-25T18:29:09.126753Z","level":"error","event":"Failed to import: /opt/airflow/dags/orchestrate.py","logger":"airflow.dag_processing.importers.python_importer","filename":"python_importer.py","lineno":244,"error_detail":[{"exc_type":"ModuleNotFoundError","exc_value":"No module named 'ingestion'","exc_notes":[],"syntax_error":null,"is_cause":false,"frames":[{"filename":"/home/airflow/.local/lib/python3.13/site-packages/airflow/dag_processing/importers/python_importer.py","lineno":238,"name":"parse"},{"filename":"<frozen importlib._bootstrap_external>","lineno":1023,"name":"exec_module"},{"filename":"<frozen importlib._bootstrap>","lineno":488,"name":"_call_with_frames_removed"},{"filename":"/opt/airflow/dags/orchestrate.py","lineno":2,"name":"<module>"}],"is_group":false,"exceptions":[]}]}
{"timestamp":"2026-08-25T18:29:09.136519Z","level":"error","event":"Error loading DAG from orchestrate.py: No module named 'ingestion'","logger":"airflow.dag_processing.dagbag.BundleDagBag","filename":"dagbag.py","lineno":319}
{"timestamp":"2026-08-25T18:29:39.579792Z","level":"info","event":"Filling up the DagBag from /opt/airflow/dags/orchestrate.py","logger":"airflow.dag_processing.dagbag.BundleDagBag","filename":"dagbag.py","lineno":460}
{"timestamp":"2026-08-25T18:29:39.639328Z","level":"error","event":"Failed to import: /opt/airflow/dags/orchestrate.py","logger":"airflow.dag_processing.importers.python_importer","filename":"python_importer.py","lineno":244,"error_detail":[{"exc_type":"ModuleNotFoundError","exc_value":"No module named 'ingestion'","exc_notes":[],"syntax_error":null,"is_cause":false,"frames":[{"filename":"/home/airflow/.local/lib/python3.13/site-packages/airflow/dag_processing/importers/python_importer.py","lineno":238,"name":"parse"},{"filename":"<frozen importlib._bootstrap_external>","lineno":1023,"name":"exec_module"},{"filename":"<frozen importlib._bootstrap>","lineno":488,"name":"_call_with_frames_removed"},{"filename":"/opt/airflow/dags/orchestrate.py","lineno":2,"name":"<module>"}],"is_group":false,"exceptions":[]}]}
{"timestamp":"2026-08-25T18:29:39.646435Z","level":"error","event":"Error loading DAG from orchestrate.py: No module named 'ingestion'","logger":"airflow.dag_processing.dagbag.BundleDagBag","filename":"dagbag.py","lineno":319}
{"timestamp":"2026-08-25T18:30:10.155281Z","level":"info","event":"Filling up the DagBag from /opt/airflow/dags/orchestrate.py","logger":"airflow.dag_processing.dagbag.BundleDagBag","filename":"dagbag.py","lineno":460}
{"timestamp":"2026-08-25T18:30:10.214460Z","level":"error","event":"Failed to import: /opt/airflow/dags/orchestrate.py","logger":"airflow.dag_processing.importers.python_importer","filename":"python_importer.py","lineno":244,"error_detail":[{"exc_type":"ModuleNotFoundError","exc_value":"No module named 'ingestion'","exc_notes":[],"syntax_error":null,"is_cause":false,"frames":[{"filename":"/home/airflow/.local/lib/python3.13/site-packages/airflow/dag_processing/importers/python_importer.py","lineno":238,"name":"parse"},{"filename":"<frozen importlib._bootstrap_external>","lineno":1023,"name":"exec_module"},{"filename":"<frozen importlib._bootstrap>","lineno":488,"name":"_call_with_frames_removed"},{"filename":"/opt/airflow/dags/orchestrate.py","lineno":2,"name":"<module>"}],"is_group":false,"exceptions":[]}]}
{"timestamp":"2026-08-25T18:30:10.221348Z","level":"error","event":"Error loading DAG from orchestrate.py: No module named 'ingestion'","logger":"airflow.dag_processing.dagbag.BundleDagBag","filename":"dagbag.py","lineno":319}
{"timestamp":"2026-08-25T18:30:40.734293Z","level":"info","event":"Filling up the DagBag from /opt/airflow/dags/orchestrate.py","logger":"airflow.dag_processing.dagbag.BundleDagBag","filename":"dagbag.py","lineno":460}
{"timestamp":"2026-08-25T18:30:40.788238Z","level":"error","event":"Failed to import: /opt/airflow/dags/orchestrate.py","logger":"airflow.dag_processing.importers.python_importer","filename":"python_importer.py","lineno":244,"error_detail":[{"exc_type":"ModuleNotFoundError","exc_value":"No module named 'ingestion'","exc_notes":[],"syntax_error":null,"is_cause":false,"frames":[{"filename":"/home/airflow/.local/lib/python3.13/site-packages/airflow/dag_processing/importers/python_importer.py","lineno":238,"name":"parse"},{"filename":"<frozen importlib._bootstrap_external>","lineno":1023,"name":"exec_module"},{"filename":"<frozen importlib._bootstrap>","lineno":488,"name":"_call_with_frames_removed"},{"filename":"/opt/airflow/dags/orchestrate.py","lineno":2,"name":"<module>"}],"is_group":false,"exceptions":[]}]}
{"timestamp":"2026-08-25T18:30:40.795681Z","level":"error","event":"Error loading DAG from orchestrate.py: No module named 'ingestion'","logger":"airflow.dag_processing.dagbag.BundleDagBag","filename":"dagbag.py","lineno":319}
{"timestamp":"2026-08-25T18:31:11.399123Z","level":"info","event":"Filling up the DagBag from /opt/airflow/dags/orchestrate.py","logger":"airflow.dag_processing.dagbag.BundleDagBag","filename":"dagbag.py","lineno":460}
{"timestamp":"2026-08-25T18:31:11.471050Z","level":"error","event":"Failed to import: /opt/airflow/dags/orchestrate.py","logger":"airflow.dag_processing.importers.python_importer","filename":"python_importer.py","lineno":244,"error_detail":[{"exc_type":"ModuleNotFoundError","exc_value":"No module named 'ingestion'","exc_notes":[],"syntax_error":null,"is_cause":false,"frames":[{"filename":"/home/airflow/.local/lib/python3.13/site-packages/airflow/dag_processing/importers/python_importer.py","lineno":238,"name":"parse"},{"filename":"<frozen importlib._bootstrap_external>","lineno":1023,"name":"exec_module"},{"filename":"<frozen importlib._bootstrap>","lineno":488,"name":"_call_with_frames_removed"},{"filename":"/opt/airflow/dags/orchestrate.py","lineno":2,"name":"<module>"}],"is_group":false,"exceptions":[]}]}
{"timestamp":"2026-08-25T18:31:11.480883Z","level":"error","event":"Error loading DAG from orchestrate.py: No module named 'ingestion'","logger":"airflow.dag_processing.dagbag.BundleDagBag","filename":"dagbag.py","lineno":319}
{"timestamp":"2026-08-25T18:31:42.042536Z","level":"info","event":"Filling up the DagBag from /opt/airflow/dags/orchestrate.py","logger":"airflow.dag_processing.dagbag.BundleDagBag","filename":"dagbag.py","lineno":460}
{"timestamp":"2026-08-25T18:31:42.100562Z","level":"error","event":"Failed to import: /opt/airflow/dags/orchestrate.py","logger":"airflow.dag_processing.importers.python_importer","filename":"python_importer.py","lineno":244,"error_detail":[{"exc_type":"ModuleNotFoundError","exc_value":"No module named 'ingestion'","exc_notes":[],"syntax_error":null,"is_cause":false,"frames":[{"filename":"/home/airflow/.local/lib/python3.13/site-packages/airflow/dag_processing/importers/python_importer.py","lineno":238,"name":"parse"},{"filename":"<frozen importlib._bootstrap_external>","lineno":1023,"name":"exec_module"},{"filename":"<frozen importlib._bootstrap>","lineno":488,"name":"_call_with_frames_removed"},{"filename":"/opt/airflow/dags/orchestrate.py","lineno":2,"name":"<module>"}],"is_group":false,"exceptions":[]}]}
{"timestamp":"2026-08-25T18:31:42.107920Z","level":"error","event":"Error loading DAG from orchestrate.py: No module named 'ingestion'","logger":"airflow.dag_processing.dagbag.BundleDagBag","filename":"dagbag.py","lineno":319}
{"timestamp":"2026-08-25T18:32:12.673737Z","level":"info","event":"Filling up the DagBag from /opt/airflow/dags/orchestrate.py","logger":"airflow.dag_processing.dagbag.BundleDagBag","filename":"dagbag.py","lineno":460}
{"timestamp":"2026-08-25T18:32:12.765051Z","level":"error","event":"Failed to import: /opt/airflow/dags/orchestrate.py","logger":"airflow.dag_processing.importers.python_importer","filename":"python_importer.py","lineno":244,"error_detail":[{"exc_type":"ModuleNotFoundError","exc_value":"No module named 'ingestion'","exc_notes":[],"syntax_error":null,"is_cause":false,"frames":[{"filename":"/home/airflow/.local/lib/python3.13/site-packages/airflow/dag_processing/importers/python_importer.py","lineno":238,"name":"parse"},{"filename":"<frozen importlib._bootstrap_external>","lineno":1023,"name":"exec_module"},{"filename":"<frozen importlib._bootstrap>","lineno":488,"name":"_call_with_frames_removed"},{"filename":"/opt/airflow/dags/orchestrate.py","lineno":2,"name":"<module>"}],"is_group":false,"exceptions":[]}]}
{"timestamp":"2026-08-25T18:32:12.780419Z","level":"error","event":"Error loading DAG from orchestrate.py: No module named 'ingestion'","logger":"airflow.dag_processing.dagbag.BundleDagBag","filename":"dagbag.py","lineno":319}
{"timestamp":"2026-08-25T18:32:43.377177Z","level":"info","event":"Filling up the DagBag from /opt/airflow/dags/orchestrate.py","logger":"airflow.dag_processing.dagbag.BundleDagBag","filename":"dagbag.py","lineno":460}
{"timestamp":"2026-08-25T18:32:43.456774Z","level":"error","event":"Failed to import: /opt/airflow/dags/orchestrate.py","logger":"airflow.dag_processing.importers.python_importer","filename":"python_importer.py","lineno":244,"error_detail":[{"exc_type":"ModuleNotFoundError","exc_value":"No module named 'ingestion'","exc_notes":[],"syntax_error":null,"is_cause":false,"frames":[{"filename":"/home/airflow/.local/lib/python3.13/site-packages/airflow/dag_processing/importers/python_importer.py","lineno":238,"name":"parse"},{"filename":"<frozen importlib._bootstrap_external>","lineno":1023,"name":"exec_module"},{"filename":"<frozen importlib._bootstrap>","lineno":488,"name":"_call_with_frames_removed"},{"filename":"/opt/airflow/dags/orchestrate.py","lineno":2,"name":"<module>"}],"is_group":false,"exceptions":[]}]}
{"timestamp":"2026-08-25T18:32:43.479769Z","level":"error","event":"Error loading DAG from orchestrate.py: No module named 'ingestion'","logger":"airflow.dag_processing.dagbag.BundleDagBag","filename":"dagbag.py","lineno":319}
{"timestamp":"2026-08-25T18:33:14.043421Z","level":"info","event":"Filling up the DagBag from /opt/airflow/dags/orchestrate.py","logger":"airflow.dag_processing.dagbag.BundleDagBag","filename":"dagbag.py","lineno":460}
{"timestamp":"2026-08-25T18:33:14.107303Z","level":"error","event":"Failed to import: /opt/airflow/dags/orchestrate.py","logger":"airflow.dag_processing.importers.python_importer","filename":"python_importer.py","lineno":244,"error_detail":[{"exc_type":"ModuleNotFoundError","exc_value":"No module named 'ingestion'","exc_notes":[],"syntax_error":null,"is_cause":false,"frames":[{"filename":"/home/airflow/.local/lib/python3.13/site-packages/airflow/dag_processing/importers/python_importer.py","lineno":238,"name":"parse"},{"filename":"<frozen importlib._bootstrap_external>","lineno":1023,"name":"exec_module"},{"filename":"<frozen importlib._bootstrap>","lineno":488,"name":"_call_with_frames_removed"},{"filename":"/opt/airflow/dags/orchestrate.py","lineno":2,"name":"<module>"}],"is_group":false,"exceptions":[]}]}
{"timestamp":"2026-08-25T18:33:14.118350Z","level":"error","event":"Error loading DAG from orchestrate.py: No module named 'ingestion'","logger":"airflow.dag_processing.dagbag.BundleDagBag","filename":"dagbag.py","lineno":319}
{"timestamp":"2026-08-25T18:33:44.682035Z","level":"info","event":"Filling up the DagBag from /opt/airflow/dags/orchestrate.py","logger":"airflow.dag_processing.dagbag.BundleDagBag","filename":"dagbag.py","lineno":460}
{"timestamp":"2026-08-25T18:33:44.749271Z","level":"error","event":"Failed to import: /opt/airflow/dags/orchestrate.py","logger":"airflow.dag_processing.importers.python_importer","filename":"python_importer.py","lineno":244,"error_detail":[{"exc_type":"ModuleNotFoundError","exc_value":"No module named 'ingestion'","exc_notes":[],"syntax_error":null,"is_cause":false,"frames":[{"filename":"/home/airflow/.local/lib/python3.13/site-packages/airflow/dag_processing/importers/python_importer.py","lineno":238,"name":"parse"},{"filename":"<frozen importlib._bootstrap_external>","lineno":1023,"name":"exec_module"},{"filename":"<frozen importlib._bootstrap>","lineno":488,"name":"_call_with_frames_removed"},{"filename":"/opt/airflow/dags/orchestrate.py","lineno":2,"name":"<module>"}],"is_group":false,"exceptions":[]}]}
{"timestamp":"2026-08-25T18:33:44.758536Z","level":"error","event":"Error loading DAG from orchestrate.py: No module named 'ingestion'","logger":"airflow.dag_processing.dagbag.BundleDagBag","filename":"dagbag.py","lineno":319}
{"timestamp":"2026-08-25T18:34:15.361884Z","level":"info","event":"Filling up the DagBag from /opt/airflow/dags/orchestrate.py","logger":"airflow.dag_processing.dagbag.BundleDagBag","filename":"dagbag.py","lineno":460}
{"timestamp":"2026-08-25T18:34:15.418668Z","level":"error","event":"Failed to import: /opt/airflow/dags/orchestrate.py","logger":"airflow.dag_processing.importers.python_importer","filename":"python_importer.py","lineno":244,"error_detail":[{"exc_type":"ModuleNotFoundError","exc_value":"No module named 'ingestion'","exc_notes":[],"syntax_error":null,"is_cause":false,"frames":[{"filename":"/home/airflow/.local/lib/python3.13/site-packages/airflow/dag_processing/importers/python_importer.py","lineno":238,"name":"parse"},{"filename":"<frozen importlib._bootstrap_external>","lineno":1023,"name":"exec_module"},{"filename":"<frozen importlib._bootstrap>","lineno":488,"name":"_call_with_frames_removed"},{"filename":"/opt/airflow/dags/orchestrate.py","lineno":2,"name":"<module>"}],"is_group":false,"exceptions":[]}]}
{"timestamp":"2026-08-25T18:34:15.427417Z","level":"error","event":"Error loading DAG from orchestrate.py: No module named 'ingestion'","logger":"airflow.dag_processing.dagbag.BundleDagBag","filename":"dagbag.py","lineno":319}
{"timestamp":"2026-08-25T18:34:45.970096Z","level":"info","event":"Filling up the DagBag from /opt/airflow/dags/orchestrate.py","logger":"airflow.dag_processing.dagbag.BundleDagBag","filename":"dagbag.py","lineno":460}
{"timestamp":"2026-08-25T18:34:46.034757Z","level":"error","event":"Failed to import: /opt/airflow/dags/orchestrate.py","logger":"airflow.dag_processing.importers.python_importer","filename":"python_importer.py","lineno":244,"error_detail":[{"exc_type":"ModuleNotFoundError","exc_value":"No module named 'ingestion'","exc_notes":[],"syntax_error":null,"is_cause":false,"frames":[{"filename":"/home/airflow/.local/lib/python3.13/site-packages/airflow/dag_processing/importers/python_importer.py","lineno":238,"name":"parse"},{"filename":"<frozen importlib._bootstrap_external>","lineno":1023,"name":"exec_module"},{"filename":"<frozen importlib._bootstrap>","lineno":488,"name":"_call_with_frames_removed"},{"filename":"/opt/airflow/dags/orchestrate.py","lineno":2,"name":"<module>"}],"is_group":false,"exceptions":[]}]}
{"timestamp":"2026-08-25T18:34:46.043116Z","level":"error","event":"Error loading DAG from orchestrate.py: No module named 'ingestion'","logger":"airflow.dag_processing.dagbag.BundleDagBag","filename":"dagbag.py","lineno":319}
{"timestamp":"2026-08-25T18:35:16.600154Z","level":"info","event":"Filling up the DagBag from /opt/airflow/dags/orchestrate.py","logger":"airflow.dag_processing.dagbag.BundleDagBag","filename":"dagbag.py","lineno":460}
{"timestamp":"2026-08-25T18:35:16.656272Z","level":"error","event":"Failed to import: /opt/airflow/dags/orchestrate.py","logger":"airflow.dag_processing.importers.python_importer","filename":"python_importer.py","lineno":244,"error_detail":[{"exc_type":"ModuleNotFoundError","exc_value":"No module named 'ingestion'","exc_notes":[],"syntax_error":null,"is_cause":false,"frames":[{"filename":"/home/airflow/.local/lib/python3.13/site-packages/airflow/dag_processing/importers/python_importer.py","lineno":238,"name":"parse"},{"filename":"<frozen importlib._bootstrap_external>","lineno":1023,"name":"exec_module"},{"filename":"<frozen importlib._bootstrap>","lineno":488,"name":"_call_with_frames_removed"},{"filename":"/opt/airflow/dags/orchestrate.py","lineno":2,"name":"<module>"}],"is_group":false,"exceptions":[]}]}
{"timestamp":"2026-08-25T18:35:16.662499Z","level":"error","event":"Error loading DAG from orchestrate.py: No module named 'ingestion'","logger":"airflow.dag_processing.dagbag.BundleDagBag","filename":"dagbag.py","lineno":319}
{"timestamp":"2026-08-25T18:35:47.195895Z","level":"info","event":"Filling up the DagBag from /opt/airflow/dags/orchestrate.py","logger":"airflow.dag_processing.dagbag.BundleDagBag","filename":"dagbag.py","lineno":460}
{"timestamp":"2026-08-25T18:35:47.245503Z","level":"error","event":"Failed to import: /opt/airflow/dags/orchestrate.py","logger":"airflow.dag_processing.importers.python_importer","filename":"python_importer.py","lineno":244,"error_detail":[{"exc_type":"ModuleNotFoundError","exc_value":"No module named 'ingestion'","exc_notes":[],"syntax_error":null,"is_cause":false,"frames":[{"filename":"/home/airflow/.local/lib/python3.13/site-packages/airflow/dag_processing/importers/python_importer.py","lineno":238,"name":"parse"},{"filename":"<frozen importlib._bootstrap_external>","lineno":1023,"name":"exec_module"},{"filename":"<frozen importlib._bootstrap>","lineno":488,"name":"_call_with_frames_removed"},{"filename":"/opt/airflow/dags/orchestrate.py","lineno":2,"name":"<module>"}],"is_group":false,"exceptions":[]}]}
{"timestamp":"2026-08-25T18:35:47.253290Z","level":"error","event":"Error loading DAG from orchestrate.py: No module named 'ingestion'","logger":"airflow.dag_processing.dagbag.BundleDagBag","filename":"dagbag.py","lineno":319}
{"timestamp":"2026-08-25T18:36:17.827856Z","level":"info","event":"Filling up the DagBag from /opt/airflow/dags/orchestrate.py","logger":"airflow.dag_processing.dagbag.BundleDagBag","filename":"dagbag.py","lineno":460}
{"timestamp":"2026-08-25T18:36:17.881760Z","level":"error","event":"Failed to import: /opt/airflow/dags/orchestrate.py","logger":"airflow.dag_processing.importers.python_importer","filename":"python_importer.py","lineno":244,"error_detail":[{"exc_type":"ModuleNotFoundError","exc_value":"No module named 'ingestion'","exc_notes":[],"syntax_error":null,"is_cause":false,"frames":[{"filename":"/home/airflow/.local/lib/python3.13/site-packages/airflow/dag_processing/importers/python_importer.py","lineno":238,"name":"parse"},{"filename":"<frozen importlib._bootstrap_external>","lineno":1023,"name":"exec_module"},{"filename":"<frozen importlib._bootstrap>","lineno":488,"name":"_call_with_frames_removed"},{"filename":"/opt/airflow/dags/orchestrate.py","lineno":2,"name":"<module>"}],"is_group":false,"exceptions":[]}]}
{"timestamp":"2026-08-25T18:36:17.889029Z","level":"error","event":"Error loading DAG from orchestrate.py: No module named 'ingestion'","logger":"airflow.dag_processing.dagbag.BundleDagBag","filename":"dagbag.py","lineno":319}
{"timestamp":"2026-08-25T18:36:48.490880Z","level":"info","event":"Filling up the DagBag from /opt/airflow/dags/orchestrate.py","logger":"airflow.dag_processing.dagbag.BundleDagBag","filename":"dagbag.py","lineno":460}
{"timestamp":"2026-08-25T18:36:48.551903Z","level":"error","event":"Failed to import: /opt/airflow/dags/orchestrate.py","logger":"airflow.dag_processing.importers.python_importer","filename":"python_importer.py","lineno":244,"error_detail":[{"exc_type":"ModuleNotFoundError","exc_value":"No module named 'ingestion'","exc_notes":[],"syntax_error":null,"is_cause":false,"frames":[{"filename":"/home/airflow/.local/lib/python3.13/site-packages/airflow/dag_processing/importers/python_importer.py","lineno":238,"name":"parse"},{"filename":"<frozen importlib._bootstrap_external>","lineno":1023,"name":"exec_module"},{"filename":"<frozen importlib._bootstrap>","lineno":488,"name":"_call_with_frames_removed"},{"filename":"/opt/airflow/dags/orchestrate.py","lineno":2,"name":"<module>"}],"is_group":false,"exceptions":[]}]}
{"timestamp":"2026-08-25T18:36:48.560629Z","level":"error","event":"Error loading DAG from orchestrate.py: No module named 'ingestion'","logger":"airflow.dag_processing.dagbag.BundleDagBag","filename":"dagbag.py","lineno":319}
{"timestamp":"2026-08-25T18:37:19.139279Z","level":"info","event":"Filling up the DagBag from /opt/airflow/dags/orchestrate.py","logger":"airflow.dag_processing.dagbag.BundleDagBag","filename":"dagbag.py","lineno":460}
{"timestamp":"2026-08-25T18:37:19.201554Z","level":"error","event":"Failed to import: /opt/airflow/dags/orchestrate.py","logger":"airflow.dag_processing.importers.python_importer","filename":"python_importer.py","lineno":244,"error_detail":[{"exc_type":"ModuleNotFoundError","exc_value":"No module named 'ingestion'","exc_notes":[],"syntax_error":null,"is_cause":false,"frames":[{"filename":"/home/airflow/.local/lib/python3.13/site-packages/airflow/dag_processing/importers/python_importer.py","lineno":238,"name":"parse"},{"filename":"<frozen importlib._bootstrap_external>","lineno":1023,"name":"exec_module"},{"filename":"<frozen importlib._bootstrap>","lineno":488,"name":"_call_with_frames_removed"},{"filename":"/opt/airflow/dags/orchestrate.py","lineno":2,"name":"<module>"}],"is_group":false,"exceptions":[]}]}
{"timestamp":"2026-08-25T18:37:19.209679Z","level":"error","event":"Error loading DAG from orchestrate.py: No module named 'ingestion'","logger":"airflow.dag_processing.dagbag.BundleDagBag","filename":"dagbag.py","lineno":319}
{"timestamp":"2026-08-25T18:37:49.820151Z","level":"info","event":"Filling up the DagBag from /opt/airflow/dags/orchestrate.py","logger":"airflow.dag_processing.dagbag.BundleDagBag","filename":"dagbag.py","lineno":460}
{"timestamp":"2026-08-25T18:37:49.901858Z","level":"error","event":"Failed to import: /opt/airflow/dags/orchestrate.py","logger":"airflow.dag_processing.importers.python_importer","filename":"python_importer.py","lineno":244,"error_detail":[{"exc_type":"ModuleNotFoundError","exc_value":"No module named 'ingestion'","exc_notes":[],"syntax_error":null,"is_cause":false,"frames":[{"filename":"/home/airflow/.local/lib/python3.13/site-packages/airflow/dag_processing/importers/python_importer.py","lineno":238,"name":"parse"},{"filename":"<frozen importlib._bootstrap_external>","lineno":1023,"name":"exec_module"},{"filename":"<frozen importlib._bootstrap>","lineno":488,"name":"_call_with_frames_removed"},{"filename":"/opt/airflow/dags/orchestrate.py","lineno":2,"name":"<module>"}],"is_group":false,"exceptions":[]}]}
{"timestamp":"2026-08-25T18:37:49.909737Z","level":"error","event":"Error loading DAG from orchestrate.py: No module named 'ingestion'","logger":"airflow.dag_processing.dagbag.BundleDagBag","filename":"dagbag.py","lineno":319}
{"timestamp":"2026-08-25T18:38:20.444138Z","level":"info","event":"Filling up the DagBag from /opt/airflow/dags/orchestrate.py","logger":"airflow.dag_processing.dagbag.BundleDagBag","filename":"dagbag.py","lineno":460}
{"timestamp":"2026-08-25T18:38:20.513556Z","level":"error","event":"Failed to import: /opt/airflow/dags/orchestrate.py","logger":"airflow.dag_processing.importers.python_importer","filename":"python_importer.py","lineno":244,"error_detail":[{"exc_type":"ModuleNotFoundError","exc_value":"No module named 'ingestion'","exc_notes":[],"syntax_error":null,"is_cause":false,"frames":[{"filename":"/home/airflow/.local/lib/python3.13/site-packages/airflow/dag_processing/importers/python_importer.py","lineno":238,"name":"parse"},{"filename":"<frozen importlib._bootstrap_external>","lineno":1023,"name":"exec_module"},{"filename":"<frozen importlib._bootstrap>","lineno":488,"name":"_call_with_frames_removed"},{"filename":"/opt/airflow/dags/orchestrate.py","lineno":2,"name":"<module>"}],"is_group":false,"exceptions":[]}]}
{"timestamp":"2026-08-25T18:38:20.521147Z","level":"error","event":"Error loading DAG from orchestrate.py: No module named 'ingestion'","logger":"airflow.dag_processing.dagbag.BundleDagBag","filename":"dagbag.py","lineno":319}
{"timestamp":"2026-08-25T18:38:51.053511Z","level":"info","event":"Filling up the DagBag from /opt/airflow/dags/orchestrate.py","logger":"airflow.dag_processing.dagbag.BundleDagBag","filename":"dagbag.py","lineno":460}
{"timestamp":"2026-08-25T18:38:51.110008Z","level":"error","event":"Failed to import: /opt/airflow/dags/orchestrate.py","logger":"airflow.dag_processing.importers.python_importer","filename":"python_importer.py","lineno":244,"error_detail":[{"exc_type":"ModuleNotFoundError","exc_value":"No module named 'ingestion'","exc_notes":[],"syntax_error":null,"is_cause":false,"frames":[{"filename":"/home/airflow/.local/lib/python3.13/site-packages/airflow/dag_processing/importers/python_importer.py","lineno":238,"name":"parse"},{"filename":"<frozen importlib._bootstrap_external>","lineno":1023,"name":"exec_module"},{"filename":"<frozen importlib._bootstrap>","lineno":488,"name":"_call_with_frames_removed"},{"filename":"/opt/airflow/dags/orchestrate.py","lineno":2,"name":"<module>"}],"is_group":false,"exceptions":[]}]}
{"timestamp":"2026-08-25T18:38:51.115564Z","level":"error","event":"Error loading DAG from orchestrate.py: No module named 'ingestion'","logger":"airflow.dag_processing.dagbag.BundleDagBag","filename":"dagbag.py","lineno":319}
{"timestamp":"2026-08-25T18:39:21.688187Z","level":"info","event":"Filling up the DagBag from /opt/airflow/dags/orchestrate.py","logger":"airflow.dag_processing.dagbag.BundleDagBag","filename":"dagbag.py","lineno":460}
{"timestamp":"2026-08-25T18:39:21.762382Z","level":"error","event":"Failed to import: /opt/airflow/dags/orchestrate.py","logger":"airflow.dag_processing.importers.python_importer","filename":"python_importer.py","lineno":244,"error_detail":[{"exc_type":"ModuleNotFoundError","exc_value":"No module named 'ingestion'","exc_notes":[],"syntax_error":null,"is_cause":false,"frames":[{"filename":"/home/airflow/.local/lib/python3.13/site-packages/airflow/dag_processing/importers/python_importer.py","lineno":238,"name":"parse"},{"filename":"<frozen importlib._bootstrap_external>","lineno":1023,"name":"exec_module"},{"filename":"<frozen importlib._bootstrap>","lineno":488,"name":"_call_with_frames_removed"},{"filename":"/opt/airflow/dags/orchestrate.py","lineno":2,"name":"<module>"}],"is_group":false,"exceptions":[]}]}
{"timestamp":"2026-08-25T18:39:21.768015Z","level":"error","event":"Error loading DAG from orchestrate.py: No module named 'ingestion'","logger":"airflow.dag_processing.dagbag.BundleDagBag","filename":"dagbag.py","lineno":319}
{"timestamp":"2026-08-25T18:39:52.361510Z","level":"info","event":"Filling up the DagBag from /opt/airflow/dags/orchestrate.py","logger":"airflow.dag_processing.dagbag.BundleDagBag","filename":"dagbag.py","lineno":460}
{"timestamp":"2026-08-25T18:39:52.414632Z","level":"error","event":"Failed to import: /opt/airflow/dags/orchestrate.py","logger":"airflow.dag_processing.importers.python_importer","filename":"python_importer.py","lineno":244,"error_detail":[{"exc_type":"ModuleNotFoundError","exc_value":"No module named 'ingestion'","exc_notes":[],"syntax_error":null,"is_cause":false,"frames":[{"filename":"/home/airflow/.local/lib/python3.13/site-packages/airflow/dag_processing/importers/python_importer.py","lineno":238,"name":"parse"},{"filename":"<frozen importlib._bootstrap_external>","lineno":1023,"name":"exec_module"},{"filename":"<frozen importlib._bootstrap>","lineno":488,"name":"_call_with_frames_removed"},{"filename":"/opt/airflow/dags/orchestrate.py","lineno":2,"name":"<module>"}],"is_group":false,"exceptions":[]}]}
{"timestamp":"2026-08-25T18:39:52.421452Z","level":"error","event":"Error loading DAG from orchestrate.py: No module named 'ingestion'","logger":"airflow.dag_processing.dagbag.BundleDagBag","filename":"dagbag.py","lineno":319}
{"timestamp":"2026-08-25T18:40:22.941165Z","level":"info","event":"Filling up the DagBag from /opt/airflow/dags/orchestrate.py","logger":"airflow.dag_processing.dagbag.BundleDagBag","filename":"dagbag.py","lineno":460}
{"timestamp":"2026-08-25T18:40:22.994558Z","level":"error","event":"Failed to import: /opt/airflow/dags/orchestrate.py","logger":"airflow.dag_processing.importers.python_importer","filename":"python_importer.py","lineno":244,"error_detail":[{"exc_type":"ModuleNotFoundError","exc_value":"No module named 'ingestion'","exc_notes":[],"syntax_error":null,"is_cause":false,"frames":[{"filename":"/home/airflow/.local/lib/python3.13/site-packages/airflow/dag_processing/importers/python_importer.py","lineno":238,"name":"parse"},{"filename":"<frozen importlib._bootstrap_external>","lineno":1023,"name":"exec_module"},{"filename":"<frozen importlib._bootstrap>","lineno":488,"name":"_call_with_frames_removed"},{"filename":"/opt/airflow/dags/orchestrate.py","lineno":2,"name":"<module>"}],"is_group":false,"exceptions":[]}]}
{"timestamp":"2026-08-25T18:40:23.002874Z","level":"error","event":"Error loading DAG from orchestrate.py: No module named 'ingestion'","logger":"airflow.dag_processing.dagbag.BundleDagBag","filename":"dagbag.py","lineno":319}
{"timestamp":"2026-08-25T18:40:53.616017Z","level":"info","event":"Filling up the DagBag from /opt/airflow/dags/orchestrate.py","logger":"airflow.dag_processing.dagbag.BundleDagBag","filename":"dagbag.py","lineno":460}
{"timestamp":"2026-08-25T18:40:53.687232Z","level":"error","event":"Failed to import: /opt/airflow/dags/orchestrate.py","logger":"airflow.dag_processing.importers.python_importer","filename":"python_importer.py","lineno":244,"error_detail":[{"exc_type":"ModuleNotFoundError","exc_value":"No module named 'ingestion'","exc_notes":[],"syntax_error":null,"is_cause":false,"frames":[{"filename":"/home/airflow/.local/lib/python3.13/site-packages/airflow/dag_processing/importers/python_importer.py","lineno":238,"name":"parse"},{"filename":"<frozen importlib._bootstrap_external>","lineno":1023,"name":"exec_module"},{"filename":"<frozen importlib._bootstrap>","lineno":488,"name":"_call_with_frames_removed"},{"filename":"/opt/airflow/dags/orchestrate.py","lineno":2,"name":"<module>"}],"is_group":false,"exceptions":[]}]}
{"timestamp":"2026-08-25T18:40:53.695595Z","level":"error","event":"Error loading DAG from orchestrate.py: No module named 'ingestion'","logger":"airflow.dag_processing.dagbag.BundleDagBag","filename":"dagbag.py","lineno":319}
{"timestamp":"2026-08-25T18:41:24.259068Z","level":"info","event":"Filling up the DagBag from /opt/airflow/dags/orchestrate.py","logger":"airflow.dag_processing.dagbag.BundleDagBag","filename":"dagbag.py","lineno":460}
{"timestamp":"2026-08-25T18:41:24.322529Z","level":"error","event":"Failed to import: /opt/airflow/dags/orchestrate.py","logger":"airflow.dag_processing.importers.python_importer","filename":"python_importer.py","lineno":244,"error_detail":[{"exc_type":"ModuleNotFoundError","exc_value":"No module named 'ingestion'","exc_notes":[],"syntax_error":null,"is_cause":false,"frames":[{"filename":"/home/airflow/.local/lib/python3.13/site-packages/airflow/dag_processing/importers/python_importer.py","lineno":238,"name":"parse"},{"filename":"<frozen importlib._bootstrap_external>","lineno":1023,"name":"exec_module"},{"filename":"<frozen importlib._bootstrap>","lineno":488,"name":"_call_with_frames_removed"},{"filename":"/opt/airflow/dags/orchestrate.py","lineno":2,"name":"<module>"}],"is_group":false,"exceptions":[]}]}
{"timestamp":"2026-08-25T18:41:24.330848Z","level":"error","event":"Error loading DAG from orchestrate.py: No module named 'ingestion'","logger":"airflow.dag_processing.dagbag.BundleDagBag","filename":"dagbag.py","lineno":319}
{"timestamp":"2026-08-25T18:41:54.941070Z","level":"info","event":"Filling up the DagBag from /opt/airflow/dags/orchestrate.py","logger":"airflow.dag_processing.dagbag.BundleDagBag","filename":"dagbag.py","lineno":460}
{"timestamp":"2026-08-25T18:41:55.014060Z","level":"error","event":"Failed to import: /opt/airflow/dags/orchestrate.py","logger":"airflow.dag_processing.importers.python_importer","filename":"python_importer.py","lineno":244,"error_detail":[{"exc_type":"ModuleNotFoundError","exc_value":"No module named 'ingestion'","exc_notes":[],"syntax_error":null,"is_cause":false,"frames":[{"filename":"/home/airflow/.local/lib/python3.13/site-packages/airflow/dag_processing/importers/python_importer.py","lineno":238,"name":"parse"},{"filename":"<frozen importlib._bootstrap_external>","lineno":1023,"name":"exec_module"},{"filename":"<frozen importlib._bootstrap>","lineno":488,"name":"_call_with_frames_removed"},{"filename":"/opt/airflow/dags/orchestrate.py","lineno":2,"name":"<module>"}],"is_group":false,"exceptions":[]}]}
{"timestamp":"2026-08-25T18:41:55.021292Z","level":"error","event":"Error loading DAG from orchestrate.py: No module named 'ingestion'","logger":"airflow.dag_processing.dagbag.BundleDagBag","filename":"dagbag.py","lineno":319}
{"timestamp":"2026-08-25T18:42:25.574093Z","level":"info","event":"Filling up the DagBag from /opt/airflow/dags/orchestrate.py","logger":"airflow.dag_processing.dagbag.BundleDagBag","filename":"dagbag.py","lineno":460}
{"timestamp":"2026-08-25T18:42:25.637179Z","level":"error","event":"Failed to import: /opt/airflow/dags/orchestrate.py","logger":"airflow.dag_processing.importers.python_importer","filename":"python_importer.py","lineno":244,"error_detail":[{"exc_type":"ModuleNotFoundError","exc_value":"No module named 'ingestion'","exc_notes":[],"syntax_error":null,"is_cause":false,"frames":[{"filename":"/home/airflow/.local/lib/python3.13/site-packages/airflow/dag_processing/importers/python_importer.py","lineno":238,"name":"parse"},{"filename":"<frozen importlib._bootstrap_external>","lineno":1023,"name":"exec_module"},{"filename":"<frozen importlib._bootstrap>","lineno":488,"name":"_call_with_frames_removed"},{"filename":"/opt/airflow/dags/orchestrate.py","lineno":2,"name":"<module>"}],"is_group":false,"exceptions":[]}]}
{"timestamp":"2026-08-25T18:42:25.644470Z","level":"error","event":"Error loading DAG from orchestrate.py: No module named 'ingestion'","logger":"airflow.dag_processing.dagbag.BundleDagBag","filename":"dagbag.py","lineno":319}
{"timestamp":"2026-08-25T18:42:56.227922Z","level":"info","event":"Filling up the DagBag from /opt/airflow/dags/orchestrate.py","logger":"airflow.dag_processing.dagbag.BundleDagBag","filename":"dagbag.py","lineno":460}
{"timestamp":"2026-08-25T18:42:56.285285Z","level":"error","event":"Failed to import: /opt/airflow/dags/orchestrate.py","logger":"airflow.dag_processing.importers.python_importer","filename":"python_importer.py","lineno":244,"error_detail":[{"exc_type":"ModuleNotFoundError","exc_value":"No module named 'ingestion'","exc_notes":[],"syntax_error":null,"is_cause":false,"frames":[{"filename":"/home/airflow/.local/lib/python3.13/site-packages/airflow/dag_processing/importers/python_importer.py","lineno":238,"name":"parse"},{"filename":"<frozen importlib._bootstrap_external>","lineno":1023,"name":"exec_module"},{"filename":"<frozen importlib._bootstrap>","lineno":488,"name":"_call_with_frames_removed"},{"filename":"/opt/airflow/dags/orchestrate.py","lineno":2,"name":"<module>"}],"is_group":false,"exceptions":[]}]}
{"timestamp":"2026-08-25T18:42:56.292642Z","level":"error","event":"Error loading DAG from orchestrate.py: No module named 'ingestion'","logger":"airflow.dag_processing.dagbag.BundleDagBag","filename":"dagbag.py","lineno":319}
{"timestamp":"2026-08-25T18:43:26.824080Z","level":"info","event":"Filling up the DagBag from /opt/airflow/dags/orchestrate.py","logger":"airflow.dag_processing.dagbag.BundleDagBag","filename":"dagbag.py","lineno":460}
{"timestamp":"2026-08-25T18:43:26.884292Z","level":"error","event":"Failed to import: /opt/airflow/dags/orchestrate.py","logger":"airflow.dag_processing.importers.python_importer","filename":"python_importer.py","lineno":244,"error_detail":[{"exc_type":"ModuleNotFoundError","exc_value":"No module named 'ingestion'","exc_notes":[],"syntax_error":null,"is_cause":false,"frames":[{"filename":"/home/airflow/.local/lib/python3.13/site-packages/airflow/dag_processing/importers/python_importer.py","lineno":238,"name":"parse"},{"filename":"<frozen importlib._bootstrap_external>","lineno":1023,"name":"exec_module"},{"filename":"<frozen importlib._bootstrap>","lineno":488,"name":"_call_with_frames_removed"},{"filename":"/opt/airflow/dags/orchestrate.py","lineno":2,"name":"<module>"}],"is_group":false,"exceptions":[]}]}
{"timestamp":"2026-08-25T18:43:26.892535Z","level":"error","event":"Error loading DAG from orchestrate.py: No module named 'ingestion'","logger":"airflow.dag_processing.dagbag.BundleDagBag","filename":"dagbag.py","lineno":319}
{"timestamp":"2026-08-25T18:43:57.424394Z","level":"info","event":"Filling up the DagBag from /opt/airflow/dags/orchestrate.py","logger":"airflow.dag_processing.dagbag.BundleDagBag","filename":"dagbag.py","lineno":460}
{"timestamp":"2026-08-25T18:43:57.482078Z","level":"error","event":"Failed to import: /opt/airflow/dags/orchestrate.py","logger":"airflow.dag_processing.importers.python_importer","filename":"python_importer.py","lineno":244,"error_detail":[{"exc_type":"ModuleNotFoundError","exc_value":"No module named 'ingestion'","exc_notes":[],"syntax_error":null,"is_cause":false,"frames":[{"filename":"/home/airflow/.local/lib/python3.13/site-packages/airflow/dag_processing/importers/python_importer.py","lineno":238,"name":"parse"},{"filename":"<frozen importlib._bootstrap_external>","lineno":1023,"name":"exec_module"},{"filename":"<frozen importlib._bootstrap>","lineno":488,"name":"_call_with_frames_removed"},{"filename":"/opt/airflow/dags/orchestrate.py","lineno":2,"name":"<module>"}],"is_group":false,"exceptions":[]}]}
{"timestamp":"2026-08-25T18:43:57.489345Z","level":"error","event":"Error loading DAG from orchestrate.py: No module named 'ingestion'","logger":"airflow.dag_processing.dagbag.BundleDagBag","filename":"dagbag.py","lineno":319}
{"timestamp":"2026-08-25T18:44:28.034309Z","level":"info","event":"Filling up the DagBag from /opt/airflow/dags/orchestrate.py","logger":"airflow.dag_processing.dagbag.BundleDagBag","filename":"dagbag.py","lineno":460}
{"timestamp":"2026-08-25T18:44:28.096884Z","level":"error","event":"Failed to import: /opt/airflow/dags/orchestrate.py","logger":"airflow.dag_processing.importers.python_importer","filename":"python_importer.py","lineno":244,"error_detail":[{"exc_type":"ModuleNotFoundError","exc_value":"No module named 'ingestion'","exc_notes":[],"syntax_error":null,"is_cause":false,"frames":[{"filename":"/home/airflow/.local/lib/python3.13/site-packages/airflow/dag_processing/importers/python_importer.py","lineno":238,"name":"parse"},{"filename":"<frozen importlib._bootstrap_external>","lineno":1023,"name":"exec_module"},{"filename":"<frozen importlib._bootstrap>","lineno":488,"name":"_call_with_frames_removed"},{"filename":"/opt/airflow/dags/orchestrate.py","lineno":2,"name":"<module>"}],"is_group":false,"exceptions":[]}]}
{"timestamp":"2026-08-25T18:44:28.104100Z","level":"error","event":"Error loading DAG from orchestrate.py: No module named 'ingestion'","logger":"airflow.dag_processing.dagbag.BundleDagBag","filename":"dagbag.py","lineno":319}
{"timestamp":"2026-08-25T18:44:58.656593Z","level":"info","event":"Filling up the DagBag from /opt/airflow/dags/orchestrate.py","logger":"airflow.dag_processing.dagbag.BundleDagBag","filename":"dagbag.py","lineno":460}
{"timestamp":"2026-08-25T18:44:58.711540Z","level":"error","event":"Failed to import: /opt/airflow/dags/orchestrate.py","logger":"airflow.dag_processing.importers.python_importer","filename":"python_importer.py","lineno":244,"error_detail":[{"exc_type":"ModuleNotFoundError","exc_value":"No module named 'ingestion'","exc_notes":[],"syntax_error":null,"is_cause":false,"frames":[{"filename":"/home/airflow/.local/lib/python3.13/site-packages/airflow/dag_processing/importers/python_importer.py","lineno":238,"name":"parse"},{"filename":"<frozen importlib._bootstrap_external>","lineno":1023,"name":"exec_module"},{"filename":"<frozen importlib._bootstrap>","lineno":488,"name":"_call_with_frames_removed"},{"filename":"/opt/airflow/dags/orchestrate.py","lineno":2,"name":"<module>"}],"is_group":false,"exceptions":[]}]}
{"timestamp":"2026-08-25T18:44:58.719549Z","level":"error","event":"Error loading DAG from orchestrate.py: No module named 'ingestion'","logger":"airflow.dag_processing.dagbag.BundleDagBag","filename":"dagbag.py","lineno":319}
{"timestamp":"2026-08-25T18:45:29.244997Z","level":"info","event":"Filling up the DagBag from /opt/airflow/dags/orchestrate.py","logger":"airflow.dag_processing.dagbag.BundleDagBag","filename":"dagbag.py","lineno":460}
{"timestamp":"2026-08-25T18:45:29.321701Z","level":"error","event":"Failed to import: /opt/airflow/dags/orchestrate.py","logger":"airflow.dag_processing.importers.python_importer","filename":"python_importer.py","lineno":244,"error_detail":[{"exc_type":"ModuleNotFoundError","exc_value":"No module named 'ingestion'","exc_notes":[],"syntax_error":null,"is_cause":false,"frames":[{"filename":"/home/airflow/.local/lib/python3.13/site-packages/airflow/dag_processing/importers/python_importer.py","lineno":238,"name":"parse"},{"filename":"<frozen importlib._bootstrap_external>","lineno":1023,"name":"exec_module"},{"filename":"<frozen importlib._bootstrap>","lineno":488,"name":"_call_with_frames_removed"},{"filename":"/opt/airflow/dags/orchestrate.py","lineno":2,"name":"<module>"}],"is_group":false,"exceptions":[]}]}
{"timestamp":"2026-08-25T18:45:29.329298Z","level":"error","event":"Error loading DAG from orchestrate.py: No module named 'ingestion'","logger":"airflow.dag_processing.dagbag.BundleDagBag","filename":"dagbag.py","lineno":319}
{"timestamp":"2026-08-25T18:45:59.865799Z","level":"info","event":"Filling up the DagBag from /opt/airflow/dags/orchestrate.py","logger":"airflow.dag_processing.dagbag.BundleDagBag","filename":"dagbag.py","lineno":460}
{"timestamp":"2026-08-25T18:45:59.930393Z","level":"error","event":"Failed to import: /opt/airflow/dags/orchestrate.py","logger":"airflow.dag_processing.importers.python_importer","filename":"python_importer.py","lineno":244,"error_detail":[{"exc_type":"ModuleNotFoundError","exc_value":"No module named 'ingestion'","exc_notes":[],"syntax_error":null,"is_cause":false,"frames":[{"filename":"/home/airflow/.local/lib/python3.13/site-packages/airflow/dag_processing/importers/python_importer.py","lineno":238,"name":"parse"},{"filename":"<frozen importlib._bootstrap_external>","lineno":1023,"name":"exec_module"},{"filename":"<frozen importlib._bootstrap>","lineno":488,"name":"_call_with_frames_removed"},{"filename":"/opt/airflow/dags/orchestrate.py","lineno":2,"name":"<module>"}],"is_group":false,"exceptions":[]}]}
{"timestamp":"2026-08-25T18:45:59.937471Z","level":"error","event":"Error loading DAG from orchestrate.py: No module named 'ingestion'","logger":"airflow.dag_processing.dagbag.BundleDagBag","filename":"dagbag.py","lineno":319}
{"timestamp":"2026-08-25T18:46:30.510814Z","level":"info","event":"Filling up the DagBag from /opt/airflow/dags/orchestrate.py","logger":"airflow.dag_processing.dagbag.BundleDagBag","filename":"dagbag.py","lineno":460}
{"timestamp":"2026-08-25T18:46:30.579888Z","level":"error","event":"Failed to import: /opt/airflow/dags/orchestrate.py","logger":"airflow.dag_processing.importers.python_importer","filename":"python_importer.py","lineno":244,"error_detail":[{"exc_type":"ModuleNotFoundError","exc_value":"No module named 'ingestion'","exc_notes":[],"syntax_error":null,"is_cause":false,"frames":[{"filename":"/home/airflow/.local/lib/python3.13/site-packages/airflow/dag_processing/importers/python_importer.py","lineno":238,"name":"parse"},{"filename":"<frozen importlib._bootstrap_external>","lineno":1023,"name":"exec_module"},{"filename":"<frozen importlib._bootstrap>","lineno":488,"name":"_call_with_frames_removed"},{"filename":"/opt/airflow/dags/orchestrate.py","lineno":2,"name":"<module>"}],"is_group":false,"exceptions":[]}]}
{"timestamp":"2026-08-25T18:46:30.587595Z","level":"error","event":"Error loading DAG from orchestrate.py: No module named 'ingestion'","logger":"airflow.dag_processing.dagbag.BundleDagBag","filename":"dagbag.py","lineno":319}
{"timestamp":"2026-08-25T18:47:01.113727Z","level":"info","event":"Filling up the DagBag from /opt/airflow/dags/orchestrate.py","logger":"airflow.dag_processing.dagbag.BundleDagBag","filename":"dagbag.py","lineno":460}
{"timestamp":"2026-08-25T18:47:01.174535Z","level":"error","event":"Failed to import: /opt/airflow/dags/orchestrate.py","logger":"airflow.dag_processing.importers.python_importer","filename":"python_importer.py","lineno":244,"error_detail":[{"exc_type":"ModuleNotFoundError","exc_value":"No module named 'ingestion'","exc_notes":[],"syntax_error":null,"is_cause":false,"frames":[{"filename":"/home/airflow/.local/lib/python3.13/site-packages/airflow/dag_processing/importers/python_importer.py","lineno":238,"name":"parse"},{"filename":"<frozen importlib._bootstrap_external>","lineno":1023,"name":"exec_module"},{"filename":"<frozen importlib._bootstrap>","lineno":488,"name":"_call_with_frames_removed"},{"filename":"/opt/airflow/dags/orchestrate.py","lineno":2,"name":"<module>"}],"is_group":false,"exceptions":[]}]}
{"timestamp":"2026-08-25T18:47:01.179979Z","level":"error","event":"Error loading DAG from orchestrate.py: No module named 'ingestion'","logger":"airflow.dag_processing.dagbag.BundleDagBag","filename":"dagbag.py","lineno":319}
{"timestamp":"2026-08-25T18:47:31.745130Z","level":"info","event":"Filling up the DagBag from /opt/airflow/dags/orchestrate.py","logger":"airflow.dag_processing.dagbag.BundleDagBag","filename":"dagbag.py","lineno":460}
{"timestamp":"2026-08-25T18:47:31.794012Z","level":"error","event":"Failed to import: /opt/airflow/dags/orchestrate.py","logger":"airflow.dag_processing.importers.python_importer","filename":"python_importer.py","lineno":244,"error_detail":[{"exc_type":"ModuleNotFoundError","exc_value":"No module named 'ingestion'","exc_notes":[],"syntax_error":null,"is_cause":false,"frames":[{"filename":"/home/airflow/.local/lib/python3.13/site-packages/airflow/dag_processing/importers/python_importer.py","lineno":238,"name":"parse"},{"filename":"<frozen importlib._bootstrap_external>","lineno":1023,"name":"exec_module"},{"filename":"<frozen importlib._bootstrap>","lineno":488,"name":"_call_with_frames_removed"},{"filename":"/opt/airflow/dags/orchestrate.py","lineno":2,"name":"<module>"}],"is_group":false,"exceptions":[]}]}
{"timestamp":"2026-08-25T18:47:31.801728Z","level":"error","event":"Error loading DAG from orchestrate.py: No module named 'ingestion'","logger":"airflow.dag_processing.dagbag.BundleDagBag","filename":"dagbag.py","lineno":319}
{"timestamp":"2026-08-25T18:48:02.342191Z","level":"info","event":"Filling up the DagBag from /opt/airflow/dags/orchestrate.py","logger":"airflow.dag_processing.dagbag.BundleDagBag","filename":"dagbag.py","lineno":460}
{"timestamp":"2026-08-25T18:48:02.392709Z","level":"error","event":"Failed to import: /opt/airflow/dags/orchestrate.py","logger":"airflow.dag_processing.importers.python_importer","filename":"python_importer.py","lineno":244,"error_detail":[{"exc_type":"ModuleNotFoundError","exc_value":"No module named 'ingestion'","exc_notes":[],"syntax_error":null,"is_cause":false,"frames":[{"filename":"/home/airflow/.local/lib/python3.13/site-packages/airflow/dag_processing/importers/python_importer.py","lineno":238,"name":"parse"},{"filename":"<frozen importlib._bootstrap_external>","lineno":1023,"name":"exec_module"},{"filename":"<frozen importlib._bootstrap>","lineno":488,"name":"_call_with_frames_removed"},{"filename":"/opt/airflow/dags/orchestrate.py","lineno":2,"name":"<module>"}],"is_group":false,"exceptions":[]}]}
{"timestamp":"2026-08-25T18:48:02.401854Z","level":"error","event":"Error loading DAG from orchestrate.py: No module named 'ingestion'","logger":"airflow.dag_processing.dagbag.BundleDagBag","filename":"dagbag.py","lineno":319}
{"timestamp":"2026-08-25T18:48:32.961835Z","level":"info","event":"Filling up the DagBag from /opt/airflow/dags/orchestrate.py","logger":"airflow.dag_processing.dagbag.BundleDagBag","filename":"dagbag.py","lineno":460}
{"timestamp":"2026-08-25T18:48:33.034113Z","level":"error","event":"Failed to import: /opt/airflow/dags/orchestrate.py","logger":"airflow.dag_processing.importers.python_importer","filename":"python_importer.py","lineno":244,"error_detail":[{"exc_type":"ModuleNotFoundError","exc_value":"No module named 'ingestion'","exc_notes":[],"syntax_error":null,"is_cause":false,"frames":[{"filename":"/home/airflow/.local/lib/python3.13/site-packages/airflow/dag_processing/importers/python_importer.py","lineno":238,"name":"parse"},{"filename":"<frozen importlib._bootstrap_external>","lineno":1023,"name":"exec_module"},{"filename":"<frozen importlib._bootstrap>","lineno":488,"name":"_call_with_frames_removed"},{"filename":"/opt/airflow/dags/orchestrate.py","lineno":2,"name":"<module>"}],"is_group":false,"exceptions":[]}]}
{"timestamp":"2026-08-25T18:48:33.040792Z","level":"error","event":"Error loading DAG from orchestrate.py: No module named 'ingestion'","logger":"airflow.dag_processing.dagbag.BundleDagBag","filename":"dagbag.py","lineno":319}
{"timestamp":"2026-08-25T18:49:03.509538Z","level":"info","event":"Filling up the DagBag from /opt/airflow/dags/orchestrate.py","logger":"airflow.dag_processing.dagbag.BundleDagBag","filename":"dagbag.py","lineno":460}
{"timestamp":"2026-08-25T18:49:03.577217Z","level":"error","event":"Failed to import: /opt/airflow/dags/orchestrate.py","logger":"airflow.dag_processing.importers.python_importer","filename":"python_importer.py","lineno":244,"error_detail":[{"exc_type":"ModuleNotFoundError","exc_value":"No module named 'ingestion'","exc_notes":[],"syntax_error":null,"is_cause":false,"frames":[{"filename":"/home/airflow/.local/lib/python3.13/site-packages/airflow/dag_processing/importers/python_importer.py","lineno":238,"name":"parse"},{"filename":"<frozen importlib._bootstrap_external>","lineno":1023,"name":"exec_module"},{"filename":"<frozen importlib._bootstrap>","lineno":488,"name":"_call_with_frames_removed"},{"filename":"/opt/airflow/dags/orchestrate.py","lineno":2,"name":"<module>"}],"is_group":false,"exceptions":[]}]}
{"timestamp":"2026-08-25T18:49:03.590135Z","level":"error","event":"Error loading DAG from orchestrate.py: No module named 'ingestion'","logger":"airflow.dag_processing.dagbag.BundleDagBag","filename":"dagbag.py","lineno":319}
{"timestamp":"2026-08-25T18:49:34.205155Z","level":"info","event":"Filling up the DagBag from /opt/airflow/dags/orchestrate.py","logger":"airflow.dag_processing.dagbag.BundleDagBag","filename":"dagbag.py","lineno":460}
{"timestamp":"2026-08-25T18:49:34.266615Z","level":"error","event":"Failed to import: /opt/airflow/dags/orchestrate.py","logger":"airflow.dag_processing.importers.python_importer","filename":"python_importer.py","lineno":244,"error_detail":[{"exc_type":"ModuleNotFoundError","exc_value":"No module named 'ingestion'","exc_notes":[],"syntax_error":null,"is_cause":false,"frames":[{"filename":"/home/airflow/.local/lib/python3.13/site-packages/airflow/dag_processing/importers/python_importer.py","lineno":238,"name":"parse"},{"filename":"<frozen importlib._bootstrap_external>","lineno":1023,"name":"exec_module"},{"filename":"<frozen importlib._bootstrap>","lineno":488,"name":"_call_with_frames_removed"},{"filename":"/opt/airflow/dags/orchestrate.py","lineno":2,"name":"<module>"}],"is_group":false,"exceptions":[]}]}
{"timestamp":"2026-08-25T18:49:34.272202Z","level":"error","event":"Error loading DAG from orchestrate.py: No module named 'ingestion'","logger":"airflow.dag_processing.dagbag.BundleDagBag","filename":"dagbag.py","lineno":319}
{"timestamp":"2026-08-25T18:50:04.821768Z","level":"info","event":"Filling up the DagBag from /opt/airflow/dags/orchestrate.py","logger":"airflow.dag_processing.dagbag.BundleDagBag","filename":"dagbag.py","lineno":460}
{"timestamp":"2026-08-25T18:50:04.875853Z","level":"error","event":"Failed to import: /opt/airflow/dags/orchestrate.py","logger":"airflow.dag_processing.importers.python_importer","filename":"python_importer.py","lineno":244,"error_detail":[{"exc_type":"ModuleNotFoundError","exc_value":"No module named 'ingestion'","exc_notes":[],"syntax_error":null,"is_cause":false,"frames":[{"filename":"/home/airflow/.local/lib/python3.13/site-packages/airflow/dag_processing/importers/python_importer.py","lineno":238,"name":"parse"},{"filename":"<frozen importlib._bootstrap_external>","lineno":1023,"name":"exec_module"},{"filename":"<frozen importlib._bootstrap>","lineno":488,"name":"_call_with_frames_removed"},{"filename":"/opt/airflow/dags/orchestrate.py","lineno":2,"name":"<module>"}],"is_group":false,"exceptions":[]}]}
{"timestamp":"2026-08-25T18:50:04.884328Z","level":"error","event":"Error loading DAG from orchestrate.py: No module named 'ingestion'","logger":"airflow.dag_processing.dagbag.BundleDagBag","filename":"dagbag.py","lineno":319}
{"timestamp":"2026-08-25T18:50:35.428347Z","level":"info","event":"Filling up the DagBag from /opt/airflow/dags/orchestrate.py","logger":"airflow.dag_processing.dagbag.BundleDagBag","filename":"dagbag.py","lineno":460}
{"timestamp":"2026-08-25T18:50:35.496424Z","level":"error","event":"Failed to import: /opt/airflow/dags/orchestrate.py","logger":"airflow.dag_processing.importers.python_importer","filename":"python_importer.py","lineno":244,"error_detail":[{"exc_type":"ModuleNotFoundError","exc_value":"No module named 'ingestion'","exc_notes":[],"syntax_error":null,"is_cause":false,"frames":[{"filename":"/home/airflow/.local/lib/python3.13/site-packages/airflow/dag_processing/importers/python_importer.py","lineno":238,"name":"parse"},{"filename":"<frozen importlib._bootstrap_external>","lineno":1023,"name":"exec_module"},{"filename":"<frozen importlib._bootstrap>","lineno":488,"name":"_call_with_frames_removed"},{"filename":"/opt/airflow/dags/orchestrate.py","lineno":2,"name":"<module>"}],"is_group":false,"exceptions":[]}]}
{"timestamp":"2026-08-25T18:50:35.504598Z","level":"error","event":"Error loading DAG from orchestrate.py: No module named 'ingestion'","logger":"airflow.dag_processing.dagbag.BundleDagBag","filename":"dagbag.py","lineno":319}
{"timestamp":"2026-08-25T18:51:06.044095Z","level":"info","event":"Filling up the DagBag from /opt/airflow/dags/orchestrate.py","logger":"airflow.dag_processing.dagbag.BundleDagBag","filename":"dagbag.py","lineno":460}
{"timestamp":"2026-08-25T18:51:06.110507Z","level":"error","event":"Failed to import: /opt/airflow/dags/orchestrate.py","logger":"airflow.dag_processing.importers.python_importer","filename":"python_importer.py","lineno":244,"error_detail":[{"exc_type":"ModuleNotFoundError","exc_value":"No module named 'ingestion'","exc_notes":[],"syntax_error":null,"is_cause":false,"frames":[{"filename":"/home/airflow/.local/lib/python3.13/site-packages/airflow/dag_processing/importers/python_importer.py","lineno":238,"name":"parse"},{"filename":"<frozen importlib._bootstrap_external>","lineno":1023,"name":"exec_module"},{"filename":"<frozen importlib._bootstrap>","lineno":488,"name":"_call_with_frames_removed"},{"filename":"/opt/airflow/dags/orchestrate.py","lineno":2,"name":"<module>"}],"is_group":false,"exceptions":[]}]}
{"timestamp":"2026-08-25T18:51:06.116543Z","level":"error","event":"Error loading DAG from orchestrate.py: No module named 'ingestion'","logger":"airflow.dag_processing.dagbag.BundleDagBag","filename":"dagbag.py","lineno":319}
{"timestamp":"2026-08-25T18:51:36.621182Z","level":"info","event":"Filling up the DagBag from /opt/airflow/dags/orchestrate.py","logger":"airflow.dag_processing.dagbag.BundleDagBag","filename":"dagbag.py","lineno":460}
{"timestamp":"2026-08-25T18:51:36.673225Z","level":"error","event":"Failed to import: /opt/airflow/dags/orchestrate.py","logger":"airflow.dag_processing.importers.python_importer","filename":"python_importer.py","lineno":244,"error_detail":[{"exc_type":"ModuleNotFoundError","exc_value":"No module named 'ingestion'","exc_notes":[],"syntax_error":null,"is_cause":false,"frames":[{"filename":"/home/airflow/.local/lib/python3.13/site-packages/airflow/dag_processing/importers/python_importer.py","lineno":238,"name":"parse"},{"filename":"<frozen importlib._bootstrap_external>","lineno":1023,"name":"exec_module"},{"filename":"<frozen importlib._bootstrap>","lineno":488,"name":"_call_with_frames_removed"},{"filename":"/opt/airflow/dags/orchestrate.py","lineno":2,"name":"<module>"}],"is_group":false,"exceptions":[]}]}
{"timestamp":"2026-08-25T18:51:36.678869Z","level":"error","event":"Error loading DAG from orchestrate.py: No module named 'ingestion'","logger":"airflow.dag_processing.dagbag.BundleDagBag","filename":"dagbag.py","lineno":319}
{"timestamp":"2026-08-25T18:52:07.289146Z","level":"info","event":"Filling up the DagBag from /opt/airflow/dags/orchestrate.py","logger":"airflow.dag_processing.dagbag.BundleDagBag","filename":"dagbag.py","lineno":460}
{"timestamp":"2026-08-25T18:52:07.342744Z","level":"error","event":"Failed to import: /opt/airflow/dags/orchestrate.py","logger":"airflow.dag_processing.importers.python_importer","filename":"python_importer.py","lineno":244,"error_detail":[{"exc_type":"ModuleNotFoundError","exc_value":"No module named 'ingestion'","exc_notes":[],"syntax_error":null,"is_cause":false,"frames":[{"filename":"/home/airflow/.local/lib/python3.13/site-packages/airflow/dag_processing/importers/python_importer.py","lineno":238,"name":"parse"},{"filename":"<frozen importlib._bootstrap_external>","lineno":1023,"name":"exec_module"},{"filename":"<frozen importlib._bootstrap>","lineno":488,"name":"_call_with_frames_removed"},{"filename":"/opt/airflow/dags/orchestrate.py","lineno":2,"name":"<module>"}],"is_group":false,"exceptions":[]}]}
{"timestamp":"2026-08-25T18:52:07.350326Z","level":"error","event":"Error loading DAG from orchestrate.py: No module named 'ingestion'","logger":"airflow.dag_processing.dagbag.BundleDagBag","filename":"dagbag.py","lineno":319}
{"timestamp":"2026-08-25T18:52:37.903821Z","level":"info","event":"Filling up the DagBag from /opt/airflow/dags/orchestrate.py","logger":"airflow.dag_processing.dagbag.BundleDagBag","filename":"dagbag.py","lineno":460}
{"timestamp":"2026-08-25T18:52:37.959905Z","level":"error","event":"Failed to import: /opt/airflow/dags/orchestrate.py","logger":"airflow.dag_processing.importers.python_importer","filename":"python_importer.py","lineno":244,"error_detail":[{"exc_type":"ModuleNotFoundError","exc_value":"No module named 'ingestion'","exc_notes":[],"syntax_error":null,"is_cause":false,"frames":[{"filename":"/home/airflow/.local/lib/python3.13/site-packages/airflow/dag_processing/importers/python_importer.py","lineno":238,"name":"parse"},{"filename":"<frozen importlib._bootstrap_external>","lineno":1023,"name":"exec_module"},{"filename":"<frozen importlib._bootstrap>","lineno":488,"name":"_call_with_frames_removed"},{"filename":"/opt/airflow/dags/orchestrate.py","lineno":2,"name":"<module>"}],"is_group":false,"exceptions":[]}]}
{"timestamp":"2026-08-25T18:52:37.968578Z","level":"error","event":"Error loading DAG from orchestrate.py: No module named 'ingestion'","logger":"airflow.dag_processing.dagbag.BundleDagBag","filename":"dagbag.py","lineno":319}
{"timestamp":"2026-08-25T18:53:08.530550Z","level":"info","event":"Filling up the DagBag from /opt/airflow/dags/orchestrate.py","logger":"airflow.dag_processing.dagbag.BundleDagBag","filename":"dagbag.py","lineno":460}
{"timestamp":"2026-08-25T18:53:08.603761Z","level":"error","event":"Failed to import: /opt/airflow/dags/orchestrate.py","logger":"airflow.dag_processing.importers.python_importer","filename":"python_importer.py","lineno":244,"error_detail":[{"exc_type":"ModuleNotFoundError","exc_value":"No module named 'ingestion'","exc_notes":[],"syntax_error":null,"is_cause":false,"frames":[{"filename":"/home/airflow/.local/lib/python3.13/site-packages/airflow/dag_processing/importers/python_importer.py","lineno":238,"name":"parse"},{"filename":"<frozen importlib._bootstrap_external>","lineno":1023,"name":"exec_module"},{"filename":"<frozen importlib._bootstrap>","lineno":488,"name":"_call_with_frames_removed"},{"filename":"/opt/airflow/dags/orchestrate.py","lineno":2,"name":"<module>"}],"is_group":false,"exceptions":[]}]}
{"timestamp":"2026-08-25T18:53:08.610533Z","level":"error","event":"Error loading DAG from orchestrate.py: No module named 'ingestion'","logger":"airflow.dag_processing.dagbag.BundleDagBag","filename":"dagbag.py","lineno":319}
{"timestamp":"2026-08-25T18:53:39.135850Z","level":"info","event":"Filling up the DagBag from /opt/airflow/dags/orchestrate.py","logger":"airflow.dag_processing.dagbag.BundleDagBag","filename":"dagbag.py","lineno":460}
{"timestamp":"2026-08-25T18:53:39.188253Z","level":"error","event":"Failed to import: /opt/airflow/dags/orchestrate.py","logger":"airflow.dag_processing.importers.python_importer","filename":"python_importer.py","lineno":244,"error_detail":[{"exc_type":"ModuleNotFoundError","exc_value":"No module named 'ingestion'","exc_notes":[],"syntax_error":null,"is_cause":false,"frames":[{"filename":"/home/airflow/.local/lib/python3.13/site-packages/airflow/dag_processing/importers/python_importer.py","lineno":238,"name":"parse"},{"filename":"<frozen importlib._bootstrap_external>","lineno":1023,"name":"exec_module"},{"filename":"<frozen importlib._bootstrap>","lineno":488,"name":"_call_with_frames_removed"},{"filename":"/opt/airflow/dags/orchestrate.py","lineno":2,"name":"<module>"}],"is_group":false,"exceptions":[]}]}
{"timestamp":"2026-08-25T18:53:39.196168Z","level":"error","event":"Error loading DAG from orchestrate.py: No module named 'ingestion'","logger":"airflow.dag_processing.dagbag.BundleDagBag","filename":"dagbag.py","lineno":319}
{"timestamp":"2026-08-25T18:54:09.807663Z","level":"info","event":"Filling up the DagBag from /opt/airflow/dags/orchestrate.py","logger":"airflow.dag_processing.dagbag.BundleDagBag","filename":"dagbag.py","lineno":460}
{"timestamp":"2026-08-25T18:54:09.868378Z","level":"error","event":"Failed to import: /opt/airflow/dags/orchestrate.py","logger":"airflow.dag_processing.importers.python_importer","filename":"python_importer.py","lineno":244,"error_detail":[{"exc_type":"ModuleNotFoundError","exc_value":"No module named 'ingestion'","exc_notes":[],"syntax_error":null,"is_cause":false,"frames":[{"filename":"/home/airflow/.local/lib/python3.13/site-packages/airflow/dag_processing/importers/python_importer.py","lineno":238,"name":"parse"},{"filename":"<frozen importlib._bootstrap_external>","lineno":1023,"name":"exec_module"},{"filename":"<frozen importlib._bootstrap>","lineno":488,"name":"_call_with_frames_removed"},{"filename":"/opt/airflow/dags/orchestrate.py","lineno":2,"name":"<module>"}],"is_group":false,"exceptions":[]}]}
{"timestamp":"2026-08-25T18:54:09.876866Z","level":"error","event":"Error loading DAG from orchestrate.py: No module named 'ingestion'","logger":"airflow.dag_processing.dagbag.BundleDagBag","filename":"dagbag.py","lineno":319}
{"timestamp":"2026-08-25T18:54:40.465514Z","level":"info","event":"Filling up the DagBag from /opt/airflow/dags/orchestrate.py","logger":"airflow.dag_processing.dagbag.BundleDagBag","filename":"dagbag.py","lineno":460}
{"timestamp":"2026-08-25T18:54:40.575517Z","level":"error","event":"Failed to import: /opt/airflow/dags/orchestrate.py","logger":"airflow.dag_processing.importers.python_importer","filename":"python_importer.py","lineno":244,"error_detail":[{"exc_type":"ModuleNotFoundError","exc_value":"No module named 'ingestion'","exc_notes":[],"syntax_error":null,"is_cause":false,"frames":[{"filename":"/home/airflow/.local/lib/python3.13/site-packages/airflow/dag_processing/importers/python_importer.py","lineno":238,"name":"parse"},{"filename":"<frozen importlib._bootstrap_external>","lineno":1023,"name":"exec_module"},{"filename":"<frozen importlib._bootstrap>","lineno":488,"name":"_call_with_frames_removed"},{"filename":"/opt/airflow/dags/orchestrate.py","lineno":2,"name":"<module>"}],"is_group":false,"exceptions":[]}]}
{"timestamp":"2026-08-25T18:54:40.582912Z","level":"error","event":"Error loading DAG from orchestrate.py: No module named 'ingestion'","logger":"airflow.dag_processing.dagbag.BundleDagBag","filename":"dagbag.py","lineno":319}
{"timestamp":"2026-08-25T18:55:11.179328Z","level":"info","event":"Filling up the DagBag from /opt/airflow/dags/orchestrate.py","logger":"airflow.dag_processing.dagbag.BundleDagBag","filename":"dagbag.py","lineno":460}
{"timestamp":"2026-08-25T18:55:11.244514Z","level":"error","event":"Failed to import: /opt/airflow/dags/orchestrate.py","logger":"airflow.dag_processing.importers.python_importer","filename":"python_importer.py","lineno":244,"error_detail":[{"exc_type":"ModuleNotFoundError","exc_value":"No module named 'ingestion'","exc_notes":[],"syntax_error":null,"is_cause":false,"frames":[{"filename":"/home/airflow/.local/lib/python3.13/site-packages/airflow/dag_processing/importers/python_importer.py","lineno":238,"name":"parse"},{"filename":"<frozen importlib._bootstrap_external>","lineno":1023,"name":"exec_module"},{"filename":"<frozen importlib._bootstrap>","lineno":488,"name":"_call_with_frames_removed"},{"filename":"/opt/airflow/dags/orchestrate.py","lineno":2,"name":"<module>"}],"is_group":false,"exceptions":[]}]}
{"timestamp":"2026-08-25T18:55:11.251249Z","level":"error","event":"Error loading DAG from orchestrate.py: No module named 'ingestion'","logger":"airflow.dag_processing.dagbag.BundleDagBag","filename":"dagbag.py","lineno":319}
{"timestamp":"2026-08-25T18:55:41.762582Z","level":"info","event":"Filling up the DagBag from /opt/airflow/dags/orchestrate.py","logger":"airflow.dag_processing.dagbag.BundleDagBag","filename":"dagbag.py","lineno":460}
{"timestamp":"2026-08-25T18:55:41.824866Z","level":"error","event":"Failed to import: /opt/airflow/dags/orchestrate.py","logger":"airflow.dag_processing.importers.python_importer","filename":"python_importer.py","lineno":244,"error_detail":[{"exc_type":"ModuleNotFoundError","exc_value":"No module named 'ingestion'","exc_notes":[],"syntax_error":null,"is_cause":false,"frames":[{"filename":"/home/airflow/.local/lib/python3.13/site-packages/airflow/dag_processing/importers/python_importer.py","lineno":238,"name":"parse"},{"filename":"<frozen importlib._bootstrap_external>","lineno":1023,"name":"exec_module"},{"filename":"<frozen importlib._bootstrap>","lineno":488,"name":"_call_with_frames_removed"},{"filename":"/opt/airflow/dags/orchestrate.py","lineno":2,"name":"<module>"}],"is_group":false,"exceptions":[]}]}
{"timestamp":"2026-08-25T18:55:41.833538Z","level":"error","event":"Error loading DAG from orchestrate.py: No module named 'ingestion'","logger":"airflow.dag_processing.dagbag.BundleDagBag","filename":"dagbag.py","lineno":319}
{"timestamp":"2026-08-25T18:56:12.471400Z","level":"info","event":"Filling up the DagBag from /opt/airflow/dags/orchestrate.py","logger":"airflow.dag_processing.dagbag.BundleDagBag","filename":"dagbag.py","lineno":460}
{"timestamp":"2026-08-25T18:56:12.533480Z","level":"error","event":"Failed to import: /opt/airflow/dags/orchestrate.py","logger":"airflow.dag_processing.importers.python_importer","filename":"python_importer.py","lineno":244,"error_detail":[{"exc_type":"ModuleNotFoundError","exc_value":"No module named 'ingestion'","exc_notes":[],"syntax_error":null,"is_cause":false,"frames":[{"filename":"/home/airflow/.local/lib/python3.13/site-packages/airflow/dag_processing/importers/python_importer.py","lineno":238,"name":"parse"},{"filename":"<frozen importlib._bootstrap_external>","lineno":1023,"name":"exec_module"},{"filename":"<frozen importlib._bootstrap>","lineno":488,"name":"_call_with_frames_removed"},{"filename":"/opt/airflow/dags/orchestrate.py","lineno":2,"name":"<module>"}],"is_group":false,"exceptions":[]}]}
{"timestamp":"2026-08-25T18:56:12.541425Z","level":"error","event":"Error loading DAG from orchestrate.py: No module named 'ingestion'","logger":"airflow.dag_processing.dagbag.BundleDagBag","filename":"dagbag.py","lineno":319}
{"timestamp":"2026-08-25T18:56:43.090812Z","level":"info","event":"Filling up the DagBag from /opt/airflow/dags/orchestrate.py","logger":"airflow.dag_processing.dagbag.BundleDagBag","filename":"dagbag.py","lineno":460}
{"timestamp":"2026-08-25T18:56:43.154101Z","level":"error","event":"Failed to import: /opt/airflow/dags/orchestrate.py","logger":"airflow.dag_processing.importers.python_importer","filename":"python_importer.py","lineno":244,"error_detail":[{"exc_type":"ModuleNotFoundError","exc_value":"No module named 'ingestion'","exc_notes":[],"syntax_error":null,"is_cause":false,"frames":[{"filename":"/home/airflow/.local/lib/python3.13/site-packages/airflow/dag_processing/importers/python_importer.py","lineno":238,"name":"parse"},{"filename":"<frozen importlib._bootstrap_external>","lineno":1023,"name":"exec_module"},{"filename":"<frozen importlib._bootstrap>","lineno":488,"name":"_call_with_frames_removed"},{"filename":"/opt/airflow/dags/orchestrate.py","lineno":2,"name":"<module>"}],"is_group":false,"exceptions":[]}]}
{"timestamp":"2026-08-25T18:56:43.161771Z","level":"error","event":"Error loading DAG from orchestrate.py: No module named 'ingestion'","logger":"airflow.dag_processing.dagbag.BundleDagBag","filename":"dagbag.py","lineno":319}
{"timestamp":"2026-08-25T18:57:13.692325Z","level":"info","event":"Filling up the DagBag from /opt/airflow/dags/orchestrate.py","logger":"airflow.dag_processing.dagbag.BundleDagBag","filename":"dagbag.py","lineno":460}
{"timestamp":"2026-08-25T18:57:13.768297Z","level":"error","event":"Failed to import: /opt/airflow/dags/orchestrate.py","logger":"airflow.dag_processing.importers.python_importer","filename":"python_importer.py","lineno":244,"error_detail":[{"exc_type":"ModuleNotFoundError","exc_value":"No module named 'ingestion'","exc_notes":[],"syntax_error":null,"is_cause":false,"frames":[{"filename":"/home/airflow/.local/lib/python3.13/site-packages/airflow/dag_processing/importers/python_importer.py","lineno":238,"name":"parse"},{"filename":"<frozen importlib._bootstrap_external>","lineno":1023,"name":"exec_module"},{"filename":"<frozen importlib._bootstrap>","lineno":488,"name":"_call_with_frames_removed"},{"filename":"/opt/airflow/dags/orchestrate.py","lineno":2,"name":"<module>"}],"is_group":false,"exceptions":[]}]}
{"timestamp":"2026-08-25T18:57:13.776939Z","level":"error","event":"Error loading DAG from orchestrate.py: No module named 'ingestion'","logger":"airflow.dag_processing.dagbag.BundleDagBag","filename":"dagbag.py","lineno":319}
{"timestamp":"2026-08-25T18:57:44.346578Z","level":"info","event":"Filling up the DagBag from /opt/airflow/dags/orchestrate.py","logger":"airflow.dag_processing.dagbag.BundleDagBag","filename":"dagbag.py","lineno":460}
{"timestamp":"2026-08-25T18:57:44.420941Z","level":"error","event":"Failed to import: /opt/airflow/dags/orchestrate.py","logger":"airflow.dag_processing.importers.python_importer","filename":"python_importer.py","lineno":244,"error_detail":[{"exc_type":"ModuleNotFoundError","exc_value":"No module named 'ingestion'","exc_notes":[],"syntax_error":null,"is_cause":false,"frames":[{"filename":"/home/airflow/.local/lib/python3.13/site-packages/airflow/dag_processing/importers/python_importer.py","lineno":238,"name":"parse"},{"filename":"<frozen importlib._bootstrap_external>","lineno":1023,"name":"exec_module"},{"filename":"<frozen importlib._bootstrap>","lineno":488,"name":"_call_with_frames_removed"},{"filename":"/opt/airflow/dags/orchestrate.py","lineno":2,"name":"<module>"}],"is_group":false,"exceptions":[]}]}
{"timestamp":"2026-08-25T18:57:44.428886Z","level":"error","event":"Error loading DAG from orchestrate.py: No module named 'ingestion'","logger":"airflow.dag_processing.dagbag.BundleDagBag","filename":"dagbag.py","lineno":319}
{"timestamp":"2026-08-25T18:58:14.933902Z","level":"info","event":"Filling up the DagBag from /opt/airflow/dags/orchestrate.py","logger":"airflow.dag_processing.dagbag.BundleDagBag","filename":"dagbag.py","lineno":460}
{"timestamp":"2026-08-25T18:58:14.996815Z","level":"error","event":"Failed to import: /opt/airflow/dags/orchestrate.py","logger":"airflow.dag_processing.importers.python_importer","filename":"python_importer.py","lineno":244,"error_detail":[{"exc_type":"ModuleNotFoundError","exc_value":"No module named 'ingestion'","exc_notes":[],"syntax_error":null,"is_cause":false,"frames":[{"filename":"/home/airflow/.local/lib/python3.13/site-packages/airflow/dag_processing/importers/python_importer.py","lineno":238,"name":"parse"},{"filename":"<frozen importlib._bootstrap_external>","lineno":1023,"name":"exec_module"},{"filename":"<frozen importlib._bootstrap>","lineno":488,"name":"_call_with_frames_removed"},{"filename":"/opt/airflow/dags/orchestrate.py","lineno":2,"name":"<module>"}],"is_group":false,"exceptions":[]}]}
{"timestamp":"2026-08-25T18:58:15.005463Z","level":"error","event":"Error loading DAG from orchestrate.py: No module named 'ingestion'","logger":"airflow.dag_processing.dagbag.BundleDagBag","filename":"dagbag.py","lineno":319}
{"timestamp":"2026-08-25T18:58:45.548066Z","level":"info","event":"Filling up the DagBag from /opt/airflow/dags/orchestrate.py","logger":"airflow.dag_processing.dagbag.BundleDagBag","filename":"dagbag.py","lineno":460}
{"timestamp":"2026-08-25T18:58:45.605046Z","level":"error","event":"Failed to import: /opt/airflow/dags/orchestrate.py","logger":"airflow.dag_processing.importers.python_importer","filename":"python_importer.py","lineno":244,"error_detail":[{"exc_type":"ModuleNotFoundError","exc_value":"No module named 'ingestion'","exc_notes":[],"syntax_error":null,"is_cause":false,"frames":[{"filename":"/home/airflow/.local/lib/python3.13/site-packages/airflow/dag_processing/importers/python_importer.py","lineno":238,"name":"parse"},{"filename":"<frozen importlib._bootstrap_external>","lineno":1023,"name":"exec_module"},{"filename":"<frozen importlib._bootstrap>","lineno":488,"name":"_call_with_frames_removed"},{"filename":"/opt/airflow/dags/orchestrate.py","lineno":2,"name":"<module>"}],"is_group":false,"exceptions":[]}]}
{"timestamp":"2026-08-25T18:58:45.612958Z","level":"error","event":"Error loading DAG from orchestrate.py: No module named 'ingestion'","logger":"airflow.dag_processing.dagbag.BundleDagBag","filename":"dagbag.py","lineno":319}
{"timestamp":"2026-08-25T18:59:16.134697Z","level":"info","event":"Filling up the DagBag from /opt/airflow/dags/orchestrate.py","logger":"airflow.dag_processing.dagbag.BundleDagBag","filename":"dagbag.py","lineno":460}
{"timestamp":"2026-08-25T18:59:16.192600Z","level":"error","event":"Failed to import: /opt/airflow/dags/orchestrate.py","logger":"airflow.dag_processing.importers.python_importer","filename":"python_importer.py","lineno":244,"error_detail":[{"exc_type":"ModuleNotFoundError","exc_value":"No module named 'ingestion'","exc_notes":[],"syntax_error":null,"is_cause":false,"frames":[{"filename":"/home/airflow/.local/lib/python3.13/site-packages/airflow/dag_processing/importers/python_importer.py","lineno":238,"name":"parse"},{"filename":"<frozen importlib._bootstrap_external>","lineno":1023,"name":"exec_module"},{"filename":"<frozen importlib._bootstrap>","lineno":488,"name":"_call_with_frames_removed"},{"filename":"/opt/airflow/dags/orchestrate.py","lineno":2,"name":"<module>"}],"is_group":false,"exceptions":[]}]}
{"timestamp":"2026-08-25T18:59:16.200171Z","level":"error","event":"Error loading DAG from orchestrate.py: No module named 'ingestion'","logger":"airflow.dag_processing.dagbag.BundleDagBag","filename":"dagbag.py","lineno":319}
{"timestamp":"2026-08-25T18:59:46.761346Z","level":"info","event":"Filling up the DagBag from /opt/airflow/dags/orchestrate.py","logger":"airflow.dag_processing.dagbag.BundleDagBag","filename":"dagbag.py","lineno":460}
{"timestamp":"2026-08-25T18:59:46.812188Z","level":"error","event":"Failed to import: /opt/airflow/dags/orchestrate.py","logger":"airflow.dag_processing.importers.python_importer","filename":"python_importer.py","lineno":244,"error_detail":[{"exc_type":"ModuleNotFoundError","exc_value":"No module named 'ingestion'","exc_notes":[],"syntax_error":null,"is_cause":false,"frames":[{"filename":"/home/airflow/.local/lib/python3.13/site-packages/airflow/dag_processing/importers/python_importer.py","lineno":238,"name":"parse"},{"filename":"<frozen importlib._bootstrap_external>","lineno":1023,"name":"exec_module"},{"filename":"<frozen importlib._bootstrap>","lineno":488,"name":"_call_with_frames_removed"},{"filename":"/opt/airflow/dags/orchestrate.py","lineno":2,"name":"<module>"}],"is_group":false,"exceptions":[]}]}
{"timestamp":"2026-08-25T18:59:46.817906Z","level":"error","event":"Error loading DAG from orchestrate.py: No module named 'ingestion'","logger":"airflow.dag_processing.dagbag.BundleDagBag","filename":"dagbag.py","lineno":319}
{"timestamp":"2026-08-25T19:00:17.351552Z","level":"info","event":"Filling up the DagBag from /opt/airflow/dags/orchestrate.py","logger":"airflow.dag_processing.dagbag.BundleDagBag","filename":"dagbag.py","lineno":460}
{"timestamp":"2026-08-25T19:00:17.409934Z","level":"error","event":"Failed to import: /opt/airflow/dags/orchestrate.py","logger":"airflow.dag_processing.importers.python_importer","filename":"python_importer.py","lineno":244,"error_detail":[{"exc_type":"ModuleNotFoundError","exc_value":"No module named 'ingestion'","exc_notes":[],"syntax_error":null,"is_cause":false,"frames":[{"filename":"/home/airflow/.local/lib/python3.13/site-packages/airflow/dag_processing/importers/python_importer.py","lineno":238,"name":"parse"},{"filename":"<frozen importlib._bootstrap_external>","lineno":1023,"name":"exec_module"},{"filename":"<frozen importlib._bootstrap>","lineno":488,"name":"_call_with_frames_removed"},{"filename":"/opt/airflow/dags/orchestrate.py","lineno":2,"name":"<module>"}],"is_group":false,"exceptions":[]}]}
{"timestamp":"2026-08-25T19:00:17.418857Z","level":"error","event":"Error loading DAG from orchestrate.py: No module named 'ingestion'","logger":"airflow.dag_processing.dagbag.BundleDagBag","filename":"dagbag.py","lineno":319}
{"timestamp":"2026-08-25T19:00:48.003038Z","level":"info","event":"Filling up the DagBag from /opt/airflow/dags/orchestrate.py","logger":"airflow.dag_processing.dagbag.BundleDagBag","filename":"dagbag.py","lineno":460}
{"timestamp":"2026-08-25T19:00:48.086580Z","level":"error","event":"Failed to import: /opt/airflow/dags/orchestrate.py","logger":"airflow.dag_processing.importers.python_importer","filename":"python_importer.py","lineno":244,"error_detail":[{"exc_type":"ModuleNotFoundError","exc_value":"No module named 'ingestion'","exc_notes":[],"syntax_error":null,"is_cause":false,"frames":[{"filename":"/home/airflow/.local/lib/python3.13/site-packages/airflow/dag_processing/importers/python_importer.py","lineno":238,"name":"parse"},{"filename":"<frozen importlib._bootstrap_external>","lineno":1023,"name":"exec_module"},{"filename":"<frozen importlib._bootstrap>","lineno":488,"name":"_call_with_frames_removed"},{"filename":"/opt/airflow/dags/orchestrate.py","lineno":2,"name":"<module>"}],"is_group":false,"exceptions":[]}]}
{"timestamp":"2026-08-25T19:00:48.094163Z","level":"error","event":"Error loading DAG from orchestrate.py: No module named 'ingestion'","logger":"airflow.dag_processing.dagbag.BundleDagBag","filename":"dagbag.py","lineno":319}
{"timestamp":"2026-08-25T19:01:18.643203Z","level":"info","event":"Filling up the DagBag from /opt/airflow/dags/orchestrate.py","logger":"airflow.dag_processing.dagbag.BundleDagBag","filename":"dagbag.py","lineno":460}
{"timestamp":"2026-08-25T19:01:18.707332Z","level":"error","event":"Failed to import: /opt/airflow/dags/orchestrate.py","logger":"airflow.dag_processing.importers.python_importer","filename":"python_importer.py","lineno":244,"error_detail":[{"exc_type":"ModuleNotFoundError","exc_value":"No module named 'ingestion'","exc_notes":[],"syntax_error":null,"is_cause":false,"frames":[{"filename":"/home/airflow/.local/lib/python3.13/site-packages/airflow/dag_processing/importers/python_importer.py","lineno":238,"name":"parse"},{"filename":"<frozen importlib._bootstrap_external>","lineno":1023,"name":"exec_module"},{"filename":"<frozen importlib._bootstrap>","lineno":488,"name":"_call_with_frames_removed"},{"filename":"/opt/airflow/dags/orchestrate.py","lineno":2,"name":"<module>"}],"is_group":false,"exceptions":[]}]}
{"timestamp":"2026-08-25T19:01:18.715537Z","level":"error","event":"Error loading DAG from orchestrate.py: No module named 'ingestion'","logger":"airflow.dag_processing.dagbag.BundleDagBag","filename":"dagbag.py","lineno":319}
{"timestamp":"2026-08-25T19:01:49.335932Z","level":"info","event":"Filling up the DagBag from /opt/airflow/dags/orchestrate.py","logger":"airflow.dag_processing.dagbag.BundleDagBag","filename":"dagbag.py","lineno":460}
{"timestamp":"2026-08-25T19:01:49.404003Z","level":"error","event":"Failed to import: /opt/airflow/dags/orchestrate.py","logger":"airflow.dag_processing.importers.python_importer","filename":"python_importer.py","lineno":244,"error_detail":[{"exc_type":"ModuleNotFoundError","exc_value":"No module named 'ingestion'","exc_notes":[],"syntax_error":null,"is_cause":false,"frames":[{"filename":"/home/airflow/.local/lib/python3.13/site-packages/airflow/dag_processing/importers/python_importer.py","lineno":238,"name":"parse"},{"filename":"<frozen importlib._bootstrap_external>","lineno":1023,"name":"exec_module"},{"filename":"<frozen importlib._bootstrap>","lineno":488,"name":"_call_with_frames_removed"},{"filename":"/opt/airflow/dags/orchestrate.py","lineno":2,"name":"<module>"}],"is_group":false,"exceptions":[]}]}
{"timestamp":"2026-08-25T19:01:49.411945Z","level":"error","event":"Error loading DAG from orchestrate.py: No module named 'ingestion'","logger":"airflow.dag_processing.dagbag.BundleDagBag","filename":"dagbag.py","lineno":319}
{"timestamp":"2026-08-25T19:02:19.998844Z","level":"info","event":"Filling up the DagBag from /opt/airflow/dags/orchestrate.py","logger":"airflow.dag_processing.dagbag.BundleDagBag","filename":"dagbag.py","lineno":460}
{"timestamp":"2026-08-25T19:02:20.065736Z","level":"error","event":"Failed to import: /opt/airflow/dags/orchestrate.py","logger":"airflow.dag_processing.importers.python_importer","filename":"python_importer.py","lineno":244,"error_detail":[{"exc_type":"ModuleNotFoundError","exc_value":"No module named 'ingestion'","exc_notes":[],"syntax_error":null,"is_cause":false,"frames":[{"filename":"/home/airflow/.local/lib/python3.13/site-packages/airflow/dag_processing/importers/python_importer.py","lineno":238,"name":"parse"},{"filename":"<frozen importlib._bootstrap_external>","lineno":1023,"name":"exec_module"},{"filename":"<frozen importlib._bootstrap>","lineno":488,"name":"_call_with_frames_removed"},{"filename":"/opt/airflow/dags/orchestrate.py","lineno":2,"name":"<module>"}],"is_group":false,"exceptions":[]}]}
{"timestamp":"2026-08-25T19:02:20.073328Z","level":"error","event":"Error loading DAG from orchestrate.py: No module named 'ingestion'","logger":"airflow.dag_processing.dagbag.BundleDagBag","filename":"dagbag.py","lineno":319}
{"timestamp":"2026-08-25T19:02:50.671180Z","level":"info","event":"Filling up the DagBag from /opt/airflow/dags/orchestrate.py","logger":"airflow.dag_processing.dagbag.BundleDagBag","filename":"dagbag.py","lineno":460}
{"timestamp":"2026-08-25T19:02:50.729224Z","level":"error","event":"Failed to import: /opt/airflow/dags/orchestrate.py","logger":"airflow.dag_processing.importers.python_importer","filename":"python_importer.py","lineno":244,"error_detail":[{"exc_type":"ModuleNotFoundError","exc_value":"No module named 'ingestion'","exc_notes":[],"syntax_error":null,"is_cause":false,"frames":[{"filename":"/home/airflow/.local/lib/python3.13/site-packages/airflow/dag_processing/importers/python_importer.py","lineno":238,"name":"parse"},{"filename":"<frozen importlib._bootstrap_external>","lineno":1023,"name":"exec_module"},{"filename":"<frozen importlib._bootstrap>","lineno":488,"name":"_call_with_frames_removed"},{"filename":"/opt/airflow/dags/orchestrate.py","lineno":2,"name":"<module>"}],"is_group":false,"exceptions":[]}]}
{"timestamp":"2026-08-25T19:02:50.738423Z","level":"error","event":"Error loading DAG from orchestrate.py: No module named 'ingestion'","logger":"airflow.dag_processing.dagbag.BundleDagBag","filename":"dagbag.py","lineno":319}
{"timestamp":"2026-08-25T19:03:21.298140Z","level":"info","event":"Filling up the DagBag from /opt/airflow/dags/orchestrate.py","logger":"airflow.dag_processing.dagbag.BundleDagBag","filename":"dagbag.py","lineno":460}
{"timestamp":"2026-08-25T19:03:21.357492Z","level":"error","event":"Failed to import: /opt/airflow/dags/orchestrate.py","logger":"airflow.dag_processing.importers.python_importer","filename":"python_importer.py","lineno":244,"error_detail":[{"exc_type":"ModuleNotFoundError","exc_value":"No module named 'ingestion'","exc_notes":[],"syntax_error":null,"is_cause":false,"frames":[{"filename":"/home/airflow/.local/lib/python3.13/site-packages/airflow/dag_processing/importers/python_importer.py","lineno":238,"name":"parse"},{"filename":"<frozen importlib._bootstrap_external>","lineno":1023,"name":"exec_module"},{"filename":"<frozen importlib._bootstrap>","lineno":488,"name":"_call_with_frames_removed"},{"filename":"/opt/airflow/dags/orchestrate.py","lineno":2,"name":"<module>"}],"is_group":false,"exceptions":[]}]}
{"timestamp":"2026-08-25T19:03:21.366043Z","level":"error","event":"Error loading DAG from orchestrate.py: No module named 'ingestion'","logger":"airflow.dag_processing.dagbag.BundleDagBag","filename":"dagbag.py","lineno":319}
{"timestamp":"2026-08-25T19:03:51.920341Z","level":"info","event":"Filling up the DagBag from /opt/airflow/dags/orchestrate.py","logger":"airflow.dag_processing.dagbag.BundleDagBag","filename":"dagbag.py","lineno":460}
{"timestamp":"2026-08-25T19:03:52.000357Z","level":"error","event":"Failed to import: /opt/airflow/dags/orchestrate.py","logger":"airflow.dag_processing.importers.python_importer","filename":"python_importer.py","lineno":244,"error_detail":[{"exc_type":"ModuleNotFoundError","exc_value":"No module named 'ingestion'","exc_notes":[],"syntax_error":null,"is_cause":false,"frames":[{"filename":"/home/airflow/.local/lib/python3.13/site-packages/airflow/dag_processing/importers/python_importer.py","lineno":238,"name":"parse"},{"filename":"<frozen importlib._bootstrap_external>","lineno":1023,"name":"exec_module"},{"filename":"<frozen importlib._bootstrap>","lineno":488,"name":"_call_with_frames_removed"},{"filename":"/opt/airflow/dags/orchestrate.py","lineno":2,"name":"<module>"}],"is_group":false,"exceptions":[]}]}
{"timestamp":"2026-08-25T19:03:52.036232Z","level":"error","event":"Error loading DAG from orchestrate.py: No module named 'ingestion'","logger":"airflow.dag_processing.dagbag.BundleDagBag","filename":"dagbag.py","lineno":319}
{"timestamp":"2026-08-25T19:04:22.572814Z","level":"info","event":"Filling up the DagBag from /opt/airflow/dags/orchestrate.py","logger":"airflow.dag_processing.dagbag.BundleDagBag","filename":"dagbag.py","lineno":460}
{"timestamp":"2026-08-25T19:04:22.623509Z","level":"error","event":"Failed to import: /opt/airflow/dags/orchestrate.py","logger":"airflow.dag_processing.importers.python_importer","filename":"python_importer.py","lineno":244,"error_detail":[{"exc_type":"ModuleNotFoundError","exc_value":"No module named 'ingestion'","exc_notes":[],"syntax_error":null,"is_cause":false,"frames":[{"filename":"/home/airflow/.local/lib/python3.13/site-packages/airflow/dag_processing/importers/python_importer.py","lineno":238,"name":"parse"},{"filename":"<frozen importlib._bootstrap_external>","lineno":1023,"name":"exec_module"},{"filename":"<frozen importlib._bootstrap>","lineno":488,"name":"_call_with_frames_removed"},{"filename":"/opt/airflow/dags/orchestrate.py","lineno":2,"name":"<module>"}],"is_group":false,"exceptions":[]}]}
{"timestamp":"2026-08-25T19:04:22.630046Z","level":"error","event":"Error loading DAG from orchestrate.py: No module named 'ingestion'","logger":"airflow.dag_processing.dagbag.BundleDagBag","filename":"dagbag.py","lineno":319}
{"timestamp":"2026-08-25T19:04:53.184342Z","level":"info","event":"Filling up the DagBag from /opt/airflow/dags/orchestrate.py","logger":"airflow.dag_processing.dagbag.BundleDagBag","filename":"dagbag.py","lineno":460}
{"timestamp":"2026-08-25T19:04:53.248823Z","level":"error","event":"Failed to import: /opt/airflow/dags/orchestrate.py","logger":"airflow.dag_processing.importers.python_importer","filename":"python_importer.py","lineno":244,"error_detail":[{"exc_type":"ModuleNotFoundError","exc_value":"No module named 'ingestion'","exc_notes":[],"syntax_error":null,"is_cause":false,"frames":[{"filename":"/home/airflow/.local/lib/python3.13/site-packages/airflow/dag_processing/importers/python_importer.py","lineno":238,"name":"parse"},{"filename":"<frozen importlib._bootstrap_external>","lineno":1023,"name":"exec_module"},{"filename":"<frozen importlib._bootstrap>","lineno":488,"name":"_call_with_frames_removed"},{"filename":"/opt/airflow/dags/orchestrate.py","lineno":2,"name":"<module>"}],"is_group":false,"exceptions":[]}]}
{"timestamp":"2026-08-25T19:04:53.257460Z","level":"error","event":"Error loading DAG from orchestrate.py: No module named 'ingestion'","logger":"airflow.dag_processing.dagbag.BundleDagBag","filename":"dagbag.py","lineno":319}
{"timestamp":"2026-08-25T19:05:23.790971Z","level":"info","event":"Filling up the DagBag from /opt/airflow/dags/orchestrate.py","logger":"airflow.dag_processing.dagbag.BundleDagBag","filename":"dagbag.py","lineno":460}
{"timestamp":"2026-08-25T19:05:23.854120Z","level":"error","event":"Failed to import: /opt/airflow/dags/orchestrate.py","logger":"airflow.dag_processing.importers.python_importer","filename":"python_importer.py","lineno":244,"error_detail":[{"exc_type":"ModuleNotFoundError","exc_value":"No module named 'ingestion'","exc_notes":[],"syntax_error":null,"is_cause":false,"frames":[{"filename":"/home/airflow/.local/lib/python3.13/site-packages/airflow/dag_processing/importers/python_importer.py","lineno":238,"name":"parse"},{"filename":"<frozen importlib._bootstrap_external>","lineno":1023,"name":"exec_module"},{"filename":"<frozen importlib._bootstrap>","lineno":488,"name":"_call_with_frames_removed"},{"filename":"/opt/airflow/dags/orchestrate.py","lineno":2,"name":"<module>"}],"is_group":false,"exceptions":[]}]}
{"timestamp":"2026-08-25T19:05:23.862655Z","level":"error","event":"Error loading DAG from orchestrate.py: No module named 'ingestion'","logger":"airflow.dag_processing.dagbag.BundleDagBag","filename":"dagbag.py","lineno":319}
{"timestamp":"2026-08-25T19:05:54.358956Z","level":"info","event":"Filling up the DagBag from /opt/airflow/dags/orchestrate.py","logger":"airflow.dag_processing.dagbag.BundleDagBag","filename":"dagbag.py","lineno":460}
{"timestamp":"2026-08-25T19:05:54.416754Z","level":"error","event":"Failed to import: /opt/airflow/dags/orchestrate.py","logger":"airflow.dag_processing.importers.python_importer","filename":"python_importer.py","lineno":244,"error_detail":[{"exc_type":"ModuleNotFoundError","exc_value":"No module named 'ingestion'","exc_notes":[],"syntax_error":null,"is_cause":false,"frames":[{"filename":"/home/airflow/.local/lib/python3.13/site-packages/airflow/dag_processing/importers/python_importer.py","lineno":238,"name":"parse"},{"filename":"<frozen importlib._bootstrap_external>","lineno":1023,"name":"exec_module"},{"filename":"<frozen importlib._bootstrap>","lineno":488,"name":"_call_with_frames_removed"},{"filename":"/opt/airflow/dags/orchestrate.py","lineno":2,"name":"<module>"}],"is_group":false,"exceptions":[]}]}
{"timestamp":"2026-08-25T19:05:54.426333Z","level":"error","event":"Error loading DAG from orchestrate.py: No module named 'ingestion'","logger":"airflow.dag_processing.dagbag.BundleDagBag","filename":"dagbag.py","lineno":319}
{"timestamp":"2026-08-25T19:06:24.921780Z","level":"info","event":"Filling up the DagBag from /opt/airflow/dags/orchestrate.py","logger":"airflow.dag_processing.dagbag.BundleDagBag","filename":"dagbag.py","lineno":460}
{"timestamp":"2026-08-25T19:06:24.970120Z","level":"error","event":"Failed to import: /opt/airflow/dags/orchestrate.py","logger":"airflow.dag_processing.importers.python_importer","filename":"python_importer.py","lineno":244,"error_detail":[{"exc_type":"ModuleNotFoundError","exc_value":"No module named 'ingestion'","exc_notes":[],"syntax_error":null,"is_cause":false,"frames":[{"filename":"/home/airflow/.local/lib/python3.13/site-packages/airflow/dag_processing/importers/python_importer.py","lineno":238,"name":"parse"},{"filename":"<frozen importlib._bootstrap_external>","lineno":1023,"name":"exec_module"},{"filename":"<frozen importlib._bootstrap>","lineno":488,"name":"_call_with_frames_removed"},{"filename":"/opt/airflow/dags/orchestrate.py","lineno":2,"name":"<module>"}],"is_group":false,"exceptions":[]}]}
{"timestamp":"2026-08-25T19:06:24.976638Z","level":"error","event":"Error loading DAG from orchestrate.py: No module named 'ingestion'","logger":"airflow.dag_processing.dagbag.BundleDagBag","filename":"dagbag.py","lineno":319}
{"timestamp":"2026-08-25T19:06:55.455357Z","level":"info","event":"Filling up the DagBag from /opt/airflow/dags/orchestrate.py","logger":"airflow.dag_processing.dagbag.BundleDagBag","filename":"dagbag.py","lineno":460}
{"timestamp":"2026-08-25T19:06:55.517253Z","level":"error","event":"Failed to import: /opt/airflow/dags/orchestrate.py","logger":"airflow.dag_processing.importers.python_importer","filename":"python_importer.py","lineno":244,"error_detail":[{"exc_type":"ModuleNotFoundError","exc_value":"No module named 'ingestion'","exc_notes":[],"syntax_error":null,"is_cause":false,"frames":[{"filename":"/home/airflow/.local/lib/python3.13/site-packages/airflow/dag_processing/importers/python_importer.py","lineno":238,"name":"parse"},{"filename":"<frozen importlib._bootstrap_external>","lineno":1023,"name":"exec_module"},{"filename":"<frozen importlib._bootstrap>","lineno":488,"name":"_call_with_frames_removed"},{"filename":"/opt/airflow/dags/orchestrate.py","lineno":2,"name":"<module>"}],"is_group":false,"exceptions":[]}]}
{"timestamp":"2026-08-25T19:06:55.525842Z","level":"error","event":"Error loading DAG from orchestrate.py: No module named 'ingestion'","logger":"airflow.dag_processing.dagbag.BundleDagBag","filename":"dagbag.py","lineno":319}
{"timestamp":"2026-08-25T19:07:26.043052Z","level":"info","event":"Filling up the DagBag from /opt/airflow/dags/orchestrate.py","logger":"airflow.dag_processing.dagbag.BundleDagBag","filename":"dagbag.py","lineno":460}
{"timestamp":"2026-08-25T19:07:26.102938Z","level":"error","event":"Failed to import: /opt/airflow/dags/orchestrate.py","logger":"airflow.dag_processing.importers.python_importer","filename":"python_importer.py","lineno":244,"error_detail":[{"exc_type":"ModuleNotFoundError","exc_value":"No module named 'ingestion'","exc_notes":[],"syntax_error":null,"is_cause":false,"frames":[{"filename":"/home/airflow/.local/lib/python3.13/site-packages/airflow/dag_processing/importers/python_importer.py","lineno":238,"name":"parse"},{"filename":"<frozen importlib._bootstrap_external>","lineno":1023,"name":"exec_module"},{"filename":"<frozen importlib._bootstrap>","lineno":488,"name":"_call_with_frames_removed"},{"filename":"/opt/airflow/dags/orchestrate.py","lineno":2,"name":"<module>"}],"is_group":false,"exceptions":[]}]}
{"timestamp":"2026-08-25T19:07:26.111229Z","level":"error","event":"Error loading DAG from orchestrate.py: No module named 'ingestion'","logger":"airflow.dag_processing.dagbag.BundleDagBag","filename":"dagbag.py","lineno":319}
{"timestamp":"2026-08-25T19:07:56.551550Z","level":"info","event":"Filling up the DagBag from /opt/airflow/dags/orchestrate.py","logger":"airflow.dag_processing.dagbag.BundleDagBag","filename":"dagbag.py","lineno":460}
{"timestamp":"2026-08-25T19:07:56.603555Z","level":"error","event":"Failed to import: /opt/airflow/dags/orchestrate.py","logger":"airflow.dag_processing.importers.python_importer","filename":"python_importer.py","lineno":244,"error_detail":[{"exc_type":"ModuleNotFoundError","exc_value":"No module named 'ingestion'","exc_notes":[],"syntax_error":null,"is_cause":false,"frames":[{"filename":"/home/airflow/.local/lib/python3.13/site-packages/airflow/dag_processing/importers/python_importer.py","lineno":238,"name":"parse"},{"filename":"<frozen importlib._bootstrap_external>","lineno":1023,"name":"exec_module"},{"filename":"<frozen importlib._bootstrap>","lineno":488,"name":"_call_with_frames_removed"},{"filename":"/opt/airflow/dags/orchestrate.py","lineno":2,"name":"<module>"}],"is_group":false,"exceptions":[]}]}
{"timestamp":"2026-08-25T19:07:56.609169Z","level":"error","event":"Error loading DAG from orchestrate.py: No module named 'ingestion'","logger":"airflow.dag_processing.dagbag.BundleDagBag","filename":"dagbag.py","lineno":319}
{"timestamp":"2026-08-25T19:08:27.135508Z","level":"info","event":"Filling up the DagBag from /opt/airflow/dags/orchestrate.py","logger":"airflow.dag_processing.dagbag.BundleDagBag","filename":"dagbag.py","lineno":460}
{"timestamp":"2026-08-25T19:08:27.195719Z","level":"error","event":"Failed to import: /opt/airflow/dags/orchestrate.py","logger":"airflow.dag_processing.importers.python_importer","filename":"python_importer.py","lineno":244,"error_detail":[{"exc_type":"ModuleNotFoundError","exc_value":"No module named 'ingestion'","exc_notes":[],"syntax_error":null,"is_cause":false,"frames":[{"filename":"/home/airflow/.local/lib/python3.13/site-packages/airflow/dag_processing/importers/python_importer.py","lineno":238,"name":"parse"},{"filename":"<frozen importlib._bootstrap_external>","lineno":1023,"name":"exec_module"},{"filename":"<frozen importlib._bootstrap>","lineno":488,"name":"_call_with_frames_removed"},{"filename":"/opt/airflow/dags/orchestrate.py","lineno":2,"name":"<module>"}],"is_group":false,"exceptions":[]}]}
{"timestamp":"2026-08-25T19:08:27.204554Z","level":"error","event":"Error loading DAG from orchestrate.py: No module named 'ingestion'","logger":"airflow.dag_processing.dagbag.BundleDagBag","filename":"dagbag.py","lineno":319}
{"timestamp":"2026-08-25T19:08:57.741314Z","level":"info","event":"Filling up the DagBag from /opt/airflow/dags/orchestrate.py","logger":"airflow.dag_processing.dagbag.BundleDagBag","filename":"dagbag.py","lineno":460}
{"timestamp":"2026-08-25T19:08:57.833548Z","level":"error","event":"Failed to import: /opt/airflow/dags/orchestrate.py","logger":"airflow.dag_processing.importers.python_importer","filename":"python_importer.py","lineno":244,"error_detail":[{"exc_type":"ModuleNotFoundError","exc_value":"No module named 'ingestion'","exc_notes":[],"syntax_error":null,"is_cause":false,"frames":[{"filename":"/home/airflow/.local/lib/python3.13/site-packages/airflow/dag_processing/importers/python_importer.py","lineno":238,"name":"parse"},{"filename":"<frozen importlib._bootstrap_external>","lineno":1023,"name":"exec_module"},{"filename":"<frozen importlib._bootstrap>","lineno":488,"name":"_call_with_frames_removed"},{"filename":"/opt/airflow/dags/orchestrate.py","lineno":2,"name":"<module>"}],"is_group":false,"exceptions":[]}]}
{"timestamp":"2026-08-25T19:08:57.842076Z","level":"error","event":"Error loading DAG from orchestrate.py: No module named 'ingestion'","logger":"airflow.dag_processing.dagbag.BundleDagBag","filename":"dagbag.py","lineno":319}
{"timestamp":"2026-08-25T19:09:28.307145Z","level":"info","event":"Filling up the DagBag from /opt/airflow/dags/orchestrate.py","logger":"airflow.dag_processing.dagbag.BundleDagBag","filename":"dagbag.py","lineno":460}
{"timestamp":"2026-08-25T19:09:28.366689Z","level":"error","event":"Failed to import: /opt/airflow/dags/orchestrate.py","logger":"airflow.dag_processing.importers.python_importer","filename":"python_importer.py","lineno":244,"error_detail":[{"exc_type":"ModuleNotFoundError","exc_value":"No module named 'ingestion'","exc_notes":[],"syntax_error":null,"is_cause":false,"frames":[{"filename":"/home/airflow/.local/lib/python3.13/site-packages/airflow/dag_processing/importers/python_importer.py","lineno":238,"name":"parse"},{"filename":"<frozen importlib._bootstrap_external>","lineno":1023,"name":"exec_module"},{"filename":"<frozen importlib._bootstrap>","lineno":488,"name":"_call_with_frames_removed"},{"filename":"/opt/airflow/dags/orchestrate.py","lineno":2,"name":"<module>"}],"is_group":false,"exceptions":[]}]}
{"timestamp":"2026-08-25T19:09:28.375974Z","level":"error","event":"Error loading DAG from orchestrate.py: No module named 'ingestion'","logger":"airflow.dag_processing.dagbag.BundleDagBag","filename":"dagbag.py","lineno":319}
{"timestamp":"2026-08-25T19:09:59.098237Z","level":"info","event":"Filling up the DagBag from /opt/airflow/dags/orchestrate.py","logger":"airflow.dag_processing.dagbag.BundleDagBag","filename":"dagbag.py","lineno":460}
{"timestamp":"2026-08-25T19:09:59.169845Z","level":"error","event":"Failed to import: /opt/airflow/dags/orchestrate.py","logger":"airflow.dag_processing.importers.python_importer","filename":"python_importer.py","lineno":244,"error_detail":[{"exc_type":"ModuleNotFoundError","exc_value":"No module named 'ingestion'","exc_notes":[],"syntax_error":null,"is_cause":false,"frames":[{"filename":"/home/airflow/.local/lib/python3.13/site-packages/airflow/dag_processing/importers/python_importer.py","lineno":238,"name":"parse"},{"filename":"<frozen importlib._bootstrap_external>","lineno":1023,"name":"exec_module"},{"filename":"<frozen importlib._bootstrap>","lineno":488,"name":"_call_with_frames_removed"},{"filename":"/opt/airflow/dags/orchestrate.py","lineno":2,"name":"<module>"}],"is_group":false,"exceptions":[]}]}
{"timestamp":"2026-08-25T19:09:59.178507Z","level":"error","event":"Error loading DAG from orchestrate.py: No module named 'ingestion'","logger":"airflow.dag_processing.dagbag.BundleDagBag","filename":"dagbag.py","lineno":319}
{"timestamp":"2026-08-25T19:10:29.832927Z","level":"info","event":"Filling up the DagBag from /opt/airflow/dags/orchestrate.py","logger":"airflow.dag_processing.dagbag.BundleDagBag","filename":"dagbag.py","lineno":460}
{"timestamp":"2026-08-25T19:10:29.889400Z","level":"error","event":"Failed to import: /opt/airflow/dags/orchestrate.py","logger":"airflow.dag_processing.importers.python_importer","filename":"python_importer.py","lineno":244,"error_detail":[{"exc_type":"ModuleNotFoundError","exc_value":"No module named 'ingestion'","exc_notes":[],"syntax_error":null,"is_cause":false,"frames":[{"filename":"/home/airflow/.local/lib/python3.13/site-packages/airflow/dag_processing/importers/python_importer.py","lineno":238,"name":"parse"},{"filename":"<frozen importlib._bootstrap_external>","lineno":1023,"name":"exec_module"},{"filename":"<frozen importlib._bootstrap>","lineno":488,"name":"_call_with_frames_removed"},{"filename":"/opt/airflow/dags/orchestrate.py","lineno":2,"name":"<module>"}],"is_group":false,"exceptions":[]}]}
{"timestamp":"2026-08-25T19:10:29.899375Z","level":"error","event":"Error loading DAG from orchestrate.py: No module named 'ingestion'","logger":"airflow.dag_processing.dagbag.BundleDagBag","filename":"dagbag.py","lineno":319}
{"timestamp":"2026-08-25T19:11:00.435840Z","level":"info","event":"Filling up the DagBag from /opt/airflow/dags/orchestrate.py","logger":"airflow.dag_processing.dagbag.BundleDagBag","filename":"dagbag.py","lineno":460}
{"timestamp":"2026-08-25T19:11:00.497151Z","level":"error","event":"Failed to import: /opt/airflow/dags/orchestrate.py","logger":"airflow.dag_processing.importers.python_importer","filename":"python_importer.py","lineno":244,"error_detail":[{"exc_type":"ModuleNotFoundError","exc_value":"No module named 'ingestion'","exc_notes":[],"syntax_error":null,"is_cause":false,"frames":[{"filename":"/home/airflow/.local/lib/python3.13/site-packages/airflow/dag_processing/importers/python_importer.py","lineno":238,"name":"parse"},{"filename":"<frozen importlib._bootstrap_external>","lineno":1023,"name":"exec_module"},{"filename":"<frozen importlib._bootstrap>","lineno":488,"name":"_call_with_frames_removed"},{"filename":"/opt/airflow/dags/orchestrate.py","lineno":2,"name":"<module>"}],"is_group":false,"exceptions":[]}]}
{"timestamp":"2026-08-25T19:11:00.504309Z","level":"error","event":"Error loading DAG from orchestrate.py: No module named 'ingestion'","logger":"airflow.dag_processing.dagbag.BundleDagBag","filename":"dagbag.py","lineno":319}
{"timestamp":"2026-08-25T19:11:30.973317Z","level":"info","event":"Filling up the DagBag from /opt/airflow/dags/orchestrate.py","logger":"airflow.dag_processing.dagbag.BundleDagBag","filename":"dagbag.py","lineno":460}
{"timestamp":"2026-08-25T19:11:31.020343Z","level":"error","event":"Failed to import: /opt/airflow/dags/orchestrate.py","logger":"airflow.dag_processing.importers.python_importer","filename":"python_importer.py","lineno":244,"error_detail":[{"exc_type":"ModuleNotFoundError","exc_value":"No module named 'ingestion'","exc_notes":[],"syntax_error":null,"is_cause":false,"frames":[{"filename":"/home/airflow/.local/lib/python3.13/site-packages/airflow/dag_processing/importers/python_importer.py","lineno":238,"name":"parse"},{"filename":"<frozen importlib._bootstrap_external>","lineno":1023,"name":"exec_module"},{"filename":"<frozen importlib._bootstrap>","lineno":488,"name":"_call_with_frames_removed"},{"filename":"/opt/airflow/dags/orchestrate.py","lineno":2,"name":"<module>"}],"is_group":false,"exceptions":[]}]}
{"timestamp":"2026-08-25T19:11:31.024388Z","level":"error","event":"Error loading DAG from orchestrate.py: No module named 'ingestion'","logger":"airflow.dag_processing.dagbag.BundleDagBag","filename":"dagbag.py","lineno":319}
{"timestamp":"2026-08-25T19:12:01.555186Z","level":"info","event":"Filling up the DagBag from /opt/airflow/dags/orchestrate.py","logger":"airflow.dag_processing.dagbag.BundleDagBag","filename":"dagbag.py","lineno":460}
{"timestamp":"2026-08-25T19:12:01.619176Z","level":"error","event":"Failed to import: /opt/airflow/dags/orchestrate.py","logger":"airflow.dag_processing.importers.python_importer","filename":"python_importer.py","lineno":244,"error_detail":[{"exc_type":"ModuleNotFoundError","exc_value":"No module named 'ingestion'","exc_notes":[],"syntax_error":null,"is_cause":false,"frames":[{"filename":"/home/airflow/.local/lib/python3.13/site-packages/airflow/dag_processing/importers/python_importer.py","lineno":238,"name":"parse"},{"filename":"<frozen importlib._bootstrap_external>","lineno":1023,"name":"exec_module"},{"filename":"<frozen importlib._bootstrap>","lineno":488,"name":"_call_with_frames_removed"},{"filename":"/opt/airflow/dags/orchestrate.py","lineno":2,"name":"<module>"}],"is_group":false,"exceptions":[]}]}
{"timestamp":"2026-08-25T19:12:01.625273Z","level":"error","event":"Error loading DAG from orchestrate.py: No module named 'ingestion'","logger":"airflow.dag_processing.dagbag.BundleDagBag","filename":"dagbag.py","lineno":319}
{"timestamp":"2026-08-25T19:12:32.144027Z","level":"info","event":"Filling up the DagBag from /opt/airflow/dags/orchestrate.py","logger":"airflow.dag_processing.dagbag.BundleDagBag","filename":"dagbag.py","lineno":460}
{"timestamp":"2026-08-25T19:12:32.217689Z","level":"error","event":"Failed to import: /opt/airflow/dags/orchestrate.py","logger":"airflow.dag_processing.importers.python_importer","filename":"python_importer.py","lineno":244,"error_detail":[{"exc_type":"ModuleNotFoundError","exc_value":"No module named 'ingestion'","exc_notes":[],"syntax_error":null,"is_cause":false,"frames":[{"filename":"/home/airflow/.local/lib/python3.13/site-packages/airflow/dag_processing/importers/python_importer.py","lineno":238,"name":"parse"},{"filename":"<frozen importlib._bootstrap_external>","lineno":1023,"name":"exec_module"},{"filename":"<frozen importlib._bootstrap>","lineno":488,"name":"_call_with_frames_removed"},{"filename":"/opt/airflow/dags/orchestrate.py","lineno":2,"name":"<module>"}],"is_group":false,"exceptions":[]}]}
{"timestamp":"2026-08-25T19:12:32.226143Z","level":"error","event":"Error loading DAG from orchestrate.py: No module named 'ingestion'","logger":"airflow.dag_processing.dagbag.BundleDagBag","filename":"dagbag.py","lineno":319}
{"timestamp":"2026-08-25T19:13:02.760563Z","level":"info","event":"Filling up the DagBag from /opt/airflow/dags/orchestrate.py","logger":"airflow.dag_processing.dagbag.BundleDagBag","filename":"dagbag.py","lineno":460}
{"timestamp":"2026-08-25T19:13:02.829906Z","level":"error","event":"Failed to import: /opt/airflow/dags/orchestrate.py","logger":"airflow.dag_processing.importers.python_importer","filename":"python_importer.py","lineno":244,"error_detail":[{"exc_type":"ModuleNotFoundError","exc_value":"No module named 'ingestion'","exc_notes":[],"syntax_error":null,"is_cause":false,"frames":[{"filename":"/home/airflow/.local/lib/python3.13/site-packages/airflow/dag_processing/importers/python_importer.py","lineno":238,"name":"parse"},{"filename":"<frozen importlib._bootstrap_external>","lineno":1023,"name":"exec_module"},{"filename":"<frozen importlib._bootstrap>","lineno":488,"name":"_call_with_frames_removed"},{"filename":"/opt/airflow/dags/orchestrate.py","lineno":2,"name":"<module>"}],"is_group":false,"exceptions":[]}]}
{"timestamp":"2026-08-25T19:13:02.838108Z","level":"error","event":"Error loading DAG from orchestrate.py: No module named 'ingestion'","logger":"airflow.dag_processing.dagbag.BundleDagBag","filename":"dagbag.py","lineno":319}
{"timestamp":"2026-08-25T19:13:33.330572Z","level":"info","event":"Filling up the DagBag from /opt/airflow/dags/orchestrate.py","logger":"airflow.dag_processing.dagbag.BundleDagBag","filename":"dagbag.py","lineno":460}
{"timestamp":"2026-08-25T19:13:33.393020Z","level":"error","event":"Failed to import: /opt/airflow/dags/orchestrate.py","logger":"airflow.dag_processing.importers.python_importer","filename":"python_importer.py","lineno":244,"error_detail":[{"exc_type":"ModuleNotFoundError","exc_value":"No module named 'ingestion'","exc_notes":[],"syntax_error":null,"is_cause":false,"frames":[{"filename":"/home/airflow/.local/lib/python3.13/site-packages/airflow/dag_processing/importers/python_importer.py","lineno":238,"name":"parse"},{"filename":"<frozen importlib._bootstrap_external>","lineno":1023,"name":"exec_module"},{"filename":"<frozen importlib._bootstrap>","lineno":488,"name":"_call_with_frames_removed"},{"filename":"/opt/airflow/dags/orchestrate.py","lineno":2,"name":"<module>"}],"is_group":false,"exceptions":[]}]}
{"timestamp":"2026-08-25T19:13:33.401862Z","level":"error","event":"Error loading DAG from orchestrate.py: No module named 'ingestion'","logger":"airflow.dag_processing.dagbag.BundleDagBag","filename":"dagbag.py","lineno":319}
{"timestamp":"2026-08-25T19:14:03.879512Z","level":"info","event":"Filling up the DagBag from /opt/airflow/dags/orchestrate.py","logger":"airflow.dag_processing.dagbag.BundleDagBag","filename":"dagbag.py","lineno":460}
{"timestamp":"2026-08-25T19:14:03.939940Z","level":"error","event":"Failed to import: /opt/airflow/dags/orchestrate.py","logger":"airflow.dag_processing.importers.python_importer","filename":"python_importer.py","lineno":244,"error_detail":[{"exc_type":"ModuleNotFoundError","exc_value":"No module named 'ingestion'","exc_notes":[],"syntax_error":null,"is_cause":false,"frames":[{"filename":"/home/airflow/.local/lib/python3.13/site-packages/airflow/dag_processing/importers/python_importer.py","lineno":238,"name":"parse"},{"filename":"<frozen importlib._bootstrap_external>","lineno":1023,"name":"exec_module"},{"filename":"<frozen importlib._bootstrap>","lineno":488,"name":"_call_with_frames_removed"},{"filename":"/opt/airflow/dags/orchestrate.py","lineno":2,"name":"<module>"}],"is_group":false,"exceptions":[]}]}
{"timestamp":"2026-08-25T19:14:03.947232Z","level":"error","event":"Error loading DAG from orchestrate.py: No module named 'ingestion'","logger":"airflow.dag_processing.dagbag.BundleDagBag","filename":"dagbag.py","lineno":319}
{"timestamp":"2026-08-25T19:14:34.456011Z","level":"info","event":"Filling up the DagBag from /opt/airflow/dags/orchestrate.py","logger":"airflow.dag_processing.dagbag.BundleDagBag","filename":"dagbag.py","lineno":460}
{"timestamp":"2026-08-25T19:14:34.520873Z","level":"error","event":"Failed to import: /opt/airflow/dags/orchestrate.py","logger":"airflow.dag_processing.importers.python_importer","filename":"python_importer.py","lineno":244,"error_detail":[{"exc_type":"ModuleNotFoundError","exc_value":"No module named 'ingestion'","exc_notes":[],"syntax_error":null,"is_cause":false,"frames":[{"filename":"/home/airflow/.local/lib/python3.13/site-packages/airflow/dag_processing/importers/python_importer.py","lineno":238,"name":"parse"},{"filename":"<frozen importlib._bootstrap_external>","lineno":1023,"name":"exec_module"},{"filename":"<frozen importlib._bootstrap>","lineno":488,"name":"_call_with_frames_removed"},{"filename":"/opt/airflow/dags/orchestrate.py","lineno":2,"name":"<module>"}],"is_group":false,"exceptions":[]}]}
{"timestamp":"2026-08-25T19:14:34.529081Z","level":"error","event":"Error loading DAG from orchestrate.py: No module named 'ingestion'","logger":"airflow.dag_processing.dagbag.BundleDagBag","filename":"dagbag.py","lineno":319}
{"timestamp":"2026-08-25T19:15:05.077047Z","level":"info","event":"Filling up the DagBag from /opt/airflow/dags/orchestrate.py","logger":"airflow.dag_processing.dagbag.BundleDagBag","filename":"dagbag.py","lineno":460}
{"timestamp":"2026-08-25T19:15:05.148949Z","level":"error","event":"Failed to import: /opt/airflow/dags/orchestrate.py","logger":"airflow.dag_processing.importers.python_importer","filename":"python_importer.py","lineno":244,"error_detail":[{"exc_type":"ModuleNotFoundError","exc_value":"No module named 'ingestion'","exc_notes":[],"syntax_error":null,"is_cause":false,"frames":[{"filename":"/home/airflow/.local/lib/python3.13/site-packages/airflow/dag_processing/importers/python_importer.py","lineno":238,"name":"parse"},{"filename":"<frozen importlib._bootstrap_external>","lineno":1023,"name":"exec_module"},{"filename":"<frozen importlib._bootstrap>","lineno":488,"name":"_call_with_frames_removed"},{"filename":"/opt/airflow/dags/orchestrate.py","lineno":2,"name":"<module>"}],"is_group":false,"exceptions":[]}]}
{"timestamp":"2026-08-25T19:15:05.164068Z","level":"error","event":"Error loading DAG from orchestrate.py: No module named 'ingestion'","logger":"airflow.dag_processing.dagbag.BundleDagBag","filename":"dagbag.py","lineno":319}
{"timestamp":"2026-08-25T19:15:35.625281Z","level":"info","event":"Filling up the DagBag from /opt/airflow/dags/orchestrate.py","logger":"airflow.dag_processing.dagbag.BundleDagBag","filename":"dagbag.py","lineno":460}
{"timestamp":"2026-08-25T19:15:35.680097Z","level":"error","event":"Failed to import: /opt/airflow/dags/orchestrate.py","logger":"airflow.dag_processing.importers.python_importer","filename":"python_importer.py","lineno":244,"error_detail":[{"exc_type":"ModuleNotFoundError","exc_value":"No module named 'ingestion'","exc_notes":[],"syntax_error":null,"is_cause":false,"frames":[{"filename":"/home/airflow/.local/lib/python3.13/site-packages/airflow/dag_processing/importers/python_importer.py","lineno":238,"name":"parse"},{"filename":"<frozen importlib._bootstrap_external>","lineno":1023,"name":"exec_module"},{"filename":"<frozen importlib._bootstrap>","lineno":488,"name":"_call_with_frames_removed"},{"filename":"/opt/airflow/dags/orchestrate.py","lineno":2,"name":"<module>"}],"is_group":false,"exceptions":[]}]}
{"timestamp":"2026-08-25T19:15:35.687497Z","level":"error","event":"Error loading DAG from orchestrate.py: No module named 'ingestion'","logger":"airflow.dag_processing.dagbag.BundleDagBag","filename":"dagbag.py","lineno":319}
{"timestamp":"2026-08-25T19:16:06.216046Z","level":"info","event":"Filling up the DagBag from /opt/airflow/dags/orchestrate.py","logger":"airflow.dag_processing.dagbag.BundleDagBag","filename":"dagbag.py","lineno":460}
{"timestamp":"2026-08-25T19:16:06.275632Z","level":"error","event":"Failed to import: /opt/airflow/dags/orchestrate.py","logger":"airflow.dag_processing.importers.python_importer","filename":"python_importer.py","lineno":244,"error_detail":[{"exc_type":"ModuleNotFoundError","exc_value":"No module named 'ingestion'","exc_notes":[],"syntax_error":null,"is_cause":false,"frames":[{"filename":"/home/airflow/.local/lib/python3.13/site-packages/airflow/dag_processing/importers/python_importer.py","lineno":238,"name":"parse"},{"filename":"<frozen importlib._bootstrap_external>","lineno":1023,"name":"exec_module"},{"filename":"<frozen importlib._bootstrap>","lineno":488,"name":"_call_with_frames_removed"},{"filename":"/opt/airflow/dags/orchestrate.py","lineno":2,"name":"<module>"}],"is_group":false,"exceptions":[]}]}
{"timestamp":"2026-08-25T19:16:06.281924Z","level":"error","event":"Error loading DAG from orchestrate.py: No module named 'ingestion'","logger":"airflow.dag_processing.dagbag.BundleDagBag","filename":"dagbag.py","lineno":319}
{"timestamp":"2026-08-25T19:16:36.795863Z","level":"info","event":"Filling up the DagBag from /opt/airflow/dags/orchestrate.py","logger":"airflow.dag_processing.dagbag.BundleDagBag","filename":"dagbag.py","lineno":460}
{"timestamp":"2026-08-25T19:16:36.860358Z","level":"error","event":"Failed to import: /opt/airflow/dags/orchestrate.py","logger":"airflow.dag_processing.importers.python_importer","filename":"python_importer.py","lineno":244,"error_detail":[{"exc_type":"ModuleNotFoundError","exc_value":"No module named 'ingestion'","exc_notes":[],"syntax_error":null,"is_cause":false,"frames":[{"filename":"/home/airflow/.local/lib/python3.13/site-packages/airflow/dag_processing/importers/python_importer.py","lineno":238,"name":"parse"},{"filename":"<frozen importlib._bootstrap_external>","lineno":1023,"name":"exec_module"},{"filename":"<frozen importlib._bootstrap>","lineno":488,"name":"_call_with_frames_removed"},{"filename":"/opt/airflow/dags/orchestrate.py","lineno":2,"name":"<module>"}],"is_group":false,"exceptions":[]}]}
{"timestamp":"2026-08-25T19:16:36.867701Z","level":"error","event":"Error loading DAG from orchestrate.py: No module named 'ingestion'","logger":"airflow.dag_processing.dagbag.BundleDagBag","filename":"dagbag.py","lineno":319}
{"timestamp":"2026-08-25T19:17:07.417105Z","level":"info","event":"Filling up the DagBag from /opt/airflow/dags/orchestrate.py","logger":"airflow.dag_processing.dagbag.BundleDagBag","filename":"dagbag.py","lineno":460}
{"timestamp":"2026-08-25T19:17:07.532940Z","level":"error","event":"Failed to import: /opt/airflow/dags/orchestrate.py","logger":"airflow.dag_processing.importers.python_importer","filename":"python_importer.py","lineno":244,"error_detail":[{"exc_type":"ModuleNotFoundError","exc_value":"No module named 'ingestion'","exc_notes":[],"syntax_error":null,"is_cause":false,"frames":[{"filename":"/home/airflow/.local/lib/python3.13/site-packages/airflow/dag_processing/importers/python_importer.py","lineno":238,"name":"parse"},{"filename":"<frozen importlib._bootstrap_external>","lineno":1023,"name":"exec_module"},{"filename":"<frozen importlib._bootstrap>","lineno":488,"name":"_call_with_frames_removed"},{"filename":"/opt/airflow/dags/orchestrate.py","lineno":2,"name":"<module>"}],"is_group":false,"exceptions":[]}]}
{"timestamp":"2026-08-25T19:17:07.554007Z","level":"error","event":"Error loading DAG from orchestrate.py: No module named 'ingestion'","logger":"airflow.dag_processing.dagbag.BundleDagBag","filename":"dagbag.py","lineno":319}
{"timestamp":"2026-08-25T19:17:38.057035Z","level":"info","event":"Filling up the DagBag from /opt/airflow/dags/orchestrate.py","logger":"airflow.dag_processing.dagbag.BundleDagBag","filename":"dagbag.py","lineno":460}
{"timestamp":"2026-08-25T19:17:38.119126Z","level":"error","event":"Failed to import: /opt/airflow/dags/orchestrate.py","logger":"airflow.dag_processing.importers.python_importer","filename":"python_importer.py","lineno":244,"error_detail":[{"exc_type":"ModuleNotFoundError","exc_value":"No module named 'ingestion'","exc_notes":[],"syntax_error":null,"is_cause":false,"frames":[{"filename":"/home/airflow/.local/lib/python3.13/site-packages/airflow/dag_processing/importers/python_importer.py","lineno":238,"name":"parse"},{"filename":"<frozen importlib._bootstrap_external>","lineno":1023,"name":"exec_module"},{"filename":"<frozen importlib._bootstrap>","lineno":488,"name":"_call_with_frames_removed"},{"filename":"/opt/airflow/dags/orchestrate.py","lineno":2,"name":"<module>"}],"is_group":false,"exceptions":[]}]}
{"timestamp":"2026-08-25T19:17:38.128206Z","level":"error","event":"Error loading DAG from orchestrate.py: No module named 'ingestion'","logger":"airflow.dag_processing.dagbag.BundleDagBag","filename":"dagbag.py","lineno":319}
{"timestamp":"2026-08-25T19:18:08.626732Z","level":"info","event":"Filling up the DagBag from /opt/airflow/dags/orchestrate.py","logger":"airflow.dag_processing.dagbag.BundleDagBag","filename":"dagbag.py","lineno":460}
{"timestamp":"2026-08-25T19:18:08.683318Z","level":"error","event":"Failed to import: /opt/airflow/dags/orchestrate.py","logger":"airflow.dag_processing.importers.python_importer","filename":"python_importer.py","lineno":244,"error_detail":[{"exc_type":"ModuleNotFoundError","exc_value":"No module named 'ingestion'","exc_notes":[],"syntax_error":null,"is_cause":false,"frames":[{"filename":"/home/airflow/.local/lib/python3.13/site-packages/airflow/dag_processing/importers/python_importer.py","lineno":238,"name":"parse"},{"filename":"<frozen importlib._bootstrap_external>","lineno":1023,"name":"exec_module"},{"filename":"<frozen importlib._bootstrap>","lineno":488,"name":"_call_with_frames_removed"},{"filename":"/opt/airflow/dags/orchestrate.py","lineno":2,"name":"<module>"}],"is_group":false,"exceptions":[]}]}
{"timestamp":"2026-08-25T19:18:08.691920Z","level":"error","event":"Error loading DAG from orchestrate.py: No module named 'ingestion'","logger":"airflow.dag_processing.dagbag.BundleDagBag","filename":"dagbag.py","lineno":319}
{"timestamp":"2026-08-25T19:18:39.195670Z","level":"info","event":"Filling up the DagBag from /opt/airflow/dags/orchestrate.py","logger":"airflow.dag_processing.dagbag.BundleDagBag","filename":"dagbag.py","lineno":460}
{"timestamp":"2026-08-25T19:18:39.274268Z","level":"error","event":"Failed to import: /opt/airflow/dags/orchestrate.py","logger":"airflow.dag_processing.importers.python_importer","filename":"python_importer.py","lineno":244,"error_detail":[{"exc_type":"ModuleNotFoundError","exc_value":"No module named 'ingestion'","exc_notes":[],"syntax_error":null,"is_cause":false,"frames":[{"filename":"/home/airflow/.local/lib/python3.13/site-packages/airflow/dag_processing/importers/python_importer.py","lineno":238,"name":"parse"},{"filename":"<frozen importlib._bootstrap_external>","lineno":1023,"name":"exec_module"},{"filename":"<frozen importlib._bootstrap>","lineno":488,"name":"_call_with_frames_removed"},{"filename":"/opt/airflow/dags/orchestrate.py","lineno":2,"name":"<module>"}],"is_group":false,"exceptions":[]}]}
{"timestamp":"2026-08-25T19:18:39.284624Z","level":"error","event":"Error loading DAG from orchestrate.py: No module named 'ingestion'","logger":"airflow.dag_processing.dagbag.BundleDagBag","filename":"dagbag.py","lineno":319}
{"timestamp":"2026-08-25T19:19:09.768628Z","level":"info","event":"Filling up the DagBag from /opt/airflow/dags/orchestrate.py","logger":"airflow.dag_processing.dagbag.BundleDagBag","filename":"dagbag.py","lineno":460}
{"timestamp":"2026-08-25T19:19:09.829434Z","level":"error","event":"Failed to import: /opt/airflow/dags/orchestrate.py","logger":"airflow.dag_processing.importers.python_importer","filename":"python_importer.py","lineno":244,"error_detail":[{"exc_type":"ModuleNotFoundError","exc_value":"No module named 'ingestion'","exc_notes":[],"syntax_error":null,"is_cause":false,"frames":[{"filename":"/home/airflow/.local/lib/python3.13/site-packages/airflow/dag_processing/importers/python_importer.py","lineno":238,"name":"parse"},{"filename":"<frozen importlib._bootstrap_external>","lineno":1023,"name":"exec_module"},{"filename":"<frozen importlib._bootstrap>","lineno":488,"name":"_call_with_frames_removed"},{"filename":"/opt/airflow/dags/orchestrate.py","lineno":2,"name":"<module>"}],"is_group":false,"exceptions":[]}]}
{"timestamp":"2026-08-25T19:19:09.837566Z","level":"error","event":"Error loading DAG from orchestrate.py: No module named 'ingestion'","logger":"airflow.dag_processing.dagbag.BundleDagBag","filename":"dagbag.py","lineno":319}
{"timestamp":"2026-08-25T19:19:40.295438Z","level":"info","event":"Filling up the DagBag from /opt/airflow/dags/orchestrate.py","logger":"airflow.dag_processing.dagbag.BundleDagBag","filename":"dagbag.py","lineno":460}
{"timestamp":"2026-08-25T19:19:40.360169Z","level":"error","event":"Failed to import: /opt/airflow/dags/orchestrate.py","logger":"airflow.dag_processing.importers.python_importer","filename":"python_importer.py","lineno":244,"error_detail":[{"exc_type":"ModuleNotFoundError","exc_value":"No module named 'ingestion'","exc_notes":[],"syntax_error":null,"is_cause":false,"frames":[{"filename":"/home/airflow/.local/lib/python3.13/site-packages/airflow/dag_processing/importers/python_importer.py","lineno":238,"name":"parse"},{"filename":"<frozen importlib._bootstrap_external>","lineno":1023,"name":"exec_module"},{"filename":"<frozen importlib._bootstrap>","lineno":488,"name":"_call_with_frames_removed"},{"filename":"/opt/airflow/dags/orchestrate.py","lineno":2,"name":"<module>"}],"is_group":false,"exceptions":[]}]}
{"timestamp":"2026-08-25T19:19:40.368647Z","level":"error","event":"Error loading DAG from orchestrate.py: No module named 'ingestion'","logger":"airflow.dag_processing.dagbag.BundleDagBag","filename":"dagbag.py","lineno":319}
{"timestamp":"2026-08-25T19:20:10.853913Z","level":"info","event":"Filling up the DagBag from /opt/airflow/dags/orchestrate.py","logger":"airflow.dag_processing.dagbag.BundleDagBag","filename":"dagbag.py","lineno":460}
{"timestamp":"2026-08-25T19:20:10.907205Z","level":"error","event":"Failed to import: /opt/airflow/dags/orchestrate.py","logger":"airflow.dag_processing.importers.python_importer","filename":"python_importer.py","lineno":244,"error_detail":[{"exc_type":"ModuleNotFoundError","exc_value":"No module named 'ingestion'","exc_notes":[],"syntax_error":null,"is_cause":false,"frames":[{"filename":"/home/airflow/.local/lib/python3.13/site-packages/airflow/dag_processing/importers/python_importer.py","lineno":238,"name":"parse"},{"filename":"<frozen importlib._bootstrap_external>","lineno":1023,"name":"exec_module"},{"filename":"<frozen importlib._bootstrap>","lineno":488,"name":"_call_with_frames_removed"},{"filename":"/opt/airflow/dags/orchestrate.py","lineno":2,"name":"<module>"}],"is_group":false,"exceptions":[]}]}
{"timestamp":"2026-08-25T19:20:10.913263Z","level":"error","event":"Error loading DAG from orchestrate.py: No module named 'ingestion'","logger":"airflow.dag_processing.dagbag.BundleDagBag","filename":"dagbag.py","lineno":319}
{"timestamp":"2026-08-25T19:20:41.430753Z","level":"info","event":"Filling up the DagBag from /opt/airflow/dags/orchestrate.py","logger":"airflow.dag_processing.dagbag.BundleDagBag","filename":"dagbag.py","lineno":460}
{"timestamp":"2026-08-25T19:20:41.497046Z","level":"error","event":"Failed to import: /opt/airflow/dags/orchestrate.py","logger":"airflow.dag_processing.importers.python_importer","filename":"python_importer.py","lineno":244,"error_detail":[{"exc_type":"ModuleNotFoundError","exc_value":"No module named 'ingestion'","exc_notes":[],"syntax_error":null,"is_cause":false,"frames":[{"filename":"/home/airflow/.local/lib/python3.13/site-packages/airflow/dag_processing/importers/python_importer.py","lineno":238,"name":"parse"},{"filename":"<frozen importlib._bootstrap_external>","lineno":1023,"name":"exec_module"},{"filename":"<frozen importlib._bootstrap>","lineno":488,"name":"_call_with_frames_removed"},{"filename":"/opt/airflow/dags/orchestrate.py","lineno":2,"name":"<module>"}],"is_group":false,"exceptions":[]}]}
{"timestamp":"2026-08-25T19:20:41.505763Z","level":"error","event":"Error loading DAG from orchestrate.py: No module named 'ingestion'","logger":"airflow.dag_processing.dagbag.BundleDagBag","filename":"dagbag.py","lineno":319}
{"timestamp":"2026-08-25T19:21:12.039860Z","level":"info","event":"Filling up the DagBag from /opt/airflow/dags/orchestrate.py","logger":"airflow.dag_processing.dagbag.BundleDagBag","filename":"dagbag.py","lineno":460}
{"timestamp":"2026-08-25T19:21:12.108389Z","level":"error","event":"Failed to import: /opt/airflow/dags/orchestrate.py","logger":"airflow.dag_processing.importers.python_importer","filename":"python_importer.py","lineno":244,"error_detail":[{"exc_type":"ModuleNotFoundError","exc_value":"No module named 'ingestion'","exc_notes":[],"syntax_error":null,"is_cause":false,"frames":[{"filename":"/home/airflow/.local/lib/python3.13/site-packages/airflow/dag_processing/importers/python_importer.py","lineno":238,"name":"parse"},{"filename":"<frozen importlib._bootstrap_external>","lineno":1023,"name":"exec_module"},{"filename":"<frozen importlib._bootstrap>","lineno":488,"name":"_call_with_frames_removed"},{"filename":"/opt/airflow/dags/orchestrate.py","lineno":2,"name":"<module>"}],"is_group":false,"exceptions":[]}]}
{"timestamp":"2026-08-25T19:21:12.115632Z","level":"error","event":"Error loading DAG from orchestrate.py: No module named 'ingestion'","logger":"airflow.dag_processing.dagbag.BundleDagBag","filename":"dagbag.py","lineno":319}
{"timestamp":"2026-08-25T19:21:42.597770Z","level":"info","event":"Filling up the DagBag from /opt/airflow/dags/orchestrate.py","logger":"airflow.dag_processing.dagbag.BundleDagBag","filename":"dagbag.py","lineno":460}
{"timestamp":"2026-08-25T19:21:42.668221Z","level":"error","event":"Failed to import: /opt/airflow/dags/orchestrate.py","logger":"airflow.dag_processing.importers.python_importer","filename":"python_importer.py","lineno":244,"error_detail":[{"exc_type":"ModuleNotFoundError","exc_value":"No module named 'ingestion'","exc_notes":[],"syntax_error":null,"is_cause":false,"frames":[{"filename":"/home/airflow/.local/lib/python3.13/site-packages/airflow/dag_processing/importers/python_importer.py","lineno":238,"name":"parse"},{"filename":"<frozen importlib._bootstrap_external>","lineno":1023,"name":"exec_module"},{"filename":"<frozen importlib._bootstrap>","lineno":488,"name":"_call_with_frames_removed"},{"filename":"/opt/airflow/dags/orchestrate.py","lineno":2,"name":"<module>"}],"is_group":false,"exceptions":[]}]}
{"timestamp":"2026-08-25T19:21:42.676072Z","level":"error","event":"Error loading DAG from orchestrate.py: No module named 'ingestion'","logger":"airflow.dag_processing.dagbag.BundleDagBag","filename":"dagbag.py","lineno":319}
{"timestamp":"2026-08-25T19:22:13.155777Z","level":"info","event":"Filling up the DagBag from /opt/airflow/dags/orchestrate.py","logger":"airflow.dag_processing.dagbag.BundleDagBag","filename":"dagbag.py","lineno":460}
{"timestamp":"2026-08-25T19:22:13.216610Z","level":"error","event":"Failed to import: /opt/airflow/dags/orchestrate.py","logger":"airflow.dag_processing.importers.python_importer","filename":"python_importer.py","lineno":244,"error_detail":[{"exc_type":"ModuleNotFoundError","exc_value":"No module named 'ingestion'","exc_notes":[],"syntax_error":null,"is_cause":false,"frames":[{"filename":"/home/airflow/.local/lib/python3.13/site-packages/airflow/dag_processing/importers/python_importer.py","lineno":238,"name":"parse"},{"filename":"<frozen importlib._bootstrap_external>","lineno":1023,"name":"exec_module"},{"filename":"<frozen importlib._bootstrap>","lineno":488,"name":"_call_with_frames_removed"},{"filename":"/opt/airflow/dags/orchestrate.py","lineno":2,"name":"<module>"}],"is_group":false,"exceptions":[]}]}
{"timestamp":"2026-08-25T19:22:13.224560Z","level":"error","event":"Error loading DAG from orchestrate.py: No module named 'ingestion'","logger":"airflow.dag_processing.dagbag.BundleDagBag","filename":"dagbag.py","lineno":319}
{"timestamp":"2026-08-25T19:22:43.717294Z","level":"info","event":"Filling up the DagBag from /opt/airflow/dags/orchestrate.py","logger":"airflow.dag_processing.dagbag.BundleDagBag","filename":"dagbag.py","lineno":460}
{"timestamp":"2026-08-25T19:22:43.775823Z","level":"error","event":"Failed to import: /opt/airflow/dags/orchestrate.py","logger":"airflow.dag_processing.importers.python_importer","filename":"python_importer.py","lineno":244,"error_detail":[{"exc_type":"ModuleNotFoundError","exc_value":"No module named 'ingestion'","exc_notes":[],"syntax_error":null,"is_cause":false,"frames":[{"filename":"/home/airflow/.local/lib/python3.13/site-packages/airflow/dag_processing/importers/python_importer.py","lineno":238,"name":"parse"},{"filename":"<frozen importlib._bootstrap_external>","lineno":1023,"name":"exec_module"},{"filename":"<frozen importlib._bootstrap>","lineno":488,"name":"_call_with_frames_removed"},{"filename":"/opt/airflow/dags/orchestrate.py","lineno":2,"name":"<module>"}],"is_group":false,"exceptions":[]}]}
{"timestamp":"2026-08-25T19:22:43.783283Z","level":"error","event":"Error loading DAG from orchestrate.py: No module named 'ingestion'","logger":"airflow.dag_processing.dagbag.BundleDagBag","filename":"dagbag.py","lineno":319}
{"timestamp":"2026-08-25T19:23:14.250066Z","level":"info","event":"Filling up the DagBag from /opt/airflow/dags/orchestrate.py","logger":"airflow.dag_processing.dagbag.BundleDagBag","filename":"dagbag.py","lineno":460}
{"timestamp":"2026-08-25T19:23:14.331073Z","level":"error","event":"Failed to import: /opt/airflow/dags/orchestrate.py","logger":"airflow.dag_processing.importers.python_importer","filename":"python_importer.py","lineno":244,"error_detail":[{"exc_type":"ModuleNotFoundError","exc_value":"No module named 'ingestion'","exc_notes":[],"syntax_error":null,"is_cause":false,"frames":[{"filename":"/home/airflow/.local/lib/python3.13/site-packages/airflow/dag_processing/importers/python_importer.py","lineno":238,"name":"parse"},{"filename":"<frozen importlib._bootstrap_external>","lineno":1023,"name":"exec_module"},{"filename":"<frozen importlib._bootstrap>","lineno":488,"name":"_call_with_frames_removed"},{"filename":"/opt/airflow/dags/orchestrate.py","lineno":2,"name":"<module>"}],"is_group":false,"exceptions":[]}]}
{"timestamp":"2026-08-25T19:23:14.338342Z","level":"error","event":"Error loading DAG from orchestrate.py: No module named 'ingestion'","logger":"airflow.dag_processing.dagbag.BundleDagBag","filename":"dagbag.py","lineno":319}
{"timestamp":"2026-08-25T19:23:44.840116Z","level":"info","event":"Filling up the DagBag from /opt/airflow/dags/orchestrate.py","logger":"airflow.dag_processing.dagbag.BundleDagBag","filename":"dagbag.py","lineno":460}
{"timestamp":"2026-08-25T19:23:44.907373Z","level":"error","event":"Failed to import: /opt/airflow/dags/orchestrate.py","logger":"airflow.dag_processing.importers.python_importer","filename":"python_importer.py","lineno":244,"error_detail":[{"exc_type":"ModuleNotFoundError","exc_value":"No module named 'ingestion'","exc_notes":[],"syntax_error":null,"is_cause":false,"frames":[{"filename":"/home/airflow/.local/lib/python3.13/site-packages/airflow/dag_processing/importers/python_importer.py","lineno":238,"name":"parse"},{"filename":"<frozen importlib._bootstrap_external>","lineno":1023,"name":"exec_module"},{"filename":"<frozen importlib._bootstrap>","lineno":488,"name":"_call_with_frames_removed"},{"filename":"/opt/airflow/dags/orchestrate.py","lineno":2,"name":"<module>"}],"is_group":false,"exceptions":[]}]}
{"timestamp":"2026-08-25T19:23:44.913916Z","level":"error","event":"Error loading DAG from orchestrate.py: No module named 'ingestion'","logger":"airflow.dag_processing.dagbag.BundleDagBag","filename":"dagbag.py","lineno":319}
{"timestamp":"2026-08-25T19:24:15.371737Z","level":"info","event":"Filling up the DagBag from /opt/airflow/dags/orchestrate.py","logger":"airflow.dag_processing.dagbag.BundleDagBag","filename":"dagbag.py","lineno":460}
{"timestamp":"2026-08-25T19:24:15.434605Z","level":"error","event":"Failed to import: /opt/airflow/dags/orchestrate.py","logger":"airflow.dag_processing.importers.python_importer","filename":"python_importer.py","lineno":244,"error_detail":[{"exc_type":"ModuleNotFoundError","exc_value":"No module named 'ingestion'","exc_notes":[],"syntax_error":null,"is_cause":false,"frames":[{"filename":"/home/airflow/.local/lib/python3.13/site-packages/airflow/dag_processing/importers/python_importer.py","lineno":238,"name":"parse"},{"filename":"<frozen importlib._bootstrap_external>","lineno":1023,"name":"exec_module"},{"filename":"<frozen importlib._bootstrap>","lineno":488,"name":"_call_with_frames_removed"},{"filename":"/opt/airflow/dags/orchestrate.py","lineno":2,"name":"<module>"}],"is_group":false,"exceptions":[]}]}
{"timestamp":"2026-08-25T19:24:15.443641Z","level":"error","event":"Error loading DAG from orchestrate.py: No module named 'ingestion'","logger":"airflow.dag_processing.dagbag.BundleDagBag","filename":"dagbag.py","lineno":319}
{"timestamp":"2026-08-25T19:24:45.899057Z","level":"info","event":"Filling up the DagBag from /opt/airflow/dags/orchestrate.py","logger":"airflow.dag_processing.dagbag.BundleDagBag","filename":"dagbag.py","lineno":460}
{"timestamp":"2026-08-25T19:24:45.978125Z","level":"error","event":"Failed to import: /opt/airflow/dags/orchestrate.py","logger":"airflow.dag_processing.importers.python_importer","filename":"python_importer.py","lineno":244,"error_detail":[{"exc_type":"ModuleNotFoundError","exc_value":"No module named 'ingestion'","exc_notes":[],"syntax_error":null,"is_cause":false,"frames":[{"filename":"/home/airflow/.local/lib/python3.13/site-packages/airflow/dag_processing/importers/python_importer.py","lineno":238,"name":"parse"},{"filename":"<frozen importlib._bootstrap_external>","lineno":1023,"name":"exec_module"},{"filename":"<frozen importlib._bootstrap>","lineno":488,"name":"_call_with_frames_removed"},{"filename":"/opt/airflow/dags/orchestrate.py","lineno":2,"name":"<module>"}],"is_group":false,"exceptions":[]}]}
{"timestamp":"2026-08-25T19:24:45.983902Z","level":"error","event":"Error loading DAG from orchestrate.py: No module named 'ingestion'","logger":"airflow.dag_processing.dagbag.BundleDagBag","filename":"dagbag.py","lineno":319}
{"timestamp":"2026-08-25T19:25:16.409333Z","level":"info","event":"Filling up the DagBag from /opt/airflow/dags/orchestrate.py","logger":"airflow.dag_processing.dagbag.BundleDagBag","filename":"dagbag.py","lineno":460}
{"timestamp":"2026-08-25T19:25:16.460393Z","level":"error","event":"Failed to import: /opt/airflow/dags/orchestrate.py","logger":"airflow.dag_processing.importers.python_importer","filename":"python_importer.py","lineno":244,"error_detail":[{"exc_type":"ModuleNotFoundError","exc_value":"No module named 'ingestion'","exc_notes":[],"syntax_error":null,"is_cause":false,"frames":[{"filename":"/home/airflow/.local/lib/python3.13/site-packages/airflow/dag_processing/importers/python_importer.py","lineno":238,"name":"parse"},{"filename":"<frozen importlib._bootstrap_external>","lineno":1023,"name":"exec_module"},{"filename":"<frozen importlib._bootstrap>","lineno":488,"name":"_call_with_frames_removed"},{"filename":"/opt/airflow/dags/orchestrate.py","lineno":2,"name":"<module>"}],"is_group":false,"exceptions":[]}]}
{"timestamp":"2026-08-25T19:25:16.466960Z","level":"error","event":"Error loading DAG from orchestrate.py: No module named 'ingestion'","logger":"airflow.dag_processing.dagbag.BundleDagBag","filename":"dagbag.py","lineno":319}
{"timestamp":"2026-08-25T19:25:46.884539Z","level":"info","event":"Filling up the DagBag from /opt/airflow/dags/orchestrate.py","logger":"airflow.dag_processing.dagbag.BundleDagBag","filename":"dagbag.py","lineno":460}
{"timestamp":"2026-08-25T19:25:46.939580Z","level":"error","event":"Failed to import: /opt/airflow/dags/orchestrate.py","logger":"airflow.dag_processing.importers.python_importer","filename":"python_importer.py","lineno":244,"error_detail":[{"exc_type":"ModuleNotFoundError","exc_value":"No module named 'ingestion'","exc_notes":[],"syntax_error":null,"is_cause":false,"frames":[{"filename":"/home/airflow/.local/lib/python3.13/site-packages/airflow/dag_processing/importers/python_importer.py","lineno":238,"name":"parse"},{"filename":"<frozen importlib._bootstrap_external>","lineno":1023,"name":"exec_module"},{"filename":"<frozen importlib._bootstrap>","lineno":488,"name":"_call_with_frames_removed"},{"filename":"/opt/airflow/dags/orchestrate.py","lineno":2,"name":"<module>"}],"is_group":false,"exceptions":[]}]}
{"timestamp":"2026-08-25T19:25:46.948990Z","level":"error","event":"Error loading DAG from orchestrate.py: No module named 'ingestion'","logger":"airflow.dag_processing.dagbag.BundleDagBag","filename":"dagbag.py","lineno":319}
{"timestamp":"2026-08-25T19:26:17.343088Z","level":"info","event":"Filling up the DagBag from /opt/airflow/dags/orchestrate.py","logger":"airflow.dag_processing.dagbag.BundleDagBag","filename":"dagbag.py","lineno":460}
{"timestamp":"2026-08-25T19:26:17.377520Z","level":"error","event":"Failed to import: /opt/airflow/dags/orchestrate.py","logger":"airflow.dag_processing.importers.python_importer","filename":"python_importer.py","lineno":244,"error_detail":[{"exc_type":"ModuleNotFoundError","exc_value":"No module named 'ingestion'","exc_notes":[],"syntax_error":null,"is_cause":false,"frames":[{"filename":"/home/airflow/.local/lib/python3.13/site-packages/airflow/dag_processing/importers/python_importer.py","lineno":238,"name":"parse"},{"filename":"<frozen importlib._bootstrap_external>","lineno":1023,"name":"exec_module"},{"filename":"<frozen importlib._bootstrap>","lineno":488,"name":"_call_with_frames_removed"},{"filename":"/opt/airflow/dags/orchestrate.py","lineno":2,"name":"<module>"}],"is_group":false,"exceptions":[]}]}
{"timestamp":"2026-08-25T19:26:17.381906Z","level":"error","event":"Error loading DAG from orchestrate.py: No module named 'ingestion'","logger":"airflow.dag_processing.dagbag.BundleDagBag","filename":"dagbag.py","lineno":319}
{"timestamp":"2026-08-25T19:26:47.803199Z","level":"info","event":"Filling up the DagBag from /opt/airflow/dags/orchestrate.py","logger":"airflow.dag_processing.dagbag.BundleDagBag","filename":"dagbag.py","lineno":460}
{"timestamp":"2026-08-25T19:26:47.860347Z","level":"error","event":"Failed to import: /opt/airflow/dags/orchestrate.py","logger":"airflow.dag_processing.importers.python_importer","filename":"python_importer.py","lineno":244,"error_detail":[{"exc_type":"ModuleNotFoundError","exc_value":"No module named 'ingestion'","exc_notes":[],"syntax_error":null,"is_cause":false,"frames":[{"filename":"/home/airflow/.local/lib/python3.13/site-packages/airflow/dag_processing/importers/python_importer.py","lineno":238,"name":"parse"},{"filename":"<frozen importlib._bootstrap_external>","lineno":1023,"name":"exec_module"},{"filename":"<frozen importlib._bootstrap>","lineno":488,"name":"_call_with_frames_removed"},{"filename":"/opt/airflow/dags/orchestrate.py","lineno":2,"name":"<module>"}],"is_group":false,"exceptions":[]}]}
{"timestamp":"2026-08-25T19:26:47.867647Z","level":"error","event":"Error loading DAG from orchestrate.py: No module named 'ingestion'","logger":"airflow.dag_processing.dagbag.BundleDagBag","filename":"dagbag.py","lineno":319}
{"timestamp":"2026-08-25T19:27:18.319182Z","level":"info","event":"Filling up the DagBag from /opt/airflow/dags/orchestrate.py","logger":"airflow.dag_processing.dagbag.BundleDagBag","filename":"dagbag.py","lineno":460}
{"timestamp":"2026-08-25T19:27:18.400851Z","level":"error","event":"Failed to import: /opt/airflow/dags/orchestrate.py","logger":"airflow.dag_processing.importers.python_importer","filename":"python_importer.py","lineno":244,"error_detail":[{"exc_type":"ModuleNotFoundError","exc_value":"No module named 'ingestion'","exc_notes":[],"syntax_error":null,"is_cause":false,"frames":[{"filename":"/home/airflow/.local/lib/python3.13/site-packages/airflow/dag_processing/importers/python_importer.py","lineno":238,"name":"parse"},{"filename":"<frozen importlib._bootstrap_external>","lineno":1023,"name":"exec_module"},{"filename":"<frozen importlib._bootstrap>","lineno":488,"name":"_call_with_frames_removed"},{"filename":"/opt/airflow/dags/orchestrate.py","lineno":2,"name":"<module>"}],"is_group":false,"exceptions":[]}]}
{"timestamp":"2026-08-25T19:27:18.409076Z","level":"error","event":"Error loading DAG from orchestrate.py: No module named 'ingestion'","logger":"airflow.dag_processing.dagbag.BundleDagBag","filename":"dagbag.py","lineno":319}
{"timestamp":"2026-08-25T19:27:48.875486Z","level":"info","event":"Filling up the DagBag from /opt/airflow/dags/orchestrate.py","logger":"airflow.dag_processing.dagbag.BundleDagBag","filename":"dagbag.py","lineno":460}
{"timestamp":"2026-08-25T19:27:48.930104Z","level":"error","event":"Failed to import: /opt/airflow/dags/orchestrate.py","logger":"airflow.dag_processing.importers.python_importer","filename":"python_importer.py","lineno":244,"error_detail":[{"exc_type":"ModuleNotFoundError","exc_value":"No module named 'ingestion'","exc_notes":[],"syntax_error":null,"is_cause":false,"frames":[{"filename":"/home/airflow/.local/lib/python3.13/site-packages/airflow/dag_processing/importers/python_importer.py","lineno":238,"name":"parse"},{"filename":"<frozen importlib._bootstrap_external>","lineno":1023,"name":"exec_module"},{"filename":"<frozen importlib._bootstrap>","lineno":488,"name":"_call_with_frames_removed"},{"filename":"/opt/airflow/dags/orchestrate.py","lineno":2,"name":"<module>"}],"is_group":false,"exceptions":[]}]}
{"timestamp":"2026-08-25T19:27:48.937815Z","level":"error","event":"Error loading DAG from orchestrate.py: No module named 'ingestion'","logger":"airflow.dag_processing.dagbag.BundleDagBag","filename":"dagbag.py","lineno":319}
{"timestamp":"2026-08-25T19:28:19.413355Z","level":"info","event":"Filling up the DagBag from /opt/airflow/dags/orchestrate.py","logger":"airflow.dag_processing.dagbag.BundleDagBag","filename":"dagbag.py","lineno":460}
{"timestamp":"2026-08-25T19:28:19.469295Z","level":"error","event":"Failed to import: /opt/airflow/dags/orchestrate.py","logger":"airflow.dag_processing.importers.python_importer","filename":"python_importer.py","lineno":244,"error_detail":[{"exc_type":"ModuleNotFoundError","exc_value":"No module named 'ingestion'","exc_notes":[],"syntax_error":null,"is_cause":false,"frames":[{"filename":"/home/airflow/.local/lib/python3.13/site-packages/airflow/dag_processing/importers/python_importer.py","lineno":238,"name":"parse"},{"filename":"<frozen importlib._bootstrap_external>","lineno":1023,"name":"exec_module"},{"filename":"<frozen importlib._bootstrap>","lineno":488,"name":"_call_with_frames_removed"},{"filename":"/opt/airflow/dags/orchestrate.py","lineno":2,"name":"<module>"}],"is_group":false,"exceptions":[]}]}
{"timestamp":"2026-08-25T19:28:19.477711Z","level":"error","event":"Error loading DAG from orchestrate.py: No module named 'ingestion'","logger":"airflow.dag_processing.dagbag.BundleDagBag","filename":"dagbag.py","lineno":319}
{"timestamp":"2026-08-25T19:28:49.974413Z","level":"info","event":"Filling up the DagBag from /opt/airflow/dags/orchestrate.py","logger":"airflow.dag_processing.dagbag.BundleDagBag","filename":"dagbag.py","lineno":460}
{"timestamp":"2026-08-25T19:28:50.027411Z","level":"error","event":"Failed to import: /opt/airflow/dags/orchestrate.py","logger":"airflow.dag_processing.importers.python_importer","filename":"python_importer.py","lineno":244,"error_detail":[{"exc_type":"ModuleNotFoundError","exc_value":"No module named 'ingestion'","exc_notes":[],"syntax_error":null,"is_cause":false,"frames":[{"filename":"/home/airflow/.local/lib/python3.13/site-packages/airflow/dag_processing/importers/python_importer.py","lineno":238,"name":"parse"},{"filename":"<frozen importlib._bootstrap_external>","lineno":1023,"name":"exec_module"},{"filename":"<frozen importlib._bootstrap>","lineno":488,"name":"_call_with_frames_removed"},{"filename":"/opt/airflow/dags/orchestrate.py","lineno":2,"name":"<module>"}],"is_group":false,"exceptions":[]}]}
{"timestamp":"2026-08-25T19:28:50.034022Z","level":"error","event":"Error loading DAG from orchestrate.py: No module named 'ingestion'","logger":"airflow.dag_processing.dagbag.BundleDagBag","filename":"dagbag.py","lineno":319}
{"timestamp":"2026-08-25T19:29:20.568836Z","level":"info","event":"Filling up the DagBag from /opt/airflow/dags/orchestrate.py","logger":"airflow.dag_processing.dagbag.BundleDagBag","filename":"dagbag.py","lineno":460}
{"timestamp":"2026-08-25T19:29:20.678815Z","level":"error","event":"Failed to import: /opt/airflow/dags/orchestrate.py","logger":"airflow.dag_processing.importers.python_importer","filename":"python_importer.py","lineno":244,"error_detail":[{"exc_type":"ModuleNotFoundError","exc_value":"No module named 'ingestion'","exc_notes":[],"syntax_error":null,"is_cause":false,"frames":[{"filename":"/home/airflow/.local/lib/python3.13/site-packages/airflow/dag_processing/importers/python_importer.py","lineno":238,"name":"parse"},{"filename":"<frozen importlib._bootstrap_external>","lineno":1023,"name":"exec_module"},{"filename":"<frozen importlib._bootstrap>","lineno":488,"name":"_call_with_frames_removed"},{"filename":"/opt/airflow/dags/orchestrate.py","lineno":2,"name":"<module>"}],"is_group":false,"exceptions":[]}]}
{"timestamp":"2026-08-25T19:29:20.690986Z","level":"error","event":"Error loading DAG from orchestrate.py: No module named 'ingestion'","logger":"airflow.dag_processing.dagbag.BundleDagBag","filename":"dagbag.py","lineno":319}
{"timestamp":"2026-08-25T19:29:51.246873Z","level":"info","event":"Filling up the DagBag from /opt/airflow/dags/orchestrate.py","logger":"airflow.dag_processing.dagbag.BundleDagBag","filename":"dagbag.py","lineno":460}
{"timestamp":"2026-08-25T19:29:51.337993Z","level":"error","event":"Failed to import: /opt/airflow/dags/orchestrate.py","logger":"airflow.dag_processing.importers.python_importer","filename":"python_importer.py","lineno":244,"error_detail":[{"exc_type":"ModuleNotFoundError","exc_value":"No module named 'ingestion'","exc_notes":[],"syntax_error":null,"is_cause":false,"frames":[{"filename":"/home/airflow/.local/lib/python3.13/site-packages/airflow/dag_processing/importers/python_importer.py","lineno":238,"name":"parse"},{"filename":"<frozen importlib._bootstrap_external>","lineno":1023,"name":"exec_module"},{"filename":"<frozen importlib._bootstrap>","lineno":488,"name":"_call_with_frames_removed"},{"filename":"/opt/airflow/dags/orchestrate.py","lineno":2,"name":"<module>"}],"is_group":false,"exceptions":[]}]}
{"timestamp":"2026-08-25T19:29:51.349872Z","level":"error","event":"Error loading DAG from orchestrate.py: No module named 'ingestion'","logger":"airflow.dag_processing.dagbag.BundleDagBag","filename":"dagbag.py","lineno":319}
{"timestamp":"2026-08-25T19:30:21.804747Z","level":"info","event":"Filling up the DagBag from /opt/airflow/dags/orchestrate.py","logger":"airflow.dag_processing.dagbag.BundleDagBag","filename":"dagbag.py","lineno":460}
{"timestamp":"2026-08-25T19:30:21.855898Z","level":"error","event":"Failed to import: /opt/airflow/dags/orchestrate.py","logger":"airflow.dag_processing.importers.python_importer","filename":"python_importer.py","lineno":244,"error_detail":[{"exc_type":"ModuleNotFoundError","exc_value":"No module named 'ingestion'","exc_notes":[],"syntax_error":null,"is_cause":false,"frames":[{"filename":"/home/airflow/.local/lib/python3.13/site-packages/airflow/dag_processing/importers/python_importer.py","lineno":238,"name":"parse"},{"filename":"<frozen importlib._bootstrap_external>","lineno":1023,"name":"exec_module"},{"filename":"<frozen importlib._bootstrap>","lineno":488,"name":"_call_with_frames_removed"},{"filename":"/opt/airflow/dags/orchestrate.py","lineno":2,"name":"<module>"}],"is_group":false,"exceptions":[]}]}
{"timestamp":"2026-08-25T19:30:21.862919Z","level":"error","event":"Error loading DAG from orchestrate.py: No module named 'ingestion'","logger":"airflow.dag_processing.dagbag.BundleDagBag","filename":"dagbag.py","lineno":319}
{"timestamp":"2026-08-25T19:30:52.648890Z","level":"info","event":"Filling up the DagBag from /opt/airflow/dags/orchestrate.py","logger":"airflow.dag_processing.dagbag.BundleDagBag","filename":"dagbag.py","lineno":460}
{"timestamp":"2026-08-25T19:30:52.974015Z","level":"error","event":"Failed to import: /opt/airflow/dags/orchestrate.py","logger":"airflow.dag_processing.importers.python_importer","filename":"python_importer.py","lineno":244,"error_detail":[{"exc_type":"ModuleNotFoundError","exc_value":"No module named 'ingestion'","exc_notes":[],"syntax_error":null,"is_cause":false,"frames":[{"filename":"/home/airflow/.local/lib/python3.13/site-packages/airflow/dag_processing/importers/python_importer.py","lineno":238,"name":"parse"},{"filename":"<frozen importlib._bootstrap_external>","lineno":1023,"name":"exec_module"},{"filename":"<frozen importlib._bootstrap>","lineno":488,"name":"_call_with_frames_removed"},{"filename":"/opt/airflow/dags/orchestrate.py","lineno":2,"name":"<module>"}],"is_group":false,"exceptions":[]}]}
{"timestamp":"2026-08-25T19:30:53.037961Z","level":"error","event":"Error loading DAG from orchestrate.py: No module named 'ingestion'","logger":"airflow.dag_processing.dagbag.BundleDagBag","filename":"dagbag.py","lineno":319}
{"timestamp":"2026-08-25T19:31:24.218080Z","level":"info","event":"Filling up the DagBag from /opt/airflow/dags/orchestrate.py","logger":"airflow.dag_processing.dagbag.BundleDagBag","filename":"dagbag.py","lineno":460}
{"timestamp":"2026-08-25T19:31:24.781888Z","level":"error","event":"Failed to import: /opt/airflow/dags/orchestrate.py","logger":"airflow.dag_processing.importers.python_importer","filename":"python_importer.py","lineno":244,"error_detail":[{"exc_type":"ModuleNotFoundError","exc_value":"No module named 'ingestion'","exc_notes":[],"syntax_error":null,"is_cause":false,"frames":[{"filename":"/home/airflow/.local/lib/python3.13/site-packages/airflow/dag_processing/importers/python_importer.py","lineno":238,"name":"parse"},{"filename":"<frozen importlib._bootstrap_external>","lineno":1023,"name":"exec_module"},{"filename":"<frozen importlib._bootstrap>","lineno":488,"name":"_call_with_frames_removed"},{"filename":"/opt/airflow/dags/orchestrate.py","lineno":2,"name":"<module>"}],"is_group":false,"exceptions":[]}]}
{"timestamp":"2026-08-25T19:31:24.808305Z","level":"error","event":"Error loading DAG from orchestrate.py: No module named 'ingestion'","logger":"airflow.dag_processing.dagbag.BundleDagBag","filename":"dagbag.py","lineno":319}
{"timestamp":"2026-08-25T19:31:55.659625Z","level":"info","event":"Filling up the DagBag from /opt/airflow/dags/orchestrate.py","logger":"airflow.dag_processing.dagbag.BundleDagBag","filename":"dagbag.py","lineno":460}
{"timestamp":"2026-08-25T19:31:55.719342Z","level":"error","event":"Failed to import: /opt/airflow/dags/orchestrate.py","logger":"airflow.dag_processing.importers.python_importer","filename":"python_importer.py","lineno":244,"error_detail":[{"exc_type":"ModuleNotFoundError","exc_value":"No module named 'ingestion'","exc_notes":[],"syntax_error":null,"is_cause":false,"frames":[{"filename":"/home/airflow/.local/lib/python3.13/site-packages/airflow/dag_processing/importers/python_importer.py","lineno":238,"name":"parse"},{"filename":"<frozen importlib._bootstrap_external>","lineno":1023,"name":"exec_module"},{"filename":"<frozen importlib._bootstrap>","lineno":488,"name":"_call_with_frames_removed"},{"filename":"/opt/airflow/dags/orchestrate.py","lineno":2,"name":"<module>"}],"is_group":false,"exceptions":[]}]}
{"timestamp":"2026-08-25T19:31:55.725782Z","level":"error","event":"Error loading DAG from orchestrate.py: No module named 'ingestion'","logger":"airflow.dag_processing.dagbag.BundleDagBag","filename":"dagbag.py","lineno":319}
{"timestamp":"2026-08-25T19:32:26.233519Z","level":"info","event":"Filling up the DagBag from /opt/airflow/dags/orchestrate.py","logger":"airflow.dag_processing.dagbag.BundleDagBag","filename":"dagbag.py","lineno":460}
{"timestamp":"2026-08-25T19:32:26.309109Z","level":"error","event":"Failed to import: /opt/airflow/dags/orchestrate.py","logger":"airflow.dag_processing.importers.python_importer","filename":"python_importer.py","lineno":244,"error_detail":[{"exc_type":"ModuleNotFoundError","exc_value":"No module named 'ingestion'","exc_notes":[],"syntax_error":null,"is_cause":false,"frames":[{"filename":"/home/airflow/.local/lib/python3.13/site-packages/airflow/dag_processing/importers/python_importer.py","lineno":238,"name":"parse"},{"filename":"<frozen importlib._bootstrap_external>","lineno":1023,"name":"exec_module"},{"filename":"<frozen importlib._bootstrap>","lineno":488,"name":"_call_with_frames_removed"},{"filename":"/opt/airflow/dags/orchestrate.py","lineno":2,"name":"<module>"}],"is_group":false,"exceptions":[]}]}
{"timestamp":"2026-08-25T19:32:26.317784Z","level":"error","event":"Error loading DAG from orchestrate.py: No module named 'ingestion'","logger":"airflow.dag_processing.dagbag.BundleDagBag","filename":"dagbag.py","lineno":319}
{"timestamp":"2026-08-25T19:32:56.834748Z","level":"info","event":"Filling up the DagBag from /opt/airflow/dags/orchestrate.py","logger":"airflow.dag_processing.dagbag.BundleDagBag","filename":"dagbag.py","lineno":460}
{"timestamp":"2026-08-25T19:32:56.899244Z","level":"error","event":"Failed to import: /opt/airflow/dags/orchestrate.py","logger":"airflow.dag_processing.importers.python_importer","filename":"python_importer.py","lineno":244,"error_detail":[{"exc_type":"ModuleNotFoundError","exc_value":"No module named 'ingestion'","exc_notes":[],"syntax_error":null,"is_cause":false,"frames":[{"filename":"/home/airflow/.local/lib/python3.13/site-packages/airflow/dag_processing/importers/python_importer.py","lineno":238,"name":"parse"},{"filename":"<frozen importlib._bootstrap_external>","lineno":1023,"name":"exec_module"},{"filename":"<frozen importlib._bootstrap>","lineno":488,"name":"_call_with_frames_removed"},{"filename":"/opt/airflow/dags/orchestrate.py","lineno":2,"name":"<module>"}],"is_group":false,"exceptions":[]}]}
{"timestamp":"2026-08-25T19:32:56.908381Z","level":"error","event":"Error loading DAG from orchestrate.py: No module named 'ingestion'","logger":"airflow.dag_processing.dagbag.BundleDagBag","filename":"dagbag.py","lineno":319}
{"timestamp":"2026-08-25T19:33:27.402573Z","level":"info","event":"Filling up the DagBag from /opt/airflow/dags/orchestrate.py","logger":"airflow.dag_processing.dagbag.BundleDagBag","filename":"dagbag.py","lineno":460}
{"timestamp":"2026-08-25T19:33:27.465807Z","level":"error","event":"Failed to import: /opt/airflow/dags/orchestrate.py","logger":"airflow.dag_processing.importers.python_importer","filename":"python_importer.py","lineno":244,"error_detail":[{"exc_type":"ModuleNotFoundError","exc_value":"No module named 'ingestion'","exc_notes":[],"syntax_error":null,"is_cause":false,"frames":[{"filename":"/home/airflow/.local/lib/python3.13/site-packages/airflow/dag_processing/importers/python_importer.py","lineno":238,"name":"parse"},{"filename":"<frozen importlib._bootstrap_external>","lineno":1023,"name":"exec_module"},{"filename":"<frozen importlib._bootstrap>","lineno":488,"name":"_call_with_frames_removed"},{"filename":"/opt/airflow/dags/orchestrate.py","lineno":2,"name":"<module>"}],"is_group":false,"exceptions":[]}]}
{"timestamp":"2026-08-25T19:33:27.474747Z","level":"error","event":"Error loading DAG from orchestrate.py: No module named 'ingestion'","logger":"airflow.dag_processing.dagbag.BundleDagBag","filename":"dagbag.py","lineno":319}
{"timestamp":"2026-08-25T19:33:57.946264Z","level":"info","event":"Filling up the DagBag from /opt/airflow/dags/orchestrate.py","logger":"airflow.dag_processing.dagbag.BundleDagBag","filename":"dagbag.py","lineno":460}
{"timestamp":"2026-08-25T19:33:58.004749Z","level":"error","event":"Failed to import: /opt/airflow/dags/orchestrate.py","logger":"airflow.dag_processing.importers.python_importer","filename":"python_importer.py","lineno":244,"error_detail":[{"exc_type":"ModuleNotFoundError","exc_value":"No module named 'ingestion'","exc_notes":[],"syntax_error":null,"is_cause":false,"frames":[{"filename":"/home/airflow/.local/lib/python3.13/site-packages/airflow/dag_processing/importers/python_importer.py","lineno":238,"name":"parse"},{"filename":"<frozen importlib._bootstrap_external>","lineno":1023,"name":"exec_module"},{"filename":"<frozen importlib._bootstrap>","lineno":488,"name":"_call_with_frames_removed"},{"filename":"/opt/airflow/dags/orchestrate.py","lineno":2,"name":"<module>"}],"is_group":false,"exceptions":[]}]}
{"timestamp":"2026-08-25T19:33:58.013050Z","level":"error","event":"Error loading DAG from orchestrate.py: No module named 'ingestion'","logger":"airflow.dag_processing.dagbag.BundleDagBag","filename":"dagbag.py","lineno":319}
{"timestamp":"2026-08-25T19:34:28.556917Z","level":"info","event":"Filling up the DagBag from /opt/airflow/dags/orchestrate.py","logger":"airflow.dag_processing.dagbag.BundleDagBag","filename":"dagbag.py","lineno":460}
{"timestamp":"2026-08-25T19:34:28.644617Z","level":"error","event":"Failed to import: /opt/airflow/dags/orchestrate.py","logger":"airflow.dag_processing.importers.python_importer","filename":"python_importer.py","lineno":244,"error_detail":[{"exc_type":"ModuleNotFoundError","exc_value":"No module named 'ingestion'","exc_notes":[],"syntax_error":null,"is_cause":false,"frames":[{"filename":"/home/airflow/.local/lib/python3.13/site-packages/airflow/dag_processing/importers/python_importer.py","lineno":238,"name":"parse"},{"filename":"<frozen importlib._bootstrap_external>","lineno":1023,"name":"exec_module"},{"filename":"<frozen importlib._bootstrap>","lineno":488,"name":"_call_with_frames_removed"},{"filename":"/opt/airflow/dags/orchestrate.py","lineno":2,"name":"<module>"}],"is_group":false,"exceptions":[]}]}
{"timestamp":"2026-08-25T19:34:28.653385Z","level":"error","event":"Error loading DAG from orchestrate.py: No module named 'ingestion'","logger":"airflow.dag_processing.dagbag.BundleDagBag","filename":"dagbag.py","lineno":319}
{"timestamp":"2026-08-25T19:34:59.162276Z","level":"info","event":"Filling up the DagBag from /opt/airflow/dags/orchestrate.py","logger":"airflow.dag_processing.dagbag.BundleDagBag","filename":"dagbag.py","lineno":460}
{"timestamp":"2026-08-25T19:34:59.242427Z","level":"error","event":"Failed to import: /opt/airflow/dags/orchestrate.py","logger":"airflow.dag_processing.importers.python_importer","filename":"python_importer.py","lineno":244,"error_detail":[{"exc_type":"ModuleNotFoundError","exc_value":"No module named 'ingestion'","exc_notes":[],"syntax_error":null,"is_cause":false,"frames":[{"filename":"/home/airflow/.local/lib/python3.13/site-packages/airflow/dag_processing/importers/python_importer.py","lineno":238,"name":"parse"},{"filename":"<frozen importlib._bootstrap_external>","lineno":1023,"name":"exec_module"},{"filename":"<frozen importlib._bootstrap>","lineno":488,"name":"_call_with_frames_removed"},{"filename":"/opt/airflow/dags/orchestrate.py","lineno":2,"name":"<module>"}],"is_group":false,"exceptions":[]}]}
{"timestamp":"2026-08-25T19:34:59.266170Z","level":"error","event":"Error loading DAG from orchestrate.py: No module named 'ingestion'","logger":"airflow.dag_processing.dagbag.BundleDagBag","filename":"dagbag.py","lineno":319}
{"timestamp":"2026-08-25T19:35:29.764127Z","level":"info","event":"Filling up the DagBag from /opt/airflow/dags/orchestrate.py","logger":"airflow.dag_processing.dagbag.BundleDagBag","filename":"dagbag.py","lineno":460}
{"timestamp":"2026-08-25T19:35:29.827904Z","level":"error","event":"Failed to import: /opt/airflow/dags/orchestrate.py","logger":"airflow.dag_processing.importers.python_importer","filename":"python_importer.py","lineno":244,"error_detail":[{"exc_type":"ModuleNotFoundError","exc_value":"No module named 'ingestion'","exc_notes":[],"syntax_error":null,"is_cause":false,"frames":[{"filename":"/home/airflow/.local/lib/python3.13/site-packages/airflow/dag_processing/importers/python_importer.py","lineno":238,"name":"parse"},{"filename":"<frozen importlib._bootstrap_external>","lineno":1023,"name":"exec_module"},{"filename":"<frozen importlib._bootstrap>","lineno":488,"name":"_call_with_frames_removed"},{"filename":"/opt/airflow/dags/orchestrate.py","lineno":2,"name":"<module>"}],"is_group":false,"exceptions":[]}]}
{"timestamp":"2026-08-25T19:35:29.837015Z","level":"error","event":"Error loading DAG from orchestrate.py: No module named 'ingestion'","logger":"airflow.dag_processing.dagbag.BundleDagBag","filename":"dagbag.py","lineno":319}
{"timestamp":"2026-08-25T19:36:00.297609Z","level":"info","event":"Filling up the DagBag from /opt/airflow/dags/orchestrate.py","logger":"airflow.dag_processing.dagbag.BundleDagBag","filename":"dagbag.py","lineno":460}
{"timestamp":"2026-08-25T19:36:00.347576Z","level":"error","event":"Failed to import: /opt/airflow/dags/orchestrate.py","logger":"airflow.dag_processing.importers.python_importer","filename":"python_importer.py","lineno":244,"error_detail":[{"exc_type":"ModuleNotFoundError","exc_value":"No module named 'ingestion'","exc_notes":[],"syntax_error":null,"is_cause":false,"frames":[{"filename":"/home/airflow/.local/lib/python3.13/site-packages/airflow/dag_processing/importers/python_importer.py","lineno":238,"name":"parse"},{"filename":"<frozen importlib._bootstrap_external>","lineno":1023,"name":"exec_module"},{"filename":"<frozen importlib._bootstrap>","lineno":488,"name":"_call_with_frames_removed"},{"filename":"/opt/airflow/dags/orchestrate.py","lineno":2,"name":"<module>"}],"is_group":false,"exceptions":[]}]}
{"timestamp":"2026-08-25T19:36:00.352904Z","level":"error","event":"Error loading DAG from orchestrate.py: No module named 'ingestion'","logger":"airflow.dag_processing.dagbag.BundleDagBag","filename":"dagbag.py","lineno":319}
{"timestamp":"2026-08-25T19:36:30.795643Z","level":"info","event":"Filling up the DagBag from /opt/airflow/dags/orchestrate.py","logger":"airflow.dag_processing.dagbag.BundleDagBag","filename":"dagbag.py","lineno":460}
{"timestamp":"2026-08-25T19:36:30.847664Z","level":"error","event":"Failed to import: /opt/airflow/dags/orchestrate.py","logger":"airflow.dag_processing.importers.python_importer","filename":"python_importer.py","lineno":244,"error_detail":[{"exc_type":"ModuleNotFoundError","exc_value":"No module named 'ingestion'","exc_notes":[],"syntax_error":null,"is_cause":false,"frames":[{"filename":"/home/airflow/.local/lib/python3.13/site-packages/airflow/dag_processing/importers/python_importer.py","lineno":238,"name":"parse"},{"filename":"<frozen importlib._bootstrap_external>","lineno":1023,"name":"exec_module"},{"filename":"<frozen importlib._bootstrap>","lineno":488,"name":"_call_with_frames_removed"},{"filename":"/opt/airflow/dags/orchestrate.py","lineno":2,"name":"<module>"}],"is_group":false,"exceptions":[]}]}
{"timestamp":"2026-08-25T19:36:30.853698Z","level":"error","event":"Error loading DAG from orchestrate.py: No module named 'ingestion'","logger":"airflow.dag_processing.dagbag.BundleDagBag","filename":"dagbag.py","lineno":319}
{"timestamp":"2026-08-25T19:37:01.362734Z","level":"info","event":"Filling up the DagBag from /opt/airflow/dags/orchestrate.py","logger":"airflow.dag_processing.dagbag.BundleDagBag","filename":"dagbag.py","lineno":460}
{"timestamp":"2026-08-25T19:37:01.427589Z","level":"error","event":"Failed to import: /opt/airflow/dags/orchestrate.py","logger":"airflow.dag_processing.importers.python_importer","filename":"python_importer.py","lineno":244,"error_detail":[{"exc_type":"ModuleNotFoundError","exc_value":"No module named 'ingestion'","exc_notes":[],"syntax_error":null,"is_cause":false,"frames":[{"filename":"/home/airflow/.local/lib/python3.13/site-packages/airflow/dag_processing/importers/python_importer.py","lineno":238,"name":"parse"},{"filename":"<frozen importlib._bootstrap_external>","lineno":1023,"name":"exec_module"},{"filename":"<frozen importlib._bootstrap>","lineno":488,"name":"_call_with_frames_removed"},{"filename":"/opt/airflow/dags/orchestrate.py","lineno":2,"name":"<module>"}],"is_group":false,"exceptions":[]}]}
{"timestamp":"2026-08-25T19:37:01.435874Z","level":"error","event":"Error loading DAG from orchestrate.py: No module named 'ingestion'","logger":"airflow.dag_processing.dagbag.BundleDagBag","filename":"dagbag.py","lineno":319}
{"timestamp":"2026-08-25T19:37:31.833214Z","level":"info","event":"Filling up the DagBag from /opt/airflow/dags/orchestrate.py","logger":"airflow.dag_processing.dagbag.BundleDagBag","filename":"dagbag.py","lineno":460}
{"timestamp":"2026-08-25T19:37:31.882156Z","level":"error","event":"Failed to import: /opt/airflow/dags/orchestrate.py","logger":"airflow.dag_processing.importers.python_importer","filename":"python_importer.py","lineno":244,"error_detail":[{"exc_type":"ModuleNotFoundError","exc_value":"No module named 'ingestion'","exc_notes":[],"syntax_error":null,"is_cause":false,"frames":[{"filename":"/home/airflow/.local/lib/python3.13/site-packages/airflow/dag_processing/importers/python_importer.py","lineno":238,"name":"parse"},{"filename":"<frozen importlib._bootstrap_external>","lineno":1023,"name":"exec_module"},{"filename":"<frozen importlib._bootstrap>","lineno":488,"name":"_call_with_frames_removed"},{"filename":"/opt/airflow/dags/orchestrate.py","lineno":2,"name":"<module>"}],"is_group":false,"exceptions":[]}]}
{"timestamp":"2026-08-25T19:37:31.888576Z","level":"error","event":"Error loading DAG from orchestrate.py: No module named 'ingestion'","logger":"airflow.dag_processing.dagbag.BundleDagBag","filename":"dagbag.py","lineno":319}
{"timestamp":"2026-08-25T19:38:02.273904Z","level":"info","event":"Filling up the DagBag from /opt/airflow/dags/orchestrate.py","logger":"airflow.dag_processing.dagbag.BundleDagBag","filename":"dagbag.py","lineno":460}
{"timestamp":"2026-08-25T19:38:02.323142Z","level":"error","event":"Failed to import: /opt/airflow/dags/orchestrate.py","logger":"airflow.dag_processing.importers.python_importer","filename":"python_importer.py","lineno":244,"error_detail":[{"exc_type":"ModuleNotFoundError","exc_value":"No module named 'ingestion'","exc_notes":[],"syntax_error":null,"is_cause":false,"frames":[{"filename":"/home/airflow/.local/lib/python3.13/site-packages/airflow/dag_processing/importers/python_importer.py","lineno":238,"name":"parse"},{"filename":"<frozen importlib._bootstrap_external>","lineno":1023,"name":"exec_module"},{"filename":"<frozen importlib._bootstrap>","lineno":488,"name":"_call_with_frames_removed"},{"filename":"/opt/airflow/dags/orchestrate.py","lineno":2,"name":"<module>"}],"is_group":false,"exceptions":[]}]}
{"timestamp":"2026-08-25T19:38:02.329011Z","level":"error","event":"Error loading DAG from orchestrate.py: No module named 'ingestion'","logger":"airflow.dag_processing.dagbag.BundleDagBag","filename":"dagbag.py","lineno":319}
{"timestamp":"2026-08-25T19:38:32.857612Z","level":"info","event":"Filling up the DagBag from /opt/airflow/dags/orchestrate.py","logger":"airflow.dag_processing.dagbag.BundleDagBag","filename":"dagbag.py","lineno":460}
{"timestamp":"2026-08-25T19:38:32.923356Z","level":"error","event":"Failed to import: /opt/airflow/dags/orchestrate.py","logger":"airflow.dag_processing.importers.python_importer","filename":"python_importer.py","lineno":244,"error_detail":[{"exc_type":"ModuleNotFoundError","exc_value":"No module named 'ingestion'","exc_notes":[],"syntax_error":null,"is_cause":false,"frames":[{"filename":"/home/airflow/.local/lib/python3.13/site-packages/airflow/dag_processing/importers/python_importer.py","lineno":238,"name":"parse"},{"filename":"<frozen importlib._bootstrap_external>","lineno":1023,"name":"exec_module"},{"filename":"<frozen importlib._bootstrap>","lineno":488,"name":"_call_with_frames_removed"},{"filename":"/opt/airflow/dags/orchestrate.py","lineno":2,"name":"<module>"}],"is_group":false,"exceptions":[]}]}
{"timestamp":"2026-08-25T19:38:32.929547Z","level":"error","event":"Error loading DAG from orchestrate.py: No module named 'ingestion'","logger":"airflow.dag_processing.dagbag.BundleDagBag","filename":"dagbag.py","lineno":319}
{"timestamp":"2026-08-25T19:39:03.423479Z","level":"info","event":"Filling up the DagBag from /opt/airflow/dags/orchestrate.py","logger":"airflow.dag_processing.dagbag.BundleDagBag","filename":"dagbag.py","lineno":460}
{"timestamp":"2026-08-25T19:39:03.487261Z","level":"error","event":"Failed to import: /opt/airflow/dags/orchestrate.py","logger":"airflow.dag_processing.importers.python_importer","filename":"python_importer.py","lineno":244,"error_detail":[{"exc_type":"ModuleNotFoundError","exc_value":"No module named 'ingestion'","exc_notes":[],"syntax_error":null,"is_cause":false,"frames":[{"filename":"/home/airflow/.local/lib/python3.13/site-packages/airflow/dag_processing/importers/python_importer.py","lineno":238,"name":"parse"},{"filename":"<frozen importlib._bootstrap_external>","lineno":1023,"name":"exec_module"},{"filename":"<frozen importlib._bootstrap>","lineno":488,"name":"_call_with_frames_removed"},{"filename":"/opt/airflow/dags/orchestrate.py","lineno":2,"name":"<module>"}],"is_group":false,"exceptions":[]}]}
{"timestamp":"2026-08-25T19:39:03.493583Z","level":"error","event":"Error loading DAG from orchestrate.py: No module named 'ingestion'","logger":"airflow.dag_processing.dagbag.BundleDagBag","filename":"dagbag.py","lineno":319}
{"timestamp":"2026-08-25T19:39:33.924167Z","level":"info","event":"Filling up the DagBag from /opt/airflow/dags/orchestrate.py","logger":"airflow.dag_processing.dagbag.BundleDagBag","filename":"dagbag.py","lineno":460}
{"timestamp":"2026-08-25T19:39:33.968782Z","level":"error","event":"Failed to import: /opt/airflow/dags/orchestrate.py","logger":"airflow.dag_processing.importers.python_importer","filename":"python_importer.py","lineno":244,"error_detail":[{"exc_type":"ModuleNotFoundError","exc_value":"No module named 'ingestion'","exc_notes":[],"syntax_error":null,"is_cause":false,"frames":[{"filename":"/home/airflow/.local/lib/python3.13/site-packages/airflow/dag_processing/importers/python_importer.py","lineno":238,"name":"parse"},{"filename":"<frozen importlib._bootstrap_external>","lineno":1023,"name":"exec_module"},{"filename":"<frozen importlib._bootstrap>","lineno":488,"name":"_call_with_frames_removed"},{"filename":"/opt/airflow/dags/orchestrate.py","lineno":2,"name":"<module>"}],"is_group":false,"exceptions":[]}]}
{"timestamp":"2026-08-25T19:39:33.974207Z","level":"error","event":"Error loading DAG from orchestrate.py: No module named 'ingestion'","logger":"airflow.dag_processing.dagbag.BundleDagBag","filename":"dagbag.py","lineno":319}
{"timestamp":"2026-08-25T19:40:04.377815Z","level":"info","event":"Filling up the DagBag from /opt/airflow/dags/orchestrate.py","logger":"airflow.dag_processing.dagbag.BundleDagBag","filename":"dagbag.py","lineno":460}
{"timestamp":"2026-08-25T19:40:04.428695Z","level":"error","event":"Failed to import: /opt/airflow/dags/orchestrate.py","logger":"airflow.dag_processing.importers.python_importer","filename":"python_importer.py","lineno":244,"error_detail":[{"exc_type":"ModuleNotFoundError","exc_value":"No module named 'ingestion'","exc_notes":[],"syntax_error":null,"is_cause":false,"frames":[{"filename":"/home/airflow/.local/lib/python3.13/site-packages/airflow/dag_processing/importers/python_importer.py","lineno":238,"name":"parse"},{"filename":"<frozen importlib._bootstrap_external>","lineno":1023,"name":"exec_module"},{"filename":"<frozen importlib._bootstrap>","lineno":488,"name":"_call_with_frames_removed"},{"filename":"/opt/airflow/dags/orchestrate.py","lineno":2,"name":"<module>"}],"is_group":false,"exceptions":[]}]}
{"timestamp":"2026-08-25T19:40:04.435804Z","level":"error","event":"Error loading DAG from orchestrate.py: No module named 'ingestion'","logger":"airflow.dag_processing.dagbag.BundleDagBag","filename":"dagbag.py","lineno":319}
{"timestamp":"2026-08-25T19:40:34.866219Z","level":"info","event":"Filling up the DagBag from /opt/airflow/dags/orchestrate.py","logger":"airflow.dag_processing.dagbag.BundleDagBag","filename":"dagbag.py","lineno":460}
{"timestamp":"2026-08-25T19:40:34.950816Z","level":"error","event":"Failed to import: /opt/airflow/dags/orchestrate.py","logger":"airflow.dag_processing.importers.python_importer","filename":"python_importer.py","lineno":244,"error_detail":[{"exc_type":"ModuleNotFoundError","exc_value":"No module named 'ingestion'","exc_notes":[],"syntax_error":null,"is_cause":false,"frames":[{"filename":"/home/airflow/.local/lib/python3.13/site-packages/airflow/dag_processing/importers/python_importer.py","lineno":238,"name":"parse"},{"filename":"<frozen importlib._bootstrap_external>","lineno":1023,"name":"exec_module"},{"filename":"<frozen importlib._bootstrap>","lineno":488,"name":"_call_with_frames_removed"},{"filename":"/opt/airflow/dags/orchestrate.py","lineno":2,"name":"<module>"}],"is_group":false,"exceptions":[]}]}
{"timestamp":"2026-08-25T19:40:34.978449Z","level":"error","event":"Error loading DAG from orchestrate.py: No module named 'ingestion'","logger":"airflow.dag_processing.dagbag.BundleDagBag","filename":"dagbag.py","lineno":319}
{"timestamp":"2026-08-25T19:41:05.485774Z","level":"info","event":"Filling up the DagBag from /opt/airflow/dags/orchestrate.py","logger":"airflow.dag_processing.dagbag.BundleDagBag","filename":"dagbag.py","lineno":460}
{"timestamp":"2026-08-25T19:41:05.554082Z","level":"error","event":"Failed to import: /opt/airflow/dags/orchestrate.py","logger":"airflow.dag_processing.importers.python_importer","filename":"python_importer.py","lineno":244,"error_detail":[{"exc_type":"ModuleNotFoundError","exc_value":"No module named 'ingestion'","exc_notes":[],"syntax_error":null,"is_cause":false,"frames":[{"filename":"/home/airflow/.local/lib/python3.13/site-packages/airflow/dag_processing/importers/python_importer.py","lineno":238,"name":"parse"},{"filename":"<frozen importlib._bootstrap_external>","lineno":1023,"name":"exec_module"},{"filename":"<frozen importlib._bootstrap>","lineno":488,"name":"_call_with_frames_removed"},{"filename":"/opt/airflow/dags/orchestrate.py","lineno":2,"name":"<module>"}],"is_group":false,"exceptions":[]}]}
{"timestamp":"2026-08-25T19:41:05.562208Z","level":"error","event":"Error loading DAG from orchestrate.py: No module named 'ingestion'","logger":"airflow.dag_processing.dagbag.BundleDagBag","filename":"dagbag.py","lineno":319}
{"timestamp":"2026-08-25T19:41:36.010356Z","level":"info","event":"Filling up the DagBag from /opt/airflow/dags/orchestrate.py","logger":"airflow.dag_processing.dagbag.BundleDagBag","filename":"dagbag.py","lineno":460}
{"timestamp":"2026-08-25T19:41:36.075881Z","level":"error","event":"Failed to import: /opt/airflow/dags/orchestrate.py","logger":"airflow.dag_processing.importers.python_importer","filename":"python_importer.py","lineno":244,"error_detail":[{"exc_type":"ModuleNotFoundError","exc_value":"No module named 'ingestion'","exc_notes":[],"syntax_error":null,"is_cause":false,"frames":[{"filename":"/home/airflow/.local/lib/python3.13/site-packages/airflow/dag_processing/importers/python_importer.py","lineno":238,"name":"parse"},{"filename":"<frozen importlib._bootstrap_external>","lineno":1023,"name":"exec_module"},{"filename":"<frozen importlib._bootstrap>","lineno":488,"name":"_call_with_frames_removed"},{"filename":"/opt/airflow/dags/orchestrate.py","lineno":2,"name":"<module>"}],"is_group":false,"exceptions":[]}]}
{"timestamp":"2026-08-25T19:41:36.084599Z","level":"error","event":"Error loading DAG from orchestrate.py: No module named 'ingestion'","logger":"airflow.dag_processing.dagbag.BundleDagBag","filename":"dagbag.py","lineno":319}
{"timestamp":"2026-08-25T19:42:06.538295Z","level":"info","event":"Filling up the DagBag from /opt/airflow/dags/orchestrate.py","logger":"airflow.dag_processing.dagbag.BundleDagBag","filename":"dagbag.py","lineno":460}
{"timestamp":"2026-08-25T19:42:06.592148Z","level":"error","event":"Failed to import: /opt/airflow/dags/orchestrate.py","logger":"airflow.dag_processing.importers.python_importer","filename":"python_importer.py","lineno":244,"error_detail":[{"exc_type":"ModuleNotFoundError","exc_value":"No module named 'ingestion'","exc_notes":[],"syntax_error":null,"is_cause":false,"frames":[{"filename":"/home/airflow/.local/lib/python3.13/site-packages/airflow/dag_processing/importers/python_importer.py","lineno":238,"name":"parse"},{"filename":"<frozen importlib._bootstrap_external>","lineno":1023,"name":"exec_module"},{"filename":"<frozen importlib._bootstrap>","lineno":488,"name":"_call_with_frames_removed"},{"filename":"/opt/airflow/dags/orchestrate.py","lineno":2,"name":"<module>"}],"is_group":false,"exceptions":[]}]}
{"timestamp":"2026-08-25T19:42:06.599709Z","level":"error","event":"Error loading DAG from orchestrate.py: No module named 'ingestion'","logger":"airflow.dag_processing.dagbag.BundleDagBag","filename":"dagbag.py","lineno":319}
{"timestamp":"2026-08-25T19:42:37.077497Z","level":"info","event":"Filling up the DagBag from /opt/airflow/dags/orchestrate.py","logger":"airflow.dag_processing.dagbag.BundleDagBag","filename":"dagbag.py","lineno":460}
{"timestamp":"2026-08-25T19:42:37.132850Z","level":"error","event":"Failed to import: /opt/airflow/dags/orchestrate.py","logger":"airflow.dag_processing.importers.python_importer","filename":"python_importer.py","lineno":244,"error_detail":[{"exc_type":"ModuleNotFoundError","exc_value":"No module named 'ingestion'","exc_notes":[],"syntax_error":null,"is_cause":false,"frames":[{"filename":"/home/airflow/.local/lib/python3.13/site-packages/airflow/dag_processing/importers/python_importer.py","lineno":238,"name":"parse"},{"filename":"<frozen importlib._bootstrap_external>","lineno":1023,"name":"exec_module"},{"filename":"<frozen importlib._bootstrap>","lineno":488,"name":"_call_with_frames_removed"},{"filename":"/opt/airflow/dags/orchestrate.py","lineno":2,"name":"<module>"}],"is_group":false,"exceptions":[]}]}
{"timestamp":"2026-08-25T19:42:37.139470Z","level":"error","event":"Error loading DAG from orchestrate.py: No module named 'ingestion'","logger":"airflow.dag_processing.dagbag.BundleDagBag","filename":"dagbag.py","lineno":319}
