{"timestamp":"2026-09-02T16:34:09.135022Z","level":"info","event":"::group::Pre Execute","logger":"task","filename":"task_runner.py","lineno":2412}
{"timestamp":"2026-09-02T16:34:09.169562Z","level":"info","event":"DAG bundles loaded: dags-folder","task_id":"ingest_cdc","run_id":"manual__2026-09-02T16:34:08.080970+00:00","dag_id":"orchestrate","try_number":1,"ti_id":"01a062f8-8088-7ced-9590-3d1caa16f966","map_index":-1,"logger":"airflow.dag_processing.bundles.manager.DagBundlesManager","filename":"manager.py","lineno":304}
{"timestamp":"2026-09-02T16:34:09.172022Z","level":"info","event":"Filling up the DagBag from /opt/airflow/dags/orchestrate.py","task_id":"ingest_cdc","run_id":"manual__2026-09-02T16:34:08.080970+00:00","dag_id":"orchestrate","try_number":1,"ti_id":"01a062f8-8088-7ced-9590-3d1caa16f966","map_index":-1,"logger":"airflow.dag_processing.dagbag.BundleDagBag","filename":"dagbag.py","lineno":460}
{"timestamp":"2026-09-02T16:34:10.295720Z","level":"warning","event":"urllib3 (2.7.0) or chardet (6.0.0.post1)/charset_normalizer (3.4.7) doesn't match a supported version!","category":"UserWarning","filename":"/home/airflow/.local/lib/python3.13/site-packages/snowflake/connector/vendored/requests/__init__.py","lineno":113,"task_id":"ingest_cdc","run_id":"manual__2026-09-02T16:34:08.080970+00:00","dag_id":"orchestrate","try_number":1,"ti_id":"01a062f8-8088-7ced-9590-3d1caa16f966","map_index":-1,"logger":"py.warnings"}
{"timestamp":"2026-09-02T16:34:10.298080Z","level":"info","event":"Worker startup parse complete","bundle_name":"dags-folder","bundle_version":null,"dag_file":"orchestrate.py","dag_id":"orchestrate","bundle_prepare_ms":3,"dag_file_parse_ms":1126,"task_id":"ingest_cdc","run_id":"manual__2026-09-02T16:34:08.080970+00:00","try_number":1,"ti_id":"01a062f8-8088-7ced-9590-3d1caa16f966","map_index":-1,"logger":"task","filename":"task_runner.py","lineno":1073}
{"timestamp":"2026-09-02T16:34:10.326447Z","level":"info","event":"::endgroup::","task_id":"ingest_cdc","run_id":"manual__2026-09-02T16:34:08.080970+00:00","dag_id":"orchestrate","try_number":1,"ti_id":"01a062f8-8088-7ced-9590-3d1caa16f966","map_index":-1,"logger":"task","filename":"task_runner.py","lineno":2232}
{"timestamp":"2026-09-02T16:34:10.628087Z","level":"info","event":"Status: 200","logger":"task.stdout"}
{"timestamp":"2026-09-02T16:34:10.629907Z","level":"info","event":"Opportunities posted since 2026-09-01: 34","logger":"task.stdout"}
{"timestamp":"2026-09-02T16:34:10.631073Z","level":"info","event":"","logger":"task.stdout"}
{"timestamp":"2026-09-02T16:34:10.632060Z","level":"info","event":"================================================================================","logger":"task.stdout"}
{"timestamp":"2026-09-02T16:34:10.632934Z","level":"info","event":"OPPORTUNITY 1 of 34","logger":"task.stdout"}
{"timestamp":"2026-09-02T16:34:10.633804Z","level":"info","event":"================================================================================","logger":"task.stdout"}
{"timestamp":"2026-09-02T16:34:10.634782Z","level":"info","event":"{","logger":"task.stdout"}
{"timestamp":"2026-09-02T16:34:10.635690Z","level":"info","event":"  \"agency\": \"DOS-NEA\",","logger":"task.stdout"}
{"timestamp":"2026-09-02T16:34:10.636529Z","level":"info","event":"  \"agency_code\": \"DOS-NEA\",","logger":"task.stdout"}
{"timestamp":"2026-09-02T16:34:10.637372Z","level":"info","event":"  \"agency_name\": \"Bureau of Near Eastern Affairs\",","logger":"task.stdout"}
{"timestamp":"2026-09-02T16:34:10.638410Z","level":"info","event":"  \"category\": \"discretionary\",","logger":"task.stdout"}
{"timestamp":"2026-09-02T16:34:10.639449Z","level":"info","event":"  \"category_explanation\": null,","logger":"task.stdout"}
{"timestamp":"2026-09-02T16:34:10.640539Z","level":"info","event":"  \"legacy_opportunity_id\": 363786,","logger":"task.stdout"}
{"timestamp":"2026-09-02T16:34:10.641407Z","level":"info","event":"  \"opportunity_assistance_listings\": [","logger":"task.stdout"}
{"timestamp":"2026-09-02T16:34:10.642938Z","level":"info","event":"    {","logger":"task.stdout"}
{"timestamp":"2026-09-02T16:34:10.643774Z","level":"info","event":"      \"assistance_listing_number\": \"19.600\",","logger":"task.stdout"}
{"timestamp":"2026-09-02T16:34:10.644828Z","level":"info","event":"      \"program_title\": \"Bureau of Near Eastern Affairs\"","logger":"task.stdout"}
{"timestamp":"2026-09-02T16:34:10.645815Z","level":"info","event":"    }","logger":"task.stdout"}
{"timestamp":"2026-09-02T16:34:10.647231Z","level":"info","event":"  ],","logger":"task.stdout"}
{"timestamp":"2026-09-02T16:34:10.648452Z","level":"info","event":"  \"opportunity_id\": \"0053b850-f4c8-49a1-af09-ec0b85968888\",","logger":"task.stdout"}
{"timestamp":"2026-09-02T16:34:10.649483Z","level":"info","event":"  \"opportunity_number\": \"DFOP0018819\",","logger":"task.stdout"}
{"timestamp":"2026-09-02T16:34:10.650523Z","level":"info","event":"  \"opportunity_status\": \"posted\",","logger":"task.stdout"}
{"timestamp":"2026-09-02T16:34:10.651525Z","level":"info","event":"  \"opportunity_title\": \"Egypt  Annual Program Statement\",","logger":"task.stdout"}
{"timestamp":"2026-09-02T16:34:10.652185Z","level":"info","event":"  \"purpose_statement\": null,","logger":"task.stdout"}
{"timestamp":"2026-09-02T16:34:10.653130Z","level":"info","event":"  \"summary\": {","logger":"task.stdout"}
{"timestamp":"2026-09-02T16:34:10.654035Z","level":"info","event":"    \"additional_info_url\": \"https://mygrants.servicenowservices.com/mygrants?id=mygrants_form&table=x_g_usd4_d_grant_funding_opportunity&sys_id=8b7e22e7876d8350203441d6cebb35ff&view=Default\",","logger":"task.stdout"}
{"timestamp":"2026-09-02T16:34:10.654942Z","level":"info","event":"    \"additional_info_url_description\": \"Link to Opportunity in MyGrants\",","logger":"task.stdout"}
{"timestamp":"2026-09-02T16:34:10.655718Z","level":"info","event":"    \"agency_contact_description\": \"NEA-Grants@state.gov\",","logger":"task.stdout"}
{"timestamp":"2026-09-02T16:34:10.656618Z","level":"info","event":"    \"agency_email_address\": null,","logger":"task.stdout"}
{"timestamp":"2026-09-02T16:34:10.657792Z","level":"info","event":"    \"agency_email_address_description\": null,","logger":"task.stdout"}
{"timestamp":"2026-09-02T16:34:10.659215Z","level":"info","event":"    \"applicant_eligibility_description\": \"Applicants must be able to operate legally in Egypt.  The following are eligible to apply: \\n- Not-for-profit organizations, including think tanks and civil society/non-governmental organizations  \\n- Public and private educational institutions  \\n- For-profit organizations, such as corporations and commercial firms\\n- Public International Organizations and Governmental institutions\",","logger":"task.stdout"}
{"timestamp":"2026-09-02T16:34:10.660222Z","level":"info","event":"    \"applicant_types\": [","logger":"task.stdout"}
{"timestamp":"2026-09-02T16:34:10.661264Z","level":"info","event":"      \"other\"","logger":"task.stdout"}
{"timestamp":"2026-09-02T16:34:10.662349Z","level":"info","event":"    ],","logger":"task.stdout"}
{"timestamp":"2026-09-02T16:34:10.663628Z","level":"info","event":"    \"archive_date\": null,","logger":"task.stdout"}
{"timestamp":"2026-09-02T16:34:10.664610Z","level":"info","event":"    \"award_ceiling\": 25000000,","logger":"task.stdout"}
{"timestamp":"2026-09-02T16:34:10.665567Z","level":"info","event":"    \"award_floor\": 0,","logger":"task.stdout"}
{"timestamp":"2026-09-02T16:34:10.666595Z","level":"info","event":"    \"close_date\": \"2099-01-01\",","logger":"task.stdout"}
{"timestamp":"2026-09-02T16:34:10.667646Z","level":"info","event":"    \"close_date_description\": \"undefined\",","logger":"task.stdout"}
{"timestamp":"2026-09-02T16:34:10.668706Z","level":"info","event":"    \"created_at\": \"2026-09-02T14:23:25+00:00\",","logger":"task.stdout"}
{"timestamp":"2026-09-02T16:34:10.669518Z","level":"info","event":"    \"estimated_total_program_funding\": 0,","logger":"task.stdout"}
{"timestamp":"2026-09-02T16:34:10.670487Z","level":"info","event":"    \"expected_number_of_awards\": 7,","logger":"task.stdout"}
{"timestamp":"2026-09-02T16:34:10.671368Z","level":"info","event":"    \"fiscal_year\": null,","logger":"task.stdout"}
{"timestamp":"2026-09-02T16:34:10.672274Z","level":"info","event":"    \"forecasted_award_date\": null,","logger":"task.stdout"}
{"timestamp":"2026-09-02T16:34:10.673167Z","level":"info","event":"    \"forecasted_close_date\": null,","logger":"task.stdout"}
{"timestamp":"2026-09-02T16:34:10.674431Z","level":"info","event":"    \"forecasted_close_date_description\": null,","logger":"task.stdout"}
{"timestamp":"2026-09-02T16:34:10.675286Z","level":"info","event":"    \"forecasted_post_date\": null,","logger":"task.stdout"}
{"timestamp":"2026-09-02T16:34:10.676371Z","level":"info","event":"    \"forecasted_project_start_date\": null,","logger":"task.stdout"}
{"timestamp":"2026-09-02T16:34:10.677165Z","level":"info","event":"    \"funding_categories\": [","logger":"task.stdout"}
{"timestamp":"2026-09-02T16:34:10.677973Z","level":"info","event":"      \"other\"","logger":"task.stdout"}
{"timestamp":"2026-09-02T16:34:10.678812Z","level":"info","event":"    ],","logger":"task.stdout"}
{"timestamp":"2026-09-02T16:34:10.679731Z","level":"info","event":"    \"funding_category_description\": \"Proposals may address sectors including: energy development and exports; trade facilitation; emerging technologies (particularly AI and telecommunications); critical infrastructure (aviation, 5G, transport); critical minerals; regional economic integration; advanced manufacturing; workforce training aligned with U.S. business needs; and economic recovery in conflict-affected areas.  Projects should orient implementing partners toward the American business community, foster burden-sharing, and demonstrate how they will help U.S. businesses secure foreign contracts and tenders for key projects.\",","logger":"task.stdout"}
{"timestamp":"2026-09-02T16:34:10.680692Z","level":"info","event":"    \"funding_instruments\": [","logger":"task.stdout"}
{"timestamp":"2026-09-02T16:34:10.681646Z","level":"info","event":"      \"cooperative_agreement\"","logger":"task.stdout"}
{"timestamp":"2026-09-02T16:34:10.682748Z","level":"info","event":"    ],","logger":"task.stdout"}
{"timestamp":"2026-09-02T16:34:10.683935Z","level":"info","event":"    \"is_cost_sharing\": false,","logger":"task.stdout"}
{"timestamp":"2026-09-02T16:34:10.684725Z","level":"info","event":"    \"is_forecast\": false,","logger":"task.stdout"}
{"timestamp":"2026-09-02T16:34:10.685417Z","level":"info","event":"    \"post_date\": \"2026-09-02\",","logger":"task.stdout"}
{"timestamp":"2026-09-02T16:34:10.686145Z","level":"info","event":"    \"summary_description\": \"The Bureau of Near Eastern Affairs\\u2019 Office of Assistance Coordination (NEA/AC) seeks proposals  for projects in Egypt that advance U.S. commercial diplomacy and put American interests first.  Proposals must demonstrate how projects will leverage assistance as a tool of statecraft to advance U.S. economic, security, and diplomatic objectives. Programming should promote trade, not aid, by leveraging assistance resources to champion American enterprise and infrastructure and catalyze private capital through market principles.  Proposals may address sectors including: energy development and exports; trade facilitation; emerging technologies (particularly AI and telecommunications); critical infrastructure (aviation, transport); critical minerals; regional economic integration; advanced manufacturing; workforce training aligned with U.S. business needs; and economic recovery in conflict-affected areas.  Projects should orient implementing partners toward the American business community, foster burden-sharing, and demonstrate how they will help U.S. businesses secure foreign contracts and tenders for key projects.  Review country-specific guidance in the sections below and tailor your proposal to address identified priorities.  NEA/AC may decide to grant multiple awards, one award, or no awards, subject to funding availability and proposal viability.\",","logger":"task.stdout"}
{"timestamp":"2026-09-02T16:34:10.686926Z","level":"info","event":"    \"updated_at\": \"2026-09-02T14:23:25+00:00\",","logger":"task.stdout"}
{"timestamp":"2026-09-02T16:34:10.687463Z","level":"info","event":"    \"version_number\": 1","logger":"task.stdout"}
{"timestamp":"2026-09-02T16:34:10.688282Z","level":"info","event":"  },","logger":"task.stdout"}
{"timestamp":"2026-09-02T16:34:10.688997Z","level":"info","event":"  \"tagline\": null,","logger":"task.stdout"}
{"timestamp":"2026-09-02T16:34:10.689827Z","level":"info","event":"  \"top_level_agency_code\": \"DOS\",","logger":"task.stdout"}
{"timestamp":"2026-09-02T16:34:10.690525Z","level":"info","event":"  \"top_level_agency_name\": \"Department of State\"","logger":"task.stdout"}
{"timestamp":"2026-09-02T16:34:10.691306Z","level":"info","event":"}","logger":"task.stdout"}
{"timestamp":"2026-09-02T16:34:10.692031Z","level":"info","event":"","logger":"task.stdout"}
{"timestamp":"2026-09-02T16:34:10.692844Z","level":"info","event":"================================================================================","logger":"task.stdout"}
{"timestamp":"2026-09-02T16:34:10.693647Z","level":"info","event":"OPPORTUNITY 2 of 34","logger":"task.stdout"}
{"timestamp":"2026-09-02T16:34:10.694271Z","level":"info","event":"================================================================================","logger":"task.stdout"}
{"timestamp":"2026-09-02T16:34:10.695137Z","level":"info","event":"{","logger":"task.stdout"}
{"timestamp":"2026-09-02T16:34:10.696143Z","level":"info","event":"  \"agency\": \"ONDCP\",","logger":"task.stdout"}
{"timestamp":"2026-09-02T16:34:10.697257Z","level":"info","event":"  \"agency_code\": \"ONDCP\",","logger":"task.stdout"}
{"timestamp":"2026-09-02T16:34:10.698033Z","level":"info","event":"  \"agency_name\": \"Office of National Drug Control Policy \",","logger":"task.stdout"}
{"timestamp":"2026-09-02T16:34:10.698760Z","level":"info","event":"  \"category\": \"discretionary\",","logger":"task.stdout"}
{"timestamp":"2026-09-02T16:34:10.699828Z","level":"info","event":"  \"category_explanation\": null,","logger":"task.stdout"}
{"timestamp":"2026-09-02T16:34:10.700675Z","level":"info","event":"  \"legacy_opportunity_id\": 363788,","logger":"task.stdout"}
{"timestamp":"2026-09-02T16:34:10.701413Z","level":"info","event":"  \"opportunity_assistance_listings\": [","logger":"task.stdout"}
{"timestamp":"2026-09-02T16:34:10.702186Z","level":"info","event":"    {","logger":"task.stdout"}
{"timestamp":"2026-09-02T16:34:10.702768Z","level":"info","event":"      \"assistance_listing_number\": \"95.007\",","logger":"task.stdout"}
{"timestamp":"2026-09-02T16:34:10.703339Z","level":"info","event":"      \"program_title\": \"Research and Data Analysis\"","logger":"task.stdout"}
{"timestamp":"2026-09-02T16:34:10.704099Z","level":"info","event":"    }","logger":"task.stdout"}
{"timestamp":"2026-09-02T16:34:10.704856Z","level":"info","event":"  ],","logger":"task.stdout"}
{"timestamp":"2026-09-02T16:34:10.705533Z","level":"info","event":"  \"opportunity_id\": \"52807626-8a17-40c4-9612-447b0d14cee9\",","logger":"task.stdout"}
{"timestamp":"2026-09-02T16:34:10.706199Z","level":"info","event":"  \"opportunity_number\": \"RD-ET-RDA-26-002\",","logger":"task.stdout"}
{"timestamp":"2026-09-02T16:34:10.706893Z","level":"info","event":"  \"opportunity_status\": \"posted\",","logger":"task.stdout"}
{"timestamp":"2026-09-02T16:34:10.707558Z","level":"info","event":"  \"opportunity_title\": \"Improving the Capacity of Tribal Communities to Identify Emerging Drug Threats\",","logger":"task.stdout"}
{"timestamp":"2026-09-02T16:34:10.708172Z","level":"info","event":"  \"purpose_statement\": null,","logger":"task.stdout"}
{"timestamp":"2026-09-02T16:34:10.708892Z","level":"info","event":"  \"summary\": {","logger":"task.stdout"}
{"timestamp":"2026-09-02T16:34:10.709922Z","level":"info","event":"    \"additional_info_url\": \"https://www.grantsolutions.gov/gs/preaward/previewPublicAnnouncement.do?id=127826\",","logger":"task.stdout"}
{"timestamp":"2026-09-02T16:34:10.710887Z","level":"info","event":"    \"additional_info_url_description\": \"Improving the Capacity of Tribal Communities to Identify Emerging Drug Threats\",","logger":"task.stdout"}
{"timestamp":"2026-09-02T16:34:10.711759Z","level":"info","event":"    \"agency_contact_description\": \"Grants.gov Contact Center\\nPhone Number: 1-800-518-4726\\n\\nHours of operation are 24 hours a day, 7 days a week. The contact center is closed on federal holidays.\\nsupport@grants.gov\",","logger":"task.stdout"}
{"timestamp":"2026-09-02T16:34:10.712505Z","level":"info","event":"    \"agency_email_address\": \"support@grants.gov\",","logger":"task.stdout"}
{"timestamp":"2026-09-02T16:34:10.713323Z","level":"info","event":"    \"agency_email_address_description\": \"Grants.gov Customer Support\",","logger":"task.stdout"}
{"timestamp":"2026-09-02T16:34:10.714058Z","level":"info","event":"    \"applicant_eligibility_description\": \"Health Care Organizations\",","logger":"task.stdout"}
{"timestamp":"2026-09-02T16:34:10.714750Z","level":"info","event":"    \"applicant_types\": [","logger":"task.stdout"}
{"timestamp":"2026-09-02T16:34:10.715466Z","level":"info","event":"      \"private_institutions_of_higher_education\",","logger":"task.stdout"}
{"timestamp":"2026-09-02T16:34:10.716263Z","level":"info","event":"      \"federally_recognized_native_american_tribal_governments\",","logger":"task.stdout"}
{"timestamp":"2026-09-02T16:34:10.717100Z","level":"info","event":"      \"public_and_state_institutions_of_higher_education\",","logger":"task.stdout"}
{"timestamp":"2026-09-02T16:34:10.717724Z","level":"info","event":"      \"other_native_american_tribal_organizations\",","logger":"task.stdout"}
{"timestamp":"2026-09-02T16:34:10.718499Z","level":"info","event":"      \"nonprofits_non_higher_education_with_501c3\",","logger":"task.stdout"}
{"timestamp":"2026-09-02T16:34:10.719079Z","level":"info","event":"      \"other\"","logger":"task.stdout"}
{"timestamp":"2026-09-02T16:34:10.719627Z","level":"info","event":"    ],","logger":"task.stdout"}
{"timestamp":"2026-09-02T16:34:10.720292Z","level":"info","event":"    \"archive_date\": \"2026-10-13\",","logger":"task.stdout"}
{"timestamp":"2026-09-02T16:34:10.721118Z","level":"info","event":"    \"award_ceiling\": 300000,","logger":"task.stdout"}
{"timestamp":"2026-09-02T16:34:10.721842Z","level":"info","event":"    \"award_floor\": 0,","logger":"task.stdout"}
{"timestamp":"2026-09-02T16:34:10.722527Z","level":"info","event":"    \"close_date\": \"2026-09-13\",","logger":"task.stdout"}
{"timestamp":"2026-09-02T16:34:10.723202Z","level":"info","event":"    \"close_date_description\": \"No Explanation\",","logger":"task.stdout"}
{"timestamp":"2026-09-02T16:34:10.724090Z","level":"info","event":"    \"created_at\": \"2026-09-02T14:55:55+00:00\",","logger":"task.stdout"}
{"timestamp":"2026-09-02T16:34:10.725123Z","level":"info","event":"    \"estimated_total_program_funding\": null,","logger":"task.stdout"}
{"timestamp":"2026-09-02T16:34:10.726146Z","level":"info","event":"    \"expected_number_of_awards\": 1,","logger":"task.stdout"}
{"timestamp":"2026-09-02T16:34:10.726806Z","level":"info","event":"    \"fiscal_year\": null,","logger":"task.stdout"}
{"timestamp":"2026-09-02T16:34:10.727815Z","level":"info","event":"    \"forecasted_award_date\": null,","logger":"task.stdout"}
{"timestamp":"2026-09-02T16:34:10.728705Z","level":"info","event":"    \"forecasted_close_date\": null,","logger":"task.stdout"}
{"timestamp":"2026-09-02T16:34:10.729509Z","level":"info","event":"    \"forecasted_close_date_description\": null,","logger":"task.stdout"}
{"timestamp":"2026-09-02T16:34:10.730409Z","level":"info","event":"    \"forecasted_post_date\": null,","logger":"task.stdout"}
{"timestamp":"2026-09-02T16:34:10.731306Z","level":"info","event":"    \"forecasted_project_start_date\": null,","logger":"task.stdout"}
{"timestamp":"2026-09-02T16:34:10.732061Z","level":"info","event":"    \"funding_categories\": [","logger":"task.stdout"}
{"timestamp":"2026-09-02T16:34:10.732766Z","level":"info","event":"      \"health\"","logger":"task.stdout"}
{"timestamp":"2026-09-02T16:34:10.733890Z","level":"info","event":"    ],","logger":"task.stdout"}
{"timestamp":"2026-09-02T16:34:10.734703Z","level":"info","event":"    \"funding_category_description\": null,","logger":"task.stdout"}
{"timestamp":"2026-09-02T16:34:10.735354Z","level":"info","event":"    \"funding_instruments\": [","logger":"task.stdout"}
{"timestamp":"2026-09-02T16:34:10.736114Z","level":"info","event":"      \"cooperative_agreement\"","logger":"task.stdout"}
{"timestamp":"2026-09-02T16:34:10.737081Z","level":"info","event":"    ],","logger":"task.stdout"}
{"timestamp":"2026-09-02T16:34:10.737955Z","level":"info","event":"    \"is_cost_sharing\": false,","logger":"task.stdout"}
{"timestamp":"2026-09-02T16:34:10.738788Z","level":"info","event":"    \"is_forecast\": false,","logger":"task.stdout"}
{"timestamp":"2026-09-02T16:34:10.739426Z","level":"info","event":"    \"post_date\": \"2026-09-02\",","logger":"task.stdout"}
{"timestamp":"2026-09-02T16:34:10.740118Z","level":"info","event":"    \"summary_description\": \"This project would fund researchers to address key impediments or challenges that Tribal communities face related to their capacity to identify emerging drug threats and conduct a pilot project to help these communities improve their capacity to detect and respond to emerging drug threats.\",","logger":"task.stdout"}
{"timestamp":"2026-09-02T16:34:10.741038Z","level":"info","event":"    \"updated_at\": \"2026-09-02T14:55:55+00:00\",","logger":"task.stdout"}
{"timestamp":"2026-09-02T16:34:10.741636Z","level":"info","event":"    \"version_number\": 1","logger":"task.stdout"}
{"timestamp":"2026-09-02T16:34:10.742560Z","level":"info","event":"  },","logger":"task.stdout"}
{"timestamp":"2026-09-02T16:34:10.743411Z","level":"info","event":"  \"tagline\": null,","logger":"task.stdout"}
{"timestamp":"2026-09-02T16:34:10.744187Z","level":"info","event":"  \"top_level_agency_code\": \"ONDCP\",","logger":"task.stdout"}
{"timestamp":"2026-09-02T16:34:10.745051Z","level":"info","event":"  \"top_level_agency_name\": \"Office of National Drug Control Policy \"","logger":"task.stdout"}
{"timestamp":"2026-09-02T16:34:10.745933Z","level":"info","event":"}","logger":"task.stdout"}
{"timestamp":"2026-09-02T16:34:10.746701Z","level":"info","event":"","logger":"task.stdout"}
{"timestamp":"2026-09-02T16:34:10.747568Z","level":"info","event":"================================================================================","logger":"task.stdout"}
{"timestamp":"2026-09-02T16:34:10.748525Z","level":"info","event":"OPPORTUNITY 3 of 34","logger":"task.stdout"}
{"timestamp":"2026-09-02T16:34:10.749388Z","level":"info","event":"================================================================================","logger":"task.stdout"}
{"timestamp":"2026-09-02T16:34:10.750210Z","level":"info","event":"{","logger":"task.stdout"}
{"timestamp":"2026-09-02T16:34:10.751000Z","level":"info","event":"  \"agency\": \"USDA-NIFA\",","logger":"task.stdout"}
{"timestamp":"2026-09-02T16:34:10.751814Z","level":"info","event":"  \"agency_code\": \"USDA-NIFA\",","logger":"task.stdout"}
{"timestamp":"2026-09-02T16:34:10.752649Z","level":"info","event":"  \"agency_name\": \"National Institute of Food and Agriculture\",","logger":"task.stdout"}
{"timestamp":"2026-09-02T16:34:10.753523Z","level":"info","event":"  \"category\": \"discretionary\",","logger":"task.stdout"}
{"timestamp":"2026-09-02T16:34:10.754299Z","level":"info","event":"  \"category_explanation\": null,","logger":"task.stdout"}
{"timestamp":"2026-09-02T16:34:10.754919Z","level":"info","event":"  \"legacy_opportunity_id\": 363784,","logger":"task.stdout"}
{"timestamp":"2026-09-02T16:34:10.755685Z","level":"info","event":"  \"opportunity_assistance_listings\": [","logger":"task.stdout"}
{"timestamp":"2026-09-02T16:34:10.756223Z","level":"info","event":"    {","logger":"task.stdout"}
{"timestamp":"2026-09-02T16:34:10.757038Z","level":"info","event":"      \"assistance_listing_number\": \"10.517\",","logger":"task.stdout"}
{"timestamp":"2026-09-02T16:34:10.758061Z","level":"info","event":"      \"program_title\": \"Tribal Colleges Extension Programs\"","logger":"task.stdout"}
{"timestamp":"2026-09-02T16:34:10.759116Z","level":"info","event":"    }","logger":"task.stdout"}
{"timestamp":"2026-09-02T16:34:10.759914Z","level":"info","event":"  ],","logger":"task.stdout"}
{"timestamp":"2026-09-02T16:34:10.760865Z","level":"info","event":"  \"opportunity_id\": \"9a259ba7-a7dd-4404-895a-5ae0b9eb79f0\",","logger":"task.stdout"}
{"timestamp":"2026-09-02T16:34:10.761950Z","level":"info","event":"  \"opportunity_number\": \"USDA-NIFA-SLBCD-012281\",","logger":"task.stdout"}
{"timestamp":"2026-09-02T16:34:10.763075Z","level":"info","event":"  \"opportunity_status\": \"posted\",","logger":"task.stdout"}
{"timestamp":"2026-09-02T16:34:10.764196Z","level":"info","event":"  \"opportunity_title\": \"Tribal Colleges Extension Program Special Emphasis\",","logger":"task.stdout"}
{"timestamp":"2026-09-02T16:34:10.765107Z","level":"info","event":"  \"purpose_statement\": null,","logger":"task.stdout"}
{"timestamp":"2026-09-02T16:34:10.766012Z","level":"info","event":"  \"summary\": {","logger":"task.stdout"}
{"timestamp":"2026-09-02T16:34:10.767064Z","level":"info","event":"    \"additional_info_url\": \"https://www.nifa.usda.gov/grants/funding-opportunities/tribal-colleges-extension-program-special-emphasis\",","logger":"task.stdout"}
{"timestamp":"2026-09-02T16:34:10.768070Z","level":"info","event":"    \"additional_info_url_description\": \"Tribal Colleges Extension Program Special Emphasis\",","logger":"task.stdout"}
{"timestamp":"2026-09-02T16:34:10.769269Z","level":"info","event":"    \"agency_contact_description\": \"Business hours: Monday thru Friday, 8a.m. \\u2013 5p.m. CT, except federal holidays\",","logger":"task.stdout"}
{"timestamp":"2026-09-02T16:34:10.770349Z","level":"info","event":"    \"agency_email_address\": \"grantapplicationquestions@usda.gov\",","logger":"task.stdout"}
{"timestamp":"2026-09-02T16:34:10.771244Z","level":"info","event":"    \"agency_email_address_description\": \"grantapplicationquestions@usda.gov\",","logger":"task.stdout"}
{"timestamp":"2026-09-02T16:34:10.771943Z","level":"info","event":"    \"applicant_eligibility_description\": \"Applicants for the TCEP-SE must meet all the requirements discussed in this NOFO. Failure to meet the eligibility criteria by the application deadline may result in exclusion from consideration or, preclude NIFA from making an award. For those new to Federal financial assistance, NIFA\\u2019s About Grants provides highly recommended information about grants and other resources to help understand the Federal awards process.\\r\\n\\r\\nApplications may only be submitted by colleges and universities designated as 1994 Institutions by legislation. \\r\\n\\r\\nThe following colleges and universities  are eligible for this program: Aaniiih Nakoda College, Bay Mills Community College, Blackfeet Community College, Cankdeska Cikana Community College, Chief Dull Knife College, College of the Menominee Nation, College of the Muscogee Nation, Din\\u00e9 College, Fond du Lac Tribal and Community College, Fort Peck Community College, Haskell Indian Nations University, I\\u1e37isa\\u0121vik College, Institute of American Indian Arts, Keweenaw Bay Ojibwa Community College, Lac Courte Oreilles Ojibwa University, Leech Lake Tribal College, Little Big Horn College, Little Priest Tribal College, Navajo Technical University, Nebraska Indian Community College, Northwest Indian College, Nueta Hidatsa Sahnish College, Oglala Lakota College, Red Lake Nation College, Saginaw Chippewa Tribal College, Salish Kootenai College, Sinte Gleska University, Sisseton Wahpeton College, Sitting Bull College, Southwestern Indian Polytechnic Institute, Stone Child College, Tohono O\\u2019odham Community College, Turtle Mountain Community College, United Tribes Technical College, and White Earth Tribal and Community College.\\r\\n\\r\\nAn eligible institution may submit a maximum of two applications per eligible institution. There is generally a limit of two awards to any one eligible institution in response to this NOFO (Refer to Part II, C of this NOFO for Project and Grant Types).\\r\\n\\r\\nUSDA will not accept competitive applications for grant and cooperative agreements submitted for dangerous gain-of-function research, as defined in Section 8 of E.O. 14292.\\r\\n\\r\\nDuplicate or Multiple Submissions. Duplicate or multiple submissions are not allowed. NIFA will disqualify both applications if an applicant submits duplicate or multiple submissions.\",","logger":"task.stdout"}
{"timestamp":"2026-09-02T16:34:10.772645Z","level":"info","event":"    \"applicant_types\": [","logger":"task.stdout"}
{"timestamp":"2026-09-02T16:34:10.773407Z","level":"info","event":"      \"other\"","logger":"task.stdout"}
{"timestamp":"2026-09-02T16:34:10.774157Z","level":"info","event":"    ],","logger":"task.stdout"}
{"timestamp":"2026-09-02T16:34:10.774907Z","level":"info","event":"    \"archive_date\": \"2026-12-02\",","logger":"task.stdout"}
{"timestamp":"2026-09-02T16:34:10.776008Z","level":"info","event":"    \"award_ceiling\": 200000,","logger":"task.stdout"}
{"timestamp":"2026-09-02T16:34:10.776926Z","level":"info","event":"    \"award_floor\": 50000,","logger":"task.stdout"}
{"timestamp":"2026-09-02T16:34:10.777729Z","level":"info","event":"    \"close_date\": \"2026-11-02\",","logger":"task.stdout"}
{"timestamp":"2026-09-02T16:34:10.778448Z","level":"info","event":"    \"close_date_description\": \"\",","logger":"task.stdout"}
{"timestamp":"2026-09-02T16:34:10.779356Z","level":"info","event":"    \"created_at\": \"2026-09-02T12:29:58+00:00\",","logger":"task.stdout"}
{"timestamp":"2026-09-02T16:34:10.780285Z","level":"info","event":"    \"estimated_total_program_funding\": 1500000,","logger":"task.stdout"}
{"timestamp":"2026-09-02T16:34:10.781357Z","level":"info","event":"    \"expected_number_of_awards\": 5,","logger":"task.stdout"}
{"timestamp":"2026-09-02T16:34:10.781985Z","level":"info","event":"    \"fiscal_year\": null,","logger":"task.stdout"}
{"timestamp":"2026-09-02T16:34:10.782907Z","level":"info","event":"    \"forecasted_award_date\": null,","logger":"task.stdout"}
{"timestamp":"2026-09-02T16:34:10.783802Z","level":"info","event":"    \"forecasted_close_date\": null,","logger":"task.stdout"}
{"timestamp":"2026-09-02T16:34:10.784828Z","level":"info","event":"    \"forecasted_close_date_description\": null,","logger":"task.stdout"}
{"timestamp":"2026-09-02T16:34:10.785673Z","level":"info","event":"    \"forecasted_post_date\": null,","logger":"task.stdout"}
{"timestamp":"2026-09-02T16:34:10.786476Z","level":"info","event":"    \"forecasted_project_start_date\": null,","logger":"task.stdout"}
{"timestamp":"2026-09-02T16:34:10.787272Z","level":"info","event":"    \"funding_categories\": [","logger":"task.stdout"}
{"timestamp":"2026-09-02T16:34:10.787912Z","level":"info","event":"      \"agriculture\"","logger":"task.stdout"}
{"timestamp":"2026-09-02T16:34:10.788655Z","level":"info","event":"    ],","logger":"task.stdout"}
{"timestamp":"2026-09-02T16:34:10.789340Z","level":"info","event":"    \"funding_category_description\": null,","logger":"task.stdout"}
{"timestamp":"2026-09-02T16:34:10.790123Z","level":"info","event":"    \"funding_instruments\": [","logger":"task.stdout"}
{"timestamp":"2026-09-02T16:34:10.790864Z","level":"info","event":"      \"grant\"","logger":"task.stdout"}
{"timestamp":"2026-09-02T16:34:10.791787Z","level":"info","event":"    ],","logger":"task.stdout"}
{"timestamp":"2026-09-02T16:34:10.792812Z","level":"info","event":"    \"is_cost_sharing\": false,","logger":"task.stdout"}
{"timestamp":"2026-09-02T16:34:10.793842Z","level":"info","event":"    \"is_forecast\": false,","logger":"task.stdout"}
{"timestamp":"2026-09-02T16:34:10.794840Z","level":"info","event":"    \"post_date\": \"2026-09-02\",","logger":"task.stdout"}
{"timestamp":"2026-09-02T16:34:10.795901Z","level":"info","event":"    \"summary_description\": \"<p><span style=\\\"color: black;\\\">The TCEP-SE under assistance listing 10.517, provides informal, community-focused extension pilot projects at 1994 Institutions. Pilot projects may focus on community needs that address emerging issues such as agricultural productivity, improving food systems, community vitality, workforce and economic development, public health and well-being, engaging Tribal youths, and preparing the next generation of Tribal agriculture leaders.</span></p>\",","logger":"task.stdout"}
{"timestamp":"2026-09-02T16:34:10.796882Z","level":"info","event":"    \"updated_at\": \"2026-09-02T12:29:58+00:00\",","logger":"task.stdout"}
{"timestamp":"2026-09-02T16:34:10.797598Z","level":"info","event":"    \"version_number\": 1","logger":"task.stdout"}
{"timestamp":"2026-09-02T16:34:10.798341Z","level":"info","event":"  },","logger":"task.stdout"}
{"timestamp":"2026-09-02T16:34:10.799267Z","level":"info","event":"  \"tagline\": null,","logger":"task.stdout"}
{"timestamp":"2026-09-02T16:34:10.801853Z","level":"info","event":"  \"top_level_agency_code\": \"USDA\",","logger":"task.stdout"}
{"timestamp":"2026-09-02T16:34:10.803144Z","level":"info","event":"  \"top_level_agency_name\": \"Department of Agriculture\"","logger":"task.stdout"}
{"timestamp":"2026-09-02T16:34:10.804292Z","level":"info","event":"}","logger":"task.stdout"}
{"timestamp":"2026-09-02T16:34:10.805551Z","level":"info","event":"","logger":"task.stdout"}
{"timestamp":"2026-09-02T16:34:10.806669Z","level":"info","event":"================================================================================","logger":"task.stdout"}
{"timestamp":"2026-09-02T16:34:10.807648Z","level":"info","event":"OPPORTUNITY 4 of 34","logger":"task.stdout"}
{"timestamp":"2026-09-02T16:34:10.808783Z","level":"info","event":"================================================================================","logger":"task.stdout"}
{"timestamp":"2026-09-02T16:34:10.809631Z","level":"info","event":"{","logger":"task.stdout"}
{"timestamp":"2026-09-02T16:34:10.810730Z","level":"info","event":"  \"agency\": \"USDA-NIFA\",","logger":"task.stdout"}
{"timestamp":"2026-09-02T16:34:10.811735Z","level":"info","event":"  \"agency_code\": \"USDA-NIFA\",","logger":"task.stdout"}
{"timestamp":"2026-09-02T16:34:10.812828Z","level":"info","event":"  \"agency_name\": \"National Institute of Food and Agriculture\",","logger":"task.stdout"}
{"timestamp":"2026-09-02T16:34:10.813618Z","level":"info","event":"  \"category\": \"mandatory\",","logger":"task.stdout"}
{"timestamp":"2026-09-02T16:34:10.814250Z","level":"info","event":"  \"category_explanation\": null,","logger":"task.stdout"}
{"timestamp":"2026-09-02T16:34:10.815006Z","level":"info","event":"  \"legacy_opportunity_id\": 363785,","logger":"task.stdout"}
{"timestamp":"2026-09-02T16:34:10.815978Z","level":"info","event":"  \"opportunity_assistance_listings\": [","logger":"task.stdout"}
{"timestamp":"2026-09-02T16:34:10.816791Z","level":"info","event":"    {","logger":"task.stdout"}
{"timestamp":"2026-09-02T16:34:10.817439Z","level":"info","event":"      \"assistance_listing_number\": \"10.309\",","logger":"task.stdout"}
{"timestamp":"2026-09-02T16:34:10.817934Z","level":"info","event":"      \"program_title\": \"Specialty Crop Research Initiative\"","logger":"task.stdout"}
{"timestamp":"2026-09-02T16:34:10.818697Z","level":"info","event":"    }","logger":"task.stdout"}
{"timestamp":"2026-09-02T16:34:10.819279Z","level":"info","event":"  ],","logger":"task.stdout"}
{"timestamp":"2026-09-02T16:34:10.819978Z","level":"info","event":"  \"opportunity_id\": \"da11c5e7-19b0-44f3-97d8-292f68b3d67a\",","logger":"task.stdout"}
{"timestamp":"2026-09-02T16:34:10.820802Z","level":"info","event":"  \"opportunity_number\": \"USDA-NIFA-SCRI-012018\",","logger":"task.stdout"}
{"timestamp":"2026-09-02T16:34:10.821712Z","level":"info","event":"  \"opportunity_status\": \"posted\",","logger":"task.stdout"}
{"timestamp":"2026-09-02T16:34:10.822471Z","level":"info","event":"  \"opportunity_title\": \"Emergency Citrus Disease Research and Extension Pre-Applications\",","logger":"task.stdout"}
{"timestamp":"2026-09-02T16:34:10.823110Z","level":"info","event":"  \"purpose_statement\": null,","logger":"task.stdout"}
{"timestamp":"2026-09-02T16:34:10.823684Z","level":"info","event":"  \"summary\": {","logger":"task.stdout"}
{"timestamp":"2026-09-02T16:34:10.824484Z","level":"info","event":"    \"additional_info_url\": \"https://www.nifa.usda.gov/grants/funding-opportunities/emergency-citrus-disease-research-extension-program-pre-applications\",","logger":"task.stdout"}
{"timestamp":"2026-09-02T16:34:10.825447Z","level":"info","event":"    \"additional_info_url_description\": \"Emergency Citrus Disease Research and Extension Pre-Applications\",","logger":"task.stdout"}
{"timestamp":"2026-09-02T16:34:10.826409Z","level":"info","event":"    \"agency_contact_description\": \"Business hours: Monday thru Friday, 8a.m. \\u2013 5p.m. CT, except federal holidays\",","logger":"task.stdout"}
{"timestamp":"2026-09-02T16:34:10.827725Z","level":"info","event":"    \"agency_email_address\": \"grantapplicationquestions@usda.gov\",","logger":"task.stdout"}
{"timestamp":"2026-09-02T16:34:10.828598Z","level":"info","event":"    \"agency_email_address_description\": \"grantapplicationquestions@usda.gov\",","logger":"task.stdout"}
{"timestamp":"2026-09-02T16:34:10.829330Z","level":"info","event":"    \"applicant_eligibility_description\": \"Pre-applicants for the ECDRE must meet all the requirements discussed in this NOFO. Failure to meet the eligibility criteria by the application deadline may result in exclusion from consideration for those new to Federal financial assistance, NIFA\\u2019s About Grants provides highly recommended information about grants and other resources to help understand the Federal awards process.\\r\\n\\r\\nPre-applications for the ECDRE may only be submitted by Federal agencies, national laboratories, colleges and universities, research institutions and organizations, private organizations or corporations, State Agricultural Experiment Stations, the Cooperative Extension Service, individuals, or groups consisting of two or more of these entities.\\r\\n\\r\\nDuplicate or Multiple Submission. Duplicate or multiple submissions with the same lead PD are not allowed. NIFA will disqualify both applications if an applicant submits duplicate or multiple submissions. However, an applicant may act as a Co-PD on multiple unique submissions as well as submit a single unique application as the Lead PD in the same fiscal year.\\r\\n\\r\\nUSDA will not accept competitive applications for grant and cooperative agreements submitted for dangerous gain-of-function research, as defined in Section 8 of E.O. 14292.\",","logger":"task.stdout"}
{"timestamp":"2026-09-02T16:34:10.830121Z","level":"info","event":"    \"applicant_types\": [","logger":"task.stdout"}
{"timestamp":"2026-09-02T16:34:10.830783Z","level":"info","event":"      \"other\"","logger":"task.stdout"}
{"timestamp":"2026-09-02T16:34:10.831441Z","level":"info","event":"    ],","logger":"task.stdout"}
{"timestamp":"2026-09-02T16:34:10.832466Z","level":"info","event":"    \"archive_date\": \"2026-12-02\",","logger":"task.stdout"}
{"timestamp":"2026-09-02T16:34:10.833416Z","level":"info","event":"    \"award_ceiling\": 15000000,","logger":"task.stdout"}
{"timestamp":"2026-09-02T16:34:10.834211Z","level":"info","event":"    \"award_floor\": 500000,","logger":"task.stdout"}
{"timestamp":"2026-09-02T16:34:10.834996Z","level":"info","event":"    \"close_date\": \"2026-11-02\",","logger":"task.stdout"}
{"timestamp":"2026-09-02T16:34:10.835588Z","level":"info","event":"    \"close_date_description\": \"\",","logger":"task.stdout"}
{"timestamp":"2026-09-02T16:34:10.836261Z","level":"info","event":"    \"created_at\": \"2026-09-02T12:45:40+00:00\",","logger":"task.stdout"}
{"timestamp":"2026-09-02T16:34:10.837051Z","level":"info","event":"    \"estimated_total_program_funding\": 46237828,","logger":"task.stdout"}
{"timestamp":"2026-09-02T16:34:10.837633Z","level":"info","event":"    \"expected_number_of_awards\": 21,","logger":"task.stdout"}
{"timestamp":"2026-09-02T16:34:10.838360Z","level":"info","event":"    \"fiscal_year\": null,","logger":"task.stdout"}
{"timestamp":"2026-09-02T16:34:10.838886Z","level":"info","event":"    \"forecasted_award_date\": null,","logger":"task.stdout"}
{"timestamp":"2026-09-02T16:34:10.839522Z","level":"info","event":"    \"forecasted_close_date\": null,","logger":"task.stdout"}
{"timestamp":"2026-09-02T16:34:10.840119Z","level":"info","event":"    \"forecasted_close_date_description\": null,","logger":"task.stdout"}
{"timestamp":"2026-09-02T16:34:10.840830Z","level":"info","event":"    \"forecasted_post_date\": null,","logger":"task.stdout"}
{"timestamp":"2026-09-02T16:34:10.841524Z","level":"info","event":"    \"forecasted_project_start_date\": null,","logger":"task.stdout"}
{"timestamp":"2026-09-02T16:34:10.842259Z","level":"info","event":"    \"funding_categories\": [","logger":"task.stdout"}
{"timestamp":"2026-09-02T16:34:10.843149Z","level":"info","event":"      \"agriculture\"","logger":"task.stdout"}
{"timestamp":"2026-09-02T16:34:10.843889Z","level":"info","event":"    ],","logger":"task.stdout"}
{"timestamp":"2026-09-02T16:34:10.844727Z","level":"info","event":"    \"funding_category_description\": null,","logger":"task.stdout"}
{"timestamp":"2026-09-02T16:34:10.845512Z","level":"info","event":"    \"funding_instruments\": [","logger":"task.stdout"}
{"timestamp":"2026-09-02T16:34:10.846344Z","level":"info","event":"      \"grant\"","logger":"task.stdout"}
{"timestamp":"2026-09-02T16:34:10.847104Z","level":"info","event":"    ],","logger":"task.stdout"}
{"timestamp":"2026-09-02T16:34:10.848060Z","level":"info","event":"    \"is_cost_sharing\": false,","logger":"task.stdout"}
{"timestamp":"2026-09-02T16:34:10.848783Z","level":"info","event":"    \"is_forecast\": false,","logger":"task.stdout"}
{"timestamp":"2026-09-02T16:34:10.849363Z","level":"info","event":"    \"post_date\": \"2026-09-02\",","logger":"task.stdout"}
{"timestamp":"2026-09-02T16:34:10.850220Z","level":"info","event":"    \"summary_description\": \"<p>In FY 2026, the ECDRE program, under Assistance Listing 10.309, is soliciting proposals to develop effective tactics and strategies to control HLB and its disease complex for financially sustainable citrus production in the United States. All projects funded by the ECDRE program will incorporate collaborative approaches that integrate available knowledge to develop new solutions that can be deployed by growers to manage and prevent HLB infection in the near term.</p>\",","logger":"task.stdout"}
{"timestamp":"2026-09-02T16:34:10.850843Z","level":"info","event":"    \"updated_at\": \"2026-09-02T12:45:40+00:00\",","logger":"task.stdout"}
{"timestamp":"2026-09-02T16:34:10.851542Z","level":"info","event":"    \"version_number\": 1","logger":"task.stdout"}
{"timestamp":"2026-09-02T16:34:10.852141Z","level":"info","event":"  },","logger":"task.stdout"}
{"timestamp":"2026-09-02T16:34:10.852896Z","level":"info","event":"  \"tagline\": null,","logger":"task.stdout"}
{"timestamp":"2026-09-02T16:34:10.853553Z","level":"info","event":"  \"top_level_agency_code\": \"USDA\",","logger":"task.stdout"}
{"timestamp":"2026-09-02T16:34:10.854416Z","level":"info","event":"  \"top_level_agency_name\": \"Department of Agriculture\"","logger":"task.stdout"}
{"timestamp":"2026-09-02T16:34:10.855045Z","level":"info","event":"}","logger":"task.stdout"}
{"timestamp":"2026-09-02T16:34:10.855776Z","level":"info","event":"","logger":"task.stdout"}
{"timestamp":"2026-09-02T16:34:10.856418Z","level":"info","event":"================================================================================","logger":"task.stdout"}
{"timestamp":"2026-09-02T16:34:10.857148Z","level":"info","event":"OPPORTUNITY 5 of 34","logger":"task.stdout"}
{"timestamp":"2026-09-02T16:34:10.857767Z","level":"info","event":"================================================================================","logger":"task.stdout"}
{"timestamp":"2026-09-02T16:34:10.858426Z","level":"info","event":"{","logger":"task.stdout"}
{"timestamp":"2026-09-02T16:34:10.859183Z","level":"info","event":"  \"agency\": \"HHS-NIH11\",","logger":"task.stdout"}
{"timestamp":"2026-09-02T16:34:10.860208Z","level":"info","event":"  \"agency_code\": \"HHS-NIH11\",","logger":"task.stdout"}
{"timestamp":"2026-09-02T16:34:10.861089Z","level":"info","event":"  \"agency_name\": \"National Institutes of Health\",","logger":"task.stdout"}
{"timestamp":"2026-09-02T16:34:10.861856Z","level":"info","event":"  \"category\": \"discretionary\",","logger":"task.stdout"}
{"timestamp":"2026-09-02T16:34:10.862825Z","level":"info","event":"  \"category_explanation\": null,","logger":"task.stdout"}
{"timestamp":"2026-09-02T16:34:10.863572Z","level":"info","event":"  \"legacy_opportunity_id\": 359740,","logger":"task.stdout"}
{"timestamp":"2026-09-02T16:34:10.864367Z","level":"info","event":"  \"opportunity_assistance_listings\": [","logger":"task.stdout"}
{"timestamp":"2026-09-02T16:34:10.865115Z","level":"info","event":"    {","logger":"task.stdout"}
{"timestamp":"2026-09-02T16:34:10.865698Z","level":"info","event":"      \"assistance_listing_number\": \"93.866\",","logger":"task.stdout"}
{"timestamp":"2026-09-02T16:34:10.866417Z","level":"info","event":"      \"program_title\": \"Aging Research\"","logger":"task.stdout"}
{"timestamp":"2026-09-02T16:34:10.867209Z","level":"info","event":"    }","logger":"task.stdout"}
{"timestamp":"2026-09-02T16:34:10.868004Z","level":"info","event":"  ],","logger":"task.stdout"}
{"timestamp":"2026-09-02T16:34:10.868711Z","level":"info","event":"  \"opportunity_id\": \"507bb18b-7239-4c03-b50d-4a3b60589be7\",","logger":"task.stdout"}
{"timestamp":"2026-09-02T16:34:10.869329Z","level":"info","event":"  \"opportunity_number\": \"RFA-AG-27-010\",","logger":"task.stdout"}
{"timestamp":"2026-09-02T16:34:10.869918Z","level":"info","event":"  \"opportunity_status\": \"posted\",","logger":"task.stdout"}
{"timestamp":"2026-09-02T16:34:10.870572Z","level":"info","event":"  \"opportunity_title\": \"Data Coordinating Center for the Aging and Alzheimer\\u2019s Disease Mouse Brain Atlas (AD-MBA) (U24 Clinical Trial Not Allowed)\",","logger":"task.stdout"}
{"timestamp":"2026-09-02T16:34:10.871304Z","level":"info","event":"  \"purpose_statement\": null,","logger":"task.stdout"}
{"timestamp":"2026-09-02T16:34:10.871992Z","level":"info","event":"  \"summary\": {","logger":"task.stdout"}
{"timestamp":"2026-09-02T16:34:10.872750Z","level":"info","event":"    \"additional_info_url\": null,","logger":"task.stdout"}
{"timestamp":"2026-09-02T16:34:10.873421Z","level":"info","event":"    \"additional_info_url_description\": null,","logger":"task.stdout"}
{"timestamp":"2026-09-02T16:34:10.874001Z","level":"info","event":"    \"agency_contact_description\": \"National Institute on Aging (NIA)\\nNIA-NOFO-Grants@nih.gov\",","logger":"task.stdout"}
{"timestamp":"2026-09-02T16:34:10.874587Z","level":"info","event":"    \"agency_email_address\": \"NIA-NOFO-Grants@nih.gov\",","logger":"task.stdout"}
{"timestamp":"2026-09-02T16:34:10.875315Z","level":"info","event":"    \"agency_email_address_description\": \"NIA-NOFO-Grants@nih.gov\",","logger":"task.stdout"}
{"timestamp":"2026-09-02T16:34:10.875961Z","level":"info","event":"    \"applicant_eligibility_description\": \"Refer to Section III. Eligibility Information in the NOFO for additional information on eligibility.Foreign Organizations/Foreign CollaborationsNon-domestic (non-U.S.) Entities (Foreign Organizations) are not eligible to apply.Non-domestic (non-U.S.) components of U.S. Organizations are not eligible to apply.Foreign components, as defined in the NIH Grants Policy Statement, are allowed. NIH will no longer issue awards (i.e., new, renewal, or non-competing continuation) to domestic or foreign entities that involve foreign subawards/subcontracts. All NIH-funded research involving foreign subawards/subcontracts must be submitted in response to a NOFO that is specifically designated for funded international collaborations. See NIH Grants Policy Statement 16.8 Collaborative International Research Awards.Applications involving foreign subawards/subcontracts submitted in response to this NOFO will be deemed noncompliant and will not be considered for funding. This policy applies to all monetary international collaborations resulting in foreign subawards/subcontracts, however, it does not preclude unfunded international collaborations or foreign components, funding for foreign consultants, or procurement of unique equipment or supplies from foreign vendors.\",","logger":"task.stdout"}
{"timestamp":"2026-09-02T16:34:10.876669Z","level":"info","event":"    \"applicant_types\": [","logger":"task.stdout"}
{"timestamp":"2026-09-02T16:34:10.877318Z","level":"info","event":"      \"public_and_state_institutions_of_higher_education\",","logger":"task.stdout"}
{"timestamp":"2026-09-02T16:34:10.878090Z","level":"info","event":"      \"public_and_indian_housing_authorities\",","logger":"task.stdout"}
{"timestamp":"2026-09-02T16:34:10.878884Z","level":"info","event":"      \"federally_recognized_native_american_tribal_governments\",","logger":"task.stdout"}
{"timestamp":"2026-09-02T16:34:10.879581Z","level":"info","event":"      \"city_or_township_governments\",","logger":"task.stdout"}
{"timestamp":"2026-09-02T16:34:10.880235Z","level":"info","event":"      \"small_businesses\",","logger":"task.stdout"}
{"timestamp":"2026-09-02T16:34:10.880936Z","level":"info","event":"      \"special_district_governments\",","logger":"task.stdout"}
{"timestamp":"2026-09-02T16:34:10.881570Z","level":"info","event":"      \"other\",","logger":"task.stdout"}
{"timestamp":"2026-09-02T16:34:10.882219Z","level":"info","event":"      \"private_institutions_of_higher_education\",","logger":"task.stdout"}
{"timestamp":"2026-09-02T16:34:10.882764Z","level":"info","event":"      \"state_governments\",","logger":"task.stdout"}
{"timestamp":"2026-09-02T16:34:10.883333Z","level":"info","event":"      \"independent_school_districts\",","logger":"task.stdout"}
{"timestamp":"2026-09-02T16:34:10.884110Z","level":"info","event":"      \"other_native_american_tribal_organizations\",","logger":"task.stdout"}
{"timestamp":"2026-09-02T16:34:10.884790Z","level":"info","event":"      \"county_governments\",","logger":"task.stdout"}
{"timestamp":"2026-09-02T16:34:10.885503Z","level":"info","event":"      \"nonprofits_non_higher_education_with_501c3\",","logger":"task.stdout"}
{"timestamp":"2026-09-02T16:34:10.886191Z","level":"info","event":"      \"for_profit_organizations_other_than_small_businesses\",","logger":"task.stdout"}
{"timestamp":"2026-09-02T16:34:10.886863Z","level":"info","event":"      \"nonprofits_non_higher_education_without_501c3\"","logger":"task.stdout"}
{"timestamp":"2026-09-02T16:34:10.887569Z","level":"info","event":"    ],","logger":"task.stdout"}
{"timestamp":"2026-09-02T16:34:10.888349Z","level":"info","event":"    \"archive_date\": \"2027-01-09\",","logger":"task.stdout"}
{"timestamp":"2026-09-02T16:34:10.889056Z","level":"info","event":"    \"award_ceiling\": null,","logger":"task.stdout"}
{"timestamp":"2026-09-02T16:34:10.889898Z","level":"info","event":"    \"award_floor\": null,","logger":"task.stdout"}
{"timestamp":"2026-09-02T16:34:10.890693Z","level":"info","event":"    \"close_date\": \"2026-11-10\",","logger":"task.stdout"}
{"timestamp":"2026-09-02T16:34:10.891423Z","level":"info","event":"    \"close_date_description\": null,","logger":"task.stdout"}
{"timestamp":"2026-09-02T16:34:10.892477Z","level":"info","event":"    \"created_at\": \"2026-09-01T15:38:43+00:00\",","logger":"task.stdout"}
{"timestamp":"2026-09-02T16:34:10.893448Z","level":"info","event":"    \"estimated_total_program_funding\": 2500000,","logger":"task.stdout"}
{"timestamp":"2026-09-02T16:34:10.894523Z","level":"info","event":"    \"expected_number_of_awards\": 1,","logger":"task.stdout"}
{"timestamp":"2026-09-02T16:34:10.895327Z","level":"info","event":"    \"fiscal_year\": null,","logger":"task.stdout"}
{"timestamp":"2026-09-02T16:34:10.896149Z","level":"info","event":"    \"forecasted_award_date\": null,","logger":"task.stdout"}
{"timestamp":"2026-09-02T16:34:10.896926Z","level":"info","event":"    \"forecasted_close_date\": null,","logger":"task.stdout"}
{"timestamp":"2026-09-02T16:34:10.897865Z","level":"info","event":"    \"forecasted_close_date_description\": null,","logger":"task.stdout"}
{"timestamp":"2026-09-02T16:34:10.898691Z","level":"info","event":"    \"forecasted_post_date\": null,","logger":"task.stdout"}
{"timestamp":"2026-09-02T16:34:10.899333Z","level":"info","event":"    \"forecasted_project_start_date\": null,","logger":"task.stdout"}
{"timestamp":"2026-09-02T16:34:10.900073Z","level":"info","event":"    \"funding_categories\": [","logger":"task.stdout"}
{"timestamp":"2026-09-02T16:34:10.900674Z","level":"info","event":"      \"health\"","logger":"task.stdout"}
{"timestamp":"2026-09-02T16:34:10.901464Z","level":"info","event":"    ],","logger":"task.stdout"}
{"timestamp":"2026-09-02T16:34:10.902100Z","level":"info","event":"    \"funding_category_description\": null,","logger":"task.stdout"}
{"timestamp":"2026-09-02T16:34:10.902747Z","level":"info","event":"    \"funding_instruments\": [","logger":"task.stdout"}
{"timestamp":"2026-09-02T16:34:10.903350Z","level":"info","event":"      \"cooperative_agreement\"","logger":"task.stdout"}
{"timestamp":"2026-09-02T16:34:10.904031Z","level":"info","event":"    ],","logger":"task.stdout"}
{"timestamp":"2026-09-02T16:34:10.904832Z","level":"info","event":"    \"is_cost_sharing\": false,","logger":"task.stdout"}
{"timestamp":"2026-09-02T16:34:10.905626Z","level":"info","event":"    \"is_forecast\": false,","logger":"task.stdout"}
{"timestamp":"2026-09-02T16:34:10.906309Z","level":"info","event":"    \"post_date\": \"2026-09-01\",","logger":"task.stdout"}
{"timestamp":"2026-09-02T16:34:10.907015Z","level":"info","event":"    \"summary_description\": \"This Notice of Funding Opportunity (NOFO) invites applications proposing a Data Coordinating Center that integrates and disseminates multiscale mouse brain datasets for the aging and Alzheimer's disease (AD) research community. The Data Coordinating Center will establish the Aging and AD Mouse Brain Atlas (AD-MBA), which will serve as a central, unified research resource for multi-omic and connectomic mouse brain datasets emerging from the NIA AD Multimodal Atlas Projects (AD-MAPs). The Data Coordinating Center will (1) leverage the NIA-supported AD Knowledge Portal data infrastructure to facilitate hosting, deposition, and dissemination of multimodal datasets generated by the AD-MAPs program, (2) facilitate collaborative analyses among the data-contributing teams, (3) develop/optimize and incorporate tools for multiscale integration of multi-omics and connectomics datasets, and (4) create a broadly accessible web-based interface for the visualization and dissemination of integrated multiscale data.\",","logger":"task.stdout"}
{"timestamp":"2026-09-02T16:34:10.907773Z","level":"info","event":"    \"updated_at\": \"2026-09-01T15:38:43+00:00\",","logger":"task.stdout"}
{"timestamp":"2026-09-02T16:34:10.908479Z","level":"info","event":"    \"version_number\": 1","logger":"task.stdout"}
{"timestamp":"2026-09-02T16:34:10.909550Z","level":"info","event":"  },","logger":"task.stdout"}
{"timestamp":"2026-09-02T16:34:10.910316Z","level":"info","event":"  \"tagline\": null,","logger":"task.stdout"}
{"timestamp":"2026-09-02T16:34:10.911092Z","level":"info","event":"  \"top_level_agency_code\": \"HHS\",","logger":"task.stdout"}
{"timestamp":"2026-09-02T16:34:10.911714Z","level":"info","event":"  \"top_level_agency_name\": \"Department of Health and Human Services\"","logger":"task.stdout"}
{"timestamp":"2026-09-02T16:34:10.912308Z","level":"info","event":"}","logger":"task.stdout"}
{"timestamp":"2026-09-02T16:34:10.912964Z","level":"info","event":"","logger":"task.stdout"}
{"timestamp":"2026-09-02T16:34:10.913726Z","level":"info","event":"================================================================================","logger":"task.stdout"}
{"timestamp":"2026-09-02T16:34:10.914459Z","level":"info","event":"OPPORTUNITY 6 of 34","logger":"task.stdout"}
{"timestamp":"2026-09-02T16:34:10.915223Z","level":"info","event":"================================================================================","logger":"task.stdout"}
{"timestamp":"2026-09-02T16:34:10.915992Z","level":"info","event":"{","logger":"task.stdout"}
{"timestamp":"2026-09-02T16:34:10.916657Z","level":"info","event":"  \"agency\": \"HHS-NIH11\",","logger":"task.stdout"}
{"timestamp":"2026-09-02T16:34:10.917179Z","level":"info","event":"  \"agency_code\": \"HHS-NIH11\",","logger":"task.stdout"}
{"timestamp":"2026-09-02T16:34:10.917846Z","level":"info","event":"  \"agency_name\": \"National Institutes of Health\",","logger":"task.stdout"}
{"timestamp":"2026-09-02T16:34:10.918504Z","level":"info","event":"  \"category\": \"discretionary\",","logger":"task.stdout"}
{"timestamp":"2026-09-02T16:34:10.919062Z","level":"info","event":"  \"category_explanation\": null,","logger":"task.stdout"}
{"timestamp":"2026-09-02T16:34:10.919584Z","level":"info","event":"  \"legacy_opportunity_id\": 360875,","logger":"task.stdout"}
{"timestamp":"2026-09-02T16:34:10.920359Z","level":"info","event":"  \"opportunity_assistance_listings\": [","logger":"task.stdout"}
{"timestamp":"2026-09-02T16:34:10.921019Z","level":"info","event":"    {","logger":"task.stdout"}
{"timestamp":"2026-09-02T16:34:10.921640Z","level":"info","event":"      \"assistance_listing_number\": \"93.855\",","logger":"task.stdout"}
{"timestamp":"2026-09-02T16:34:10.922202Z","level":"info","event":"      \"program_title\": \"Allergy and Infectious Diseases Research\"","logger":"task.stdout"}
{"timestamp":"2026-09-02T16:34:10.922858Z","level":"info","event":"    }","logger":"task.stdout"}
{"timestamp":"2026-09-02T16:34:10.923520Z","level":"info","event":"  ],","logger":"task.stdout"}
{"timestamp":"2026-09-02T16:34:10.924742Z","level":"info","event":"  \"opportunity_id\": \"493ea282-9ea7-48d4-9567-8495dceb20d4\",","logger":"task.stdout"}
{"timestamp":"2026-09-02T16:34:10.925596Z","level":"info","event":"  \"opportunity_number\": \"RFA-AI-27-002\",","logger":"task.stdout"}
{"timestamp":"2026-09-02T16:34:10.926447Z","level":"info","event":"  \"opportunity_status\": \"posted\",","logger":"task.stdout"}
{"timestamp":"2026-09-02T16:34:10.927142Z","level":"info","event":"  \"opportunity_title\": \"Infectious Diseases Clinical Trials Network (IDCTN) (UM1 Clinical Trial Required)\",","logger":"task.stdout"}
{"timestamp":"2026-09-02T16:34:10.927736Z","level":"info","event":"  \"purpose_statement\": null,","logger":"task.stdout"}
{"timestamp":"2026-09-02T16:34:10.928251Z","level":"info","event":"  \"summary\": {","logger":"task.stdout"}
{"timestamp":"2026-09-02T16:34:10.929096Z","level":"info","event":"    \"additional_info_url\": null,","logger":"task.stdout"}
{"timestamp":"2026-09-02T16:34:10.929730Z","level":"info","event":"    \"additional_info_url_description\": null,","logger":"task.stdout"}
{"timestamp":"2026-09-02T16:34:10.930284Z","level":"info","event":"    \"agency_contact_description\": \"Marina S. Lee, Ph.D.\\nIDCTN_NOFO@mail.nih.gov\",","logger":"task.stdout"}
{"timestamp":"2026-09-02T16:34:10.930896Z","level":"info","event":"    \"agency_email_address\": \"IDCTN_NOFO@mail.nih.gov\",","logger":"task.stdout"}
{"timestamp":"2026-09-02T16:34:10.931562Z","level":"info","event":"    \"agency_email_address_description\": \"IDCTN_NOFO@mail.nih.gov\",","logger":"task.stdout"}
{"timestamp":"2026-09-02T16:34:10.932203Z","level":"info","event":"    \"applicant_eligibility_description\": \"Refer to Section III. Eligibility Information in the NOFO for additional information on eligibility.Foreign Organizations/Foreign CollaborationsNon-domestic (non-U.S.) Entities (Foreign Organizations) are not eligible to apply.Non-domestic (non-U.S.) components of U.S. Organizations are not eligible to apply.Foreign components, as defined in the NIH Grants Policy Statement, are allowed. NIH will no longer issue awards (i.e., new, renewal, or non-competing continuation) to domestic or foreign entities that involve foreign subawards/subcontracts. All NIH-funded research involving foreign subawards/subcontracts must be submitted in response to a NOFO that is specifically designated for funded international collaborations. See NIH Grants Policy Statement 16.8 Collaborative International Research Awards.Applications involving foreign subawards/subcontracts submitted in response to this NOFO will be deemed noncompliant and will not be considered for funding. This policy applies to all monetary international collaborations resulting in foreign subawards/subcontracts, however, it does not preclude unfunded international collaborations or foreign components, funding for foreign consultants, or procurement of unique equipment or supplies from foreign vendors.\",","logger":"task.stdout"}
{"timestamp":"2026-09-02T16:34:10.933023Z","level":"info","event":"    \"applicant_types\": [","logger":"task.stdout"}
{"timestamp":"2026-09-02T16:34:10.933634Z","level":"info","event":"      \"county_governments\",","logger":"task.stdout"}
{"timestamp":"2026-09-02T16:34:10.934309Z","level":"info","event":"      \"public_and_indian_housing_authorities\",","logger":"task.stdout"}
{"timestamp":"2026-09-02T16:34:10.934957Z","level":"info","event":"      \"private_institutions_of_higher_education\",","logger":"task.stdout"}
{"timestamp":"2026-09-02T16:34:10.935622Z","level":"info","event":"      \"federally_recognized_native_american_tribal_governments\",","logger":"task.stdout"}
{"timestamp":"2026-09-02T16:34:10.936529Z","level":"info","event":"      \"special_district_governments\",","logger":"task.stdout"}
{"timestamp":"2026-09-02T16:34:10.937185Z","level":"info","event":"      \"city_or_township_governments\",","logger":"task.stdout"}
{"timestamp":"2026-09-02T16:34:10.937764Z","level":"info","event":"      \"other_native_american_tribal_organizations\",","logger":"task.stdout"}
{"timestamp":"2026-09-02T16:34:10.938382Z","level":"info","event":"      \"for_profit_organizations_other_than_small_businesses\",","logger":"task.stdout"}
{"timestamp":"2026-09-02T16:34:10.939166Z","level":"info","event":"      \"nonprofits_non_higher_education_without_501c3\",","logger":"task.stdout"}
{"timestamp":"2026-09-02T16:34:10.940018Z","level":"info","event":"      \"small_businesses\",","logger":"task.stdout"}
{"timestamp":"2026-09-02T16:34:10.940747Z","level":"info","event":"      \"state_governments\",","logger":"task.stdout"}
{"timestamp":"2026-09-02T16:34:10.941511Z","level":"info","event":"      \"public_and_state_institutions_of_higher_education\",","logger":"task.stdout"}
{"timestamp":"2026-09-02T16:34:10.942604Z","level":"info","event":"      \"nonprofits_non_higher_education_with_501c3\",","logger":"task.stdout"}
{"timestamp":"2026-09-02T16:34:10.943462Z","level":"info","event":"      \"independent_school_districts\",","logger":"task.stdout"}
{"timestamp":"2026-09-02T16:34:10.944422Z","level":"info","event":"      \"other\"","logger":"task.stdout"}
{"timestamp":"2026-09-02T16:34:10.945159Z","level":"info","event":"    ],","logger":"task.stdout"}
{"timestamp":"2026-09-02T16:34:10.945971Z","level":"info","event":"    \"archive_date\": \"2027-01-09\",","logger":"task.stdout"}
{"timestamp":"2026-09-02T16:34:10.946723Z","level":"info","event":"    \"award_ceiling\": null,","logger":"task.stdout"}
{"timestamp":"2026-09-02T16:34:10.947567Z","level":"info","event":"    \"award_floor\": null,","logger":"task.stdout"}
{"timestamp":"2026-09-02T16:34:10.948384Z","level":"info","event":"    \"close_date\": \"2026-11-10\",","logger":"task.stdout"}
{"timestamp":"2026-09-02T16:34:10.949076Z","level":"info","event":"    \"close_date_description\": null,","logger":"task.stdout"}
{"timestamp":"2026-09-02T16:34:10.949765Z","level":"info","event":"    \"created_at\": \"2026-09-01T15:24:23+00:00\",","logger":"task.stdout"}
{"timestamp":"2026-09-02T16:34:10.950469Z","level":"info","event":"    \"estimated_total_program_funding\": 10000000,","logger":"task.stdout"}
{"timestamp":"2026-09-02T16:34:10.951090Z","level":"info","event":"    \"expected_number_of_awards\": null,","logger":"task.stdout"}
{"timestamp":"2026-09-02T16:34:10.951697Z","level":"info","event":"    \"fiscal_year\": null,","logger":"task.stdout"}
{"timestamp":"2026-09-02T16:34:10.952484Z","level":"info","event":"    \"forecasted_award_date\": null,","logger":"task.stdout"}
{"timestamp":"2026-09-02T16:34:10.953142Z","level":"info","event":"    \"forecasted_close_date\": null,","logger":"task.stdout"}
{"timestamp":"2026-09-02T16:34:10.953776Z","level":"info","event":"    \"forecasted_close_date_description\": null,","logger":"task.stdout"}
{"timestamp":"2026-09-02T16:34:10.954412Z","level":"info","event":"    \"forecasted_post_date\": null,","logger":"task.stdout"}
{"timestamp":"2026-09-02T16:34:10.955094Z","level":"info","event":"    \"forecasted_project_start_date\": null,","logger":"task.stdout"}
{"timestamp":"2026-09-02T16:34:10.956102Z","level":"info","event":"    \"funding_categories\": [","logger":"task.stdout"}
{"timestamp":"2026-09-02T16:34:10.956700Z","level":"info","event":"      \"health\"","logger":"task.stdout"}
{"timestamp":"2026-09-02T16:34:10.957397Z","level":"info","event":"    ],","logger":"task.stdout"}
{"timestamp":"2026-09-02T16:34:10.958068Z","level":"info","event":"    \"funding_category_description\": null,","logger":"task.stdout"}
{"timestamp":"2026-09-02T16:34:10.958692Z","level":"info","event":"    \"funding_instruments\": [","logger":"task.stdout"}
{"timestamp":"2026-09-02T16:34:10.959326Z","level":"info","event":"      \"cooperative_agreement\"","logger":"task.stdout"}
{"timestamp":"2026-09-02T16:34:10.959916Z","level":"info","event":"    ],","logger":"task.stdout"}
{"timestamp":"2026-09-02T16:34:10.960593Z","level":"info","event":"    \"is_cost_sharing\": false,","logger":"task.stdout"}
{"timestamp":"2026-09-02T16:34:10.961165Z","level":"info","event":"    \"is_forecast\": false,","logger":"task.stdout"}
{"timestamp":"2026-09-02T16:34:10.961843Z","level":"info","event":"    \"post_date\": \"2026-09-01\",","logger":"task.stdout"}
{"timestamp":"2026-09-02T16:34:10.962360Z","level":"info","event":"    \"summary_description\": \"The purpose of this notice of funding opportunity (NOFO) is to solicit applications for an Infectious Diseases Clinical Trials Network (IDCTN). The IDCTN, comprised of the Clinical Trial Evaluation Units (CTEUs) and a Network Coordination Center (NCC), supports the evaluation of interventions for emerging and chronic infections. The CTEUs design and implement clinical trials and studies, while the NCC provides the administrative and operational framework for a collaborative, integrated network and engages with experts in the field to solicit and generate clinical trial concepts. The NCC and CTEUs will collaboratively create opportunities to advance investigators early in their careers and those new to the field.\",","logger":"task.stdout"}
{"timestamp":"2026-09-02T16:34:10.963084Z","level":"info","event":"    \"updated_at\": \"2026-09-01T15:24:23+00:00\",","logger":"task.stdout"}
{"timestamp":"2026-09-02T16:34:10.963838Z","level":"info","event":"    \"version_number\": 1","logger":"task.stdout"}
{"timestamp":"2026-09-02T16:34:10.964626Z","level":"info","event":"  },","logger":"task.stdout"}
{"timestamp":"2026-09-02T16:34:10.965539Z","level":"info","event":"  \"tagline\": null,","logger":"task.stdout"}
{"timestamp":"2026-09-02T16:34:10.966218Z","level":"info","event":"  \"top_level_agency_code\": \"HHS\",","logger":"task.stdout"}
{"timestamp":"2026-09-02T16:34:10.966872Z","level":"info","event":"  \"top_level_agency_name\": \"Department of Health and Human Services\"","logger":"task.stdout"}
{"timestamp":"2026-09-02T16:34:10.967428Z","level":"info","event":"}","logger":"task.stdout"}
{"timestamp":"2026-09-02T16:34:10.968129Z","level":"info","event":"","logger":"task.stdout"}
{"timestamp":"2026-09-02T16:34:10.968840Z","level":"info","event":"================================================================================","logger":"task.stdout"}
{"timestamp":"2026-09-02T16:34:10.969595Z","level":"info","event":"OPPORTUNITY 7 of 34","logger":"task.stdout"}
{"timestamp":"2026-09-02T16:34:10.970351Z","level":"info","event":"================================================================================","logger":"task.stdout"}
{"timestamp":"2026-09-02T16:34:10.970992Z","level":"info","event":"{","logger":"task.stdout"}
{"timestamp":"2026-09-02T16:34:10.971569Z","level":"info","event":"  \"agency\": \"IMLS\",","logger":"task.stdout"}
{"timestamp":"2026-09-02T16:34:10.972528Z","level":"info","event":"  \"agency_code\": \"IMLS\",","logger":"task.stdout"}
{"timestamp":"2026-09-02T16:34:10.973354Z","level":"info","event":"  \"agency_name\": \"Institute of Museum and Library Services\",","logger":"task.stdout"}
{"timestamp":"2026-09-02T16:34:10.974033Z","level":"info","event":"  \"category\": \"discretionary\",","logger":"task.stdout"}
{"timestamp":"2026-09-02T16:34:10.974820Z","level":"info","event":"  \"category_explanation\": null,","logger":"task.stdout"}
{"timestamp":"2026-09-02T16:34:10.975461Z","level":"info","event":"  \"legacy_opportunity_id\": 363771,","logger":"task.stdout"}
{"timestamp":"2026-09-02T16:34:10.976122Z","level":"info","event":"  \"opportunity_assistance_listings\": [","logger":"task.stdout"}
{"timestamp":"2026-09-02T16:34:10.977063Z","level":"info","event":"    {","logger":"task.stdout"}
{"timestamp":"2026-09-02T16:34:10.977786Z","level":"info","event":"      \"assistance_listing_number\": \"45.301\",","logger":"task.stdout"}
{"timestamp":"2026-09-02T16:34:10.978377Z","level":"info","event":"      \"program_title\": \"Museums for America\"","logger":"task.stdout"}
{"timestamp":"2026-09-02T16:34:10.979186Z","level":"info","event":"    }","logger":"task.stdout"}
{"timestamp":"2026-09-02T16:34:10.979838Z","level":"info","event":"  ],","logger":"task.stdout"}
{"timestamp":"2026-09-02T16:34:10.980455Z","level":"info","event":"  \"opportunity_id\": \"0446a0bd-e2df-4d94-9def-53833babebb0\",","logger":"task.stdout"}
{"timestamp":"2026-09-02T16:34:10.981040Z","level":"info","event":"  \"opportunity_number\": \"IGSM-FY27\",","logger":"task.stdout"}
{"timestamp":"2026-09-02T16:34:10.981716Z","level":"info","event":"  \"opportunity_status\": \"posted\",","logger":"task.stdout"}
{"timestamp":"2026-09-02T16:34:10.982353Z","level":"info","event":"  \"opportunity_title\": \"Inspire Grants for Small Museums (2027)\",","logger":"task.stdout"}
{"timestamp":"2026-09-02T16:34:10.982840Z","level":"info","event":"  \"purpose_statement\": null,","logger":"task.stdout"}
{"timestamp":"2026-09-02T16:34:10.983444Z","level":"info","event":"  \"summary\": {","logger":"task.stdout"}
{"timestamp":"2026-09-02T16:34:10.984011Z","level":"info","event":"    \"additional_info_url\": \"https://www.imls.gov/find-funding/funding-opportunities/grant-programs/inspire-grants-for-small-museums\",","logger":"task.stdout"}
{"timestamp":"2026-09-02T16:34:10.984668Z","level":"info","event":"    \"additional_info_url_description\": \"https://www.imls.gov/find-funding/funding-opportunities/grant-programs/inspire-grants-for-small-museums\",","logger":"task.stdout"}
{"timestamp":"2026-09-02T16:34:10.985358Z","level":"info","event":"    \"agency_contact_description\": \"imls-museumgrants@imls.gov\\nimls-museumgrants@imls.gov\",","logger":"task.stdout"}
{"timestamp":"2026-09-02T16:34:10.986000Z","level":"info","event":"    \"agency_email_address\": \"imls-museumgrants@imls.gov\",","logger":"task.stdout"}
{"timestamp":"2026-09-02T16:34:10.986627Z","level":"info","event":"    \"agency_email_address_description\": \"imls-museumgrants@imls.gov\",","logger":"task.stdout"}
{"timestamp":"2026-09-02T16:34:10.987759Z","level":"info","event":"    \"applicant_eligibility_description\": \"See the Notice of Funding Opportunity for eligibility information.\",","logger":"task.stdout"}
{"timestamp":"2026-09-02T16:34:10.988587Z","level":"info","event":"    \"applicant_types\": [","logger":"task.stdout"}
{"timestamp":"2026-09-02T16:34:10.989190Z","level":"info","event":"      \"other\"","logger":"task.stdout"}
{"timestamp":"2026-09-02T16:34:10.989717Z","level":"info","event":"    ],","logger":"task.stdout"}
{"timestamp":"2026-09-02T16:34:10.990479Z","level":"info","event":"    \"archive_date\": null,","logger":"task.stdout"}
{"timestamp":"2026-09-02T16:34:10.991041Z","level":"info","event":"    \"award_ceiling\": 75000,","logger":"task.stdout"}
{"timestamp":"2026-09-02T16:34:10.991821Z","level":"info","event":"    \"award_floor\": 5000,","logger":"task.stdout"}
{"timestamp":"2026-09-02T16:34:10.992779Z","level":"info","event":"    \"close_date\": \"2026-11-13\",","logger":"task.stdout"}
{"timestamp":"2026-09-02T16:34:10.993765Z","level":"info","event":"    \"close_date_description\": null,","logger":"task.stdout"}
{"timestamp":"2026-09-02T16:34:10.994344Z","level":"info","event":"    \"created_at\": \"2026-09-01T17:08:36+00:00\",","logger":"task.stdout"}
{"timestamp":"2026-09-02T16:34:10.995244Z","level":"info","event":"    \"estimated_total_program_funding\": 3000000,","logger":"task.stdout"}
{"timestamp":"2026-09-02T16:34:10.995765Z","level":"info","event":"    \"expected_number_of_awards\": 75,","logger":"task.stdout"}
{"timestamp":"2026-09-02T16:34:10.996556Z","level":"info","event":"    \"fiscal_year\": null,","logger":"task.stdout"}
{"timestamp":"2026-09-02T16:34:10.997177Z","level":"info","event":"    \"forecasted_award_date\": null,","logger":"task.stdout"}
{"timestamp":"2026-09-02T16:34:10.997970Z","level":"info","event":"    \"forecasted_close_date\": null,","logger":"task.stdout"}
{"timestamp":"2026-09-02T16:34:10.998678Z","level":"info","event":"    \"forecasted_close_date_description\": null,","logger":"task.stdout"}
{"timestamp":"2026-09-02T16:34:10.999209Z","level":"info","event":"    \"forecasted_post_date\": null,","logger":"task.stdout"}
{"timestamp":"2026-09-02T16:34:10.999730Z","level":"info","event":"    \"forecasted_project_start_date\": null,","logger":"task.stdout"}
{"timestamp":"2026-09-02T16:34:11.000438Z","level":"info","event":"    \"funding_categories\": [","logger":"task.stdout"}
{"timestamp":"2026-09-02T16:34:11.000956Z","level":"info","event":"      \"arts\",","logger":"task.stdout"}
{"timestamp":"2026-09-02T16:34:11.001533Z","level":"info","event":"      \"humanities\"","logger":"task.stdout"}
{"timestamp":"2026-09-02T16:34:11.002105Z","level":"info","event":"    ],","logger":"task.stdout"}
{"timestamp":"2026-09-02T16:34:11.002789Z","level":"info","event":"    \"funding_category_description\": null,","logger":"task.stdout"}
{"timestamp":"2026-09-02T16:34:11.003558Z","level":"info","event":"    \"funding_instruments\": [","logger":"task.stdout"}
{"timestamp":"2026-09-02T16:34:11.004092Z","level":"info","event":"      \"grant\"","logger":"task.stdout"}
{"timestamp":"2026-09-02T16:34:11.005002Z","level":"info","event":"    ],","logger":"task.stdout"}
{"timestamp":"2026-09-02T16:34:11.005700Z","level":"info","event":"    \"is_cost_sharing\": true,","logger":"task.stdout"}
{"timestamp":"2026-09-02T16:34:11.006397Z","level":"info","event":"    \"is_forecast\": false,","logger":"task.stdout"}
{"timestamp":"2026-09-02T16:34:11.006993Z","level":"info","event":"    \"post_date\": \"2026-09-01\",","logger":"task.stdout"}
{"timestamp":"2026-09-02T16:34:11.007590Z","level":"info","event":"    \"summary_description\": \"Inspire Grants for Small Museums (Inspire) is a special initiative of the Museums for America grant program designed to support small museums of all disciplines, including small rural or small remote institutions and small museums that have not previously received federal funding. The program funds project-based efforts to serve the public through educational programs and exhibits, community partnerships, and collections stewardship activities. \\nThe goal of the Inspire program is to build the capacity of small museums to provide museum services to their communities through supporting the development of experiential learning and discovery in small museums, and the management and care of collections in small museums.\",","logger":"task.stdout"}
{"timestamp":"2026-09-02T16:34:11.008197Z","level":"info","event":"    \"updated_at\": \"2026-09-01T17:08:36+00:00\",","logger":"task.stdout"}
{"timestamp":"2026-09-02T16:34:11.009038Z","level":"info","event":"    \"version_number\": 1","logger":"task.stdout"}
{"timestamp":"2026-09-02T16:34:11.009727Z","level":"info","event":"  },","logger":"task.stdout"}
{"timestamp":"2026-09-02T16:34:11.010452Z","level":"info","event":"  \"tagline\": null,","logger":"task.stdout"}
{"timestamp":"2026-09-02T16:34:11.011262Z","level":"info","event":"  \"top_level_agency_code\": \"IMLS\",","logger":"task.stdout"}
{"timestamp":"2026-09-02T16:34:11.012003Z","level":"info","event":"  \"top_level_agency_name\": \"Institute of Museum and Library Services\"","logger":"task.stdout"}
{"timestamp":"2026-09-02T16:34:11.012794Z","level":"info","event":"}","logger":"task.stdout"}
{"timestamp":"2026-09-02T16:34:11.013483Z","level":"info","event":"","logger":"task.stdout"}
{"timestamp":"2026-09-02T16:34:11.014224Z","level":"info","event":"================================================================================","logger":"task.stdout"}
{"timestamp":"2026-09-02T16:34:11.014804Z","level":"info","event":"OPPORTUNITY 8 of 34","logger":"task.stdout"}
{"timestamp":"2026-09-02T16:34:11.015542Z","level":"info","event":"================================================================================","logger":"task.stdout"}
{"timestamp":"2026-09-02T16:34:11.016213Z","level":"info","event":"{","logger":"task.stdout"}
{"timestamp":"2026-09-02T16:34:11.017031Z","level":"info","event":"  \"agency\": \"IMLS\",","logger":"task.stdout"}
{"timestamp":"2026-09-02T16:34:11.017765Z","level":"info","event":"  \"agency_code\": \"IMLS\",","logger":"task.stdout"}
{"timestamp":"2026-09-02T16:34:11.018926Z","level":"info","event":"  \"agency_name\": \"Institute of Museum and Library Services\",","logger":"task.stdout"}
{"timestamp":"2026-09-02T16:34:11.019672Z","level":"info","event":"  \"category\": \"discretionary\",","logger":"task.stdout"}
{"timestamp":"2026-09-02T16:34:11.020310Z","level":"info","event":"  \"category_explanation\": null,","logger":"task.stdout"}
{"timestamp":"2026-09-02T16:34:11.021077Z","level":"info","event":"  \"legacy_opportunity_id\": 363766,","logger":"task.stdout"}
{"timestamp":"2026-09-02T16:34:11.021867Z","level":"info","event":"  \"opportunity_assistance_listings\": [","logger":"task.stdout"}
{"timestamp":"2026-09-02T16:34:11.022784Z","level":"info","event":"    {","logger":"task.stdout"}
{"timestamp":"2026-09-02T16:34:11.023697Z","level":"info","event":"      \"assistance_listing_number\": \"45.312\",","logger":"task.stdout"}
{"timestamp":"2026-09-02T16:34:11.024513Z","level":"info","event":"      \"program_title\": \"National Leadership Grants\"","logger":"task.stdout"}
{"timestamp":"2026-09-02T16:34:11.025377Z","level":"info","event":"    }","logger":"task.stdout"}
{"timestamp":"2026-09-02T16:34:11.026188Z","level":"info","event":"  ],","logger":"task.stdout"}
{"timestamp":"2026-09-02T16:34:11.026947Z","level":"info","event":"  \"opportunity_id\": \"1bbe7a77-aeff-4653-8602-b864c237ba91\",","logger":"task.stdout"}
{"timestamp":"2026-09-02T16:34:11.027771Z","level":"info","event":"  \"opportunity_number\": \"NLG-LIBRARIES-FY27\",","logger":"task.stdout"}
{"timestamp":"2026-09-02T16:34:11.028485Z","level":"info","event":"  \"opportunity_status\": \"posted\",","logger":"task.stdout"}
{"timestamp":"2026-09-02T16:34:11.029339Z","level":"info","event":"  \"opportunity_title\": \"National Leadership Grants for Libraries (2027)\",","logger":"task.stdout"}
{"timestamp":"2026-09-02T16:34:11.030134Z","level":"info","event":"  \"purpose_statement\": null,","logger":"task.stdout"}
{"timestamp":"2026-09-02T16:34:11.030844Z","level":"info","event":"  \"summary\": {","logger":"task.stdout"}
{"timestamp":"2026-09-02T16:34:11.031546Z","level":"info","event":"    \"additional_info_url\": \"https://imls.gov/find-funding/funding-opportunities/grant-programs/national-leadership-grants-for-libraries\",","logger":"task.stdout"}
{"timestamp":"2026-09-02T16:34:11.032216Z","level":"info","event":"    \"additional_info_url_description\": \"https://imls.gov/find-funding/funding-opportunities/grant-programs/national-leadership-grants-for-libraries\",","logger":"task.stdout"}
{"timestamp":"2026-09-02T16:34:11.032982Z","level":"info","event":"    \"agency_contact_description\": \"imls-librarygrants@imls.gov\\nimls-librarygrants@imls.gov\",","logger":"task.stdout"}
{"timestamp":"2026-09-02T16:34:11.033617Z","level":"info","event":"    \"agency_email_address\": \"imls-librarygrants@imls.gov\",","logger":"task.stdout"}
{"timestamp":"2026-09-02T16:34:11.035019Z","level":"info","event":"    \"agency_email_address_description\": \"imls-librarygrants@imls.gov\",","logger":"task.stdout"}
{"timestamp":"2026-09-02T16:34:11.035878Z","level":"info","event":"    \"applicant_eligibility_description\": \"See the Notice of Funding Opportunity for eligibility requirements.\",","logger":"task.stdout"}
{"timestamp":"2026-09-02T16:34:11.036631Z","level":"info","event":"    \"applicant_types\": [","logger":"task.stdout"}
{"timestamp":"2026-09-02T16:34:11.037423Z","level":"info","event":"      \"other\"","logger":"task.stdout"}
{"timestamp":"2026-09-02T16:34:11.038390Z","level":"info","event":"    ],","logger":"task.stdout"}
{"timestamp":"2026-09-02T16:34:11.039201Z","level":"info","event":"    \"archive_date\": null,","logger":"task.stdout"}
{"timestamp":"2026-09-02T16:34:11.039836Z","level":"info","event":"    \"award_ceiling\": 1000000,","logger":"task.stdout"}
{"timestamp":"2026-09-02T16:34:11.040451Z","level":"info","event":"    \"award_floor\": 25000,","logger":"task.stdout"}
{"timestamp":"2026-09-02T16:34:11.041097Z","level":"info","event":"    \"close_date\": \"2026-11-13\",","logger":"task.stdout"}
{"timestamp":"2026-09-02T16:34:11.041847Z","level":"info","event":"    \"close_date_description\": null,","logger":"task.stdout"}
{"timestamp":"2026-09-02T16:34:11.042684Z","level":"info","event":"    \"created_at\": \"2026-09-01T16:27:24+00:00\",","logger":"task.stdout"}
{"timestamp":"2026-09-02T16:34:11.043421Z","level":"info","event":"    \"estimated_total_program_funding\": 11500000,","logger":"task.stdout"}
{"timestamp":"2026-09-02T16:34:11.044179Z","level":"info","event":"    \"expected_number_of_awards\": 45,","logger":"task.stdout"}
{"timestamp":"2026-09-02T16:34:11.044802Z","level":"info","event":"    \"fiscal_year\": null,","logger":"task.stdout"}
{"timestamp":"2026-09-02T16:34:11.045438Z","level":"info","event":"    \"forecasted_award_date\": null,","logger":"task.stdout"}
{"timestamp":"2026-09-02T16:34:11.046141Z","level":"info","event":"    \"forecasted_close_date\": null,","logger":"task.stdout"}
{"timestamp":"2026-09-02T16:34:11.046907Z","level":"info","event":"    \"forecasted_close_date_description\": null,","logger":"task.stdout"}
{"timestamp":"2026-09-02T16:34:11.047562Z","level":"info","event":"    \"forecasted_post_date\": null,","logger":"task.stdout"}
{"timestamp":"2026-09-02T16:34:11.048365Z","level":"info","event":"    \"forecasted_project_start_date\": null,","logger":"task.stdout"}
{"timestamp":"2026-09-02T16:34:11.049097Z","level":"info","event":"    \"funding_categories\": [","logger":"task.stdout"}
{"timestamp":"2026-09-02T16:34:11.050066Z","level":"info","event":"      \"arts\",","logger":"task.stdout"}
{"timestamp":"2026-09-02T16:34:11.050807Z","level":"info","event":"      \"humanities\"","logger":"task.stdout"}
{"timestamp":"2026-09-02T16:34:11.051594Z","level":"info","event":"    ],","logger":"task.stdout"}
{"timestamp":"2026-09-02T16:34:11.052239Z","level":"info","event":"    \"funding_category_description\": null,","logger":"task.stdout"}
{"timestamp":"2026-09-02T16:34:11.052900Z","level":"info","event":"    \"funding_instruments\": [","logger":"task.stdout"}
{"timestamp":"2026-09-02T16:34:11.053666Z","level":"info","event":"      \"grant\"","logger":"task.stdout"}
{"timestamp":"2026-09-02T16:34:11.054372Z","level":"info","event":"    ],","logger":"task.stdout"}
{"timestamp":"2026-09-02T16:34:11.055002Z","level":"info","event":"    \"is_cost_sharing\": true,","logger":"task.stdout"}
{"timestamp":"2026-09-02T16:34:11.055582Z","level":"info","event":"    \"is_forecast\": false,","logger":"task.stdout"}
{"timestamp":"2026-09-02T16:34:11.056398Z","level":"info","event":"    \"post_date\": \"2026-09-01\",","logger":"task.stdout"}
{"timestamp":"2026-09-02T16:34:11.057434Z","level":"info","event":"    \"summary_description\": \"National Leadership Grants for Libraries (NLG-L) projects enhance the quality of library services nationwide. The program supports projects that: promote adult reading, and health and financial literacies; focus on programming and archival practices related to our shared American history; manage and preserve the national information infrastructure; serve the public\\u2019s information and education needs; enhance library and information services through effective and efficient use of new and emerging technologies; improve community prosperity; provide emergency services to communities during disasters and emergencies; and build collaborative partnerships between libraries, archives, and museums that benefit the communities they serve.\",","logger":"task.stdout"}
{"timestamp":"2026-09-02T16:34:11.058389Z","level":"info","event":"    \"updated_at\": \"2026-09-01T16:27:24+00:00\",","logger":"task.stdout"}
{"timestamp":"2026-09-02T16:34:11.059145Z","level":"info","event":"    \"version_number\": 1","logger":"task.stdout"}
{"timestamp":"2026-09-02T16:34:11.060027Z","level":"info","event":"  },","logger":"task.stdout"}
{"timestamp":"2026-09-02T16:34:11.060832Z","level":"info","event":"  \"tagline\": null,","logger":"task.stdout"}
{"timestamp":"2026-09-02T16:34:11.061501Z","level":"info","event":"  \"top_level_agency_code\": \"IMLS\",","logger":"task.stdout"}
{"timestamp":"2026-09-02T16:34:11.062077Z","level":"info","event":"  \"top_level_agency_name\": \"Institute of Museum and Library Services\"","logger":"task.stdout"}
{"timestamp":"2026-09-02T16:34:11.062763Z","level":"info","event":"}","logger":"task.stdout"}
{"timestamp":"2026-09-02T16:34:11.063601Z","level":"info","event":"","logger":"task.stdout"}
{"timestamp":"2026-09-02T16:34:11.064641Z","level":"info","event":"================================================================================","logger":"task.stdout"}
{"timestamp":"2026-09-02T16:34:11.065708Z","level":"info","event":"OPPORTUNITY 9 of 34","logger":"task.stdout"}
{"timestamp":"2026-09-02T16:34:11.066705Z","level":"info","event":"================================================================================","logger":"task.stdout"}
{"timestamp":"2026-09-02T16:34:11.067492Z","level":"info","event":"{","logger":"task.stdout"}
{"timestamp":"2026-09-02T16:34:11.068226Z","level":"info","event":"  \"agency\": \"HHS-NIH11\",","logger":"task.stdout"}
{"timestamp":"2026-09-02T16:34:11.068884Z","level":"info","event":"  \"agency_code\": \"HHS-NIH11\",","logger":"task.stdout"}
{"timestamp":"2026-09-02T16:34:11.069654Z","level":"info","event":"  \"agency_name\": \"National Institutes of Health\",","logger":"task.stdout"}
{"timestamp":"2026-09-02T16:34:11.070324Z","level":"info","event":"  \"category\": \"discretionary\",","logger":"task.stdout"}
{"timestamp":"2026-09-02T16:34:11.071032Z","level":"info","event":"  \"category_explanation\": null,","logger":"task.stdout"}
{"timestamp":"2026-09-02T16:34:11.071783Z","level":"info","event":"  \"legacy_opportunity_id\": 361833,","logger":"task.stdout"}
{"timestamp":"2026-09-02T16:34:11.072590Z","level":"info","event":"  \"opportunity_assistance_listings\": [","logger":"task.stdout"}
{"timestamp":"2026-09-02T16:34:11.073321Z","level":"info","event":"    {","logger":"task.stdout"}
{"timestamp":"2026-09-02T16:34:11.074031Z","level":"info","event":"      \"assistance_listing_number\": \"93.853\",","logger":"task.stdout"}
{"timestamp":"2026-09-02T16:34:11.074729Z","level":"info","event":"      \"program_title\": \"Extramural Research Programs in the Neurosciences and Neurological Disorders\"","logger":"task.stdout"}
{"timestamp":"2026-09-02T16:34:11.075331Z","level":"info","event":"    },","logger":"task.stdout"}
{"timestamp":"2026-09-02T16:34:11.075928Z","level":"info","event":"    {","logger":"task.stdout"}
{"timestamp":"2026-09-02T16:34:11.076667Z","level":"info","event":"      \"assistance_listing_number\": \"93.846\",","logger":"task.stdout"}
{"timestamp":"2026-09-02T16:34:11.077322Z","level":"info","event":"      \"program_title\": \"Arthritis, Musculoskeletal and Skin Diseases Research\"","logger":"task.stdout"}
{"timestamp":"2026-09-02T16:34:11.077959Z","level":"info","event":"    },","logger":"task.stdout"}
{"timestamp":"2026-09-02T16:34:11.078603Z","level":"info","event":"    {","logger":"task.stdout"}
{"timestamp":"2026-09-02T16:34:11.079325Z","level":"info","event":"      \"assistance_listing_number\": \"93.867\",","logger":"task.stdout"}
{"timestamp":"2026-09-02T16:34:11.080120Z","level":"info","event":"      \"program_title\": \"Vision Research\"","logger":"task.stdout"}
{"timestamp":"2026-09-02T16:34:11.080971Z","level":"info","event":"    },","logger":"task.stdout"}
{"timestamp":"2026-09-02T16:34:11.081752Z","level":"info","event":"    {","logger":"task.stdout"}
{"timestamp":"2026-09-02T16:34:11.082474Z","level":"info","event":"      \"assistance_listing_number\": \"93.279\",","logger":"task.stdout"}
{"timestamp":"2026-09-02T16:34:11.083172Z","level":"info","event":"      \"program_title\": \"Drug Use and Addiction Research Programs\"","logger":"task.stdout"}
{"timestamp":"2026-09-02T16:34:11.083892Z","level":"info","event":"    },","logger":"task.stdout"}
{"timestamp":"2026-09-02T16:34:11.084596Z","level":"info","event":"    {","logger":"task.stdout"}
{"timestamp":"2026-09-02T16:34:11.085410Z","level":"info","event":"      \"assistance_listing_number\": \"93.855\",","logger":"task.stdout"}
{"timestamp":"2026-09-02T16:34:11.086082Z","level":"info","event":"      \"program_title\": \"Allergy and Infectious Diseases Research\"","logger":"task.stdout"}
{"timestamp":"2026-09-02T16:34:11.086795Z","level":"info","event":"    },","logger":"task.stdout"}
{"timestamp":"2026-09-02T16:34:11.087493Z","level":"info","event":"    {","logger":"task.stdout"}
{"timestamp":"2026-09-02T16:34:11.088195Z","level":"info","event":"      \"assistance_listing_number\": \"93.837\",","logger":"task.stdout"}
{"timestamp":"2026-09-02T16:34:11.088962Z","level":"info","event":"      \"program_title\": \"Cardiovascular Diseases Research\"","logger":"task.stdout"}
{"timestamp":"2026-09-02T16:34:11.089556Z","level":"info","event":"    },","logger":"task.stdout"}
{"timestamp":"2026-09-02T16:34:11.090279Z","level":"info","event":"    {","logger":"task.stdout"}
{"timestamp":"2026-09-02T16:34:11.090877Z","level":"info","event":"      \"assistance_listing_number\": \"93.233\",","logger":"task.stdout"}
{"timestamp":"2026-09-02T16:34:11.091542Z","level":"info","event":"      \"program_title\": \"National Center on Sleep Disorders Research\"","logger":"task.stdout"}
{"timestamp":"2026-09-02T16:34:11.092215Z","level":"info","event":"    },","logger":"task.stdout"}
{"timestamp":"2026-09-02T16:34:11.092951Z","level":"info","event":"    {","logger":"task.stdout"}
{"timestamp":"2026-09-02T16:34:11.093624Z","level":"info","event":"      \"assistance_listing_number\": \"93.839\",","logger":"task.stdout"}
{"timestamp":"2026-09-02T16:34:11.094217Z","level":"info","event":"      \"program_title\": \"Blood Diseases and Resources Research\"","logger":"task.stdout"}
{"timestamp":"2026-09-02T16:34:11.094718Z","level":"info","event":"    },","logger":"task.stdout"}
{"timestamp":"2026-09-02T16:34:11.095543Z","level":"info","event":"    {","logger":"task.stdout"}
{"timestamp":"2026-09-02T16:34:11.096239Z","level":"info","event":"      \"assistance_listing_number\": \"93.838\",","logger":"task.stdout"}
{"timestamp":"2026-09-02T16:34:11.097050Z","level":"info","event":"      \"program_title\": \"Lung Diseases Research\"","logger":"task.stdout"}
{"timestamp":"2026-09-02T16:34:11.097648Z","level":"info","event":"    },","logger":"task.stdout"}
{"timestamp":"2026-09-02T16:34:11.098298Z","level":"info","event":"    {","logger":"task.stdout"}
{"timestamp":"2026-09-02T16:34:11.099035Z","level":"info","event":"      \"assistance_listing_number\": \"93.840\",","logger":"task.stdout"}
{"timestamp":"2026-09-02T16:34:11.099708Z","level":"info","event":"      \"program_title\": \"Translation and Implementation Science Research for Heart, Lung, Blood Diseases, and Sleep Disorders\"","logger":"task.stdout"}
{"timestamp":"2026-09-02T16:34:11.100393Z","level":"info","event":"    }","logger":"task.stdout"}
{"timestamp":"2026-09-02T16:34:11.101188Z","level":"info","event":"  ],","logger":"task.stdout"}
{"timestamp":"2026-09-02T16:34:11.101953Z","level":"info","event":"  \"opportunity_id\": \"6bb622a8-8308-496a-9c79-2e31062a6873\",","logger":"task.stdout"}
{"timestamp":"2026-09-02T16:34:11.102555Z","level":"info","event":"  \"opportunity_number\": \"RFA-AI-27-014\",","logger":"task.stdout"}
{"timestamp":"2026-09-02T16:34:11.103354Z","level":"info","event":"  \"opportunity_status\": \"posted\",","logger":"task.stdout"}
{"timestamp":"2026-09-02T16:34:11.104033Z","level":"info","event":"  \"opportunity_title\": \"Development of Candidate Medical Countermeasures (MCMs) and Technologies Against Radiological/Nuclear or Chemical Threats (U01 Clinical Trial Not Allowed)\",","logger":"task.stdout"}
{"timestamp":"2026-09-02T16:34:11.104800Z","level":"info","event":"  \"purpose_statement\": null,","logger":"task.stdout"}
{"timestamp":"2026-09-02T16:34:11.105415Z","level":"info","event":"  \"summary\": {","logger":"task.stdout"}
{"timestamp":"2026-09-02T16:34:11.106034Z","level":"info","event":"    \"additional_info_url\": null,","logger":"task.stdout"}
{"timestamp":"2026-09-02T16:34:11.106564Z","level":"info","event":"    \"additional_info_url_description\": null,","logger":"task.stdout"}
{"timestamp":"2026-09-02T16:34:11.107117Z","level":"info","event":"    \"agency_contact_description\": \"National Institute of Allergy and Infectious Diseases (NIAID)\\nRADCHEM_U01@mail.nih.gov\",","logger":"task.stdout"}
{"timestamp":"2026-09-02T16:34:11.107727Z","level":"info","event":"    \"agency_email_address\": \"RADCHEM_U01@mail.nih.gov\",","logger":"task.stdout"}
{"timestamp":"2026-09-02T16:34:11.108691Z","level":"info","event":"    \"agency_email_address_description\": \"RADCHEM_U01@mail.nih.gov\",","logger":"task.stdout"}
{"timestamp":"2026-09-02T16:34:11.109617Z","level":"info","event":"    \"applicant_eligibility_description\": \"Refer to Section III. Eligibility Information in the NOFO for additional information on eligibility.Foreign Organizations/International CollaborationsNon-domestic (non-U.S.) Entities (Foreign Organizations) are not eligible to apply.Non-domestic (non-U.S.) components of U.S. Organizations are not eligible to apply.Foreign components, as defined in the NIH Grants Policy Statement, are allowed.NIH will no longer issue awards (i.e., new, renewal, or non-competing continuation) to domestic or foreign entities that involve foreign subawards/subcontracts. All NIH-funded research involving foreign subawards/subcontracts must be submitted in response to a NOFO that is specifically designated for funded international collaborations. See NIH Grants Policy Statement 16.8 Collaborative International Research Awards.Applications involving foreign subawards/subcontracts submitted in response to this NOFO will be deemed noncompliant and will not be considered for funding. This policy applies to all monetary international collaborations resulting in foreign subawards/subcontracts, however, it does not preclude unfunded international collaborations or foreign components, funding for foreign consultants, or procurement of unique equipment or supplies from foreign vendors.\",","logger":"task.stdout"}
{"timestamp":"2026-09-02T16:34:11.110409Z","level":"info","event":"    \"applicant_types\": [","logger":"task.stdout"}
{"timestamp":"2026-09-02T16:34:11.111112Z","level":"info","event":"      \"independent_school_districts\",","logger":"task.stdout"}
{"timestamp":"2026-09-02T16:34:11.111906Z","level":"info","event":"      \"federally_recognized_native_american_tribal_governments\",","logger":"task.stdout"}
{"timestamp":"2026-09-02T16:34:11.112615Z","level":"info","event":"      \"small_businesses\",","logger":"task.stdout"}
{"timestamp":"2026-09-02T16:34:11.113218Z","level":"info","event":"      \"special_district_governments\",","logger":"task.stdout"}
{"timestamp":"2026-09-02T16:34:11.113860Z","level":"info","event":"      \"other_native_american_tribal_organizations\",","logger":"task.stdout"}
{"timestamp":"2026-09-02T16:34:11.114435Z","level":"info","event":"      \"city_or_township_governments\",","logger":"task.stdout"}
{"timestamp":"2026-09-02T16:34:11.115043Z","level":"info","event":"      \"nonprofits_non_higher_education_with_501c3\",","logger":"task.stdout"}
{"timestamp":"2026-09-02T16:34:11.115692Z","level":"info","event":"      \"public_and_state_institutions_of_higher_education\",","logger":"task.stdout"}
{"timestamp":"2026-09-02T16:34:11.116373Z","level":"info","event":"      \"public_and_indian_housing_authorities\",","logger":"task.stdout"}
{"timestamp":"2026-09-02T16:34:11.117124Z","level":"info","event":"      \"other\",","logger":"task.stdout"}
{"timestamp":"2026-09-02T16:34:11.117780Z","level":"info","event":"      \"private_institutions_of_higher_education\",","logger":"task.stdout"}
{"timestamp":"2026-09-02T16:34:11.118467Z","level":"info","event":"      \"for_profit_organizations_other_than_small_businesses\",","logger":"task.stdout"}
{"timestamp":"2026-09-02T16:34:11.119088Z","level":"info","event":"      \"county_governments\",","logger":"task.stdout"}
{"timestamp":"2026-09-02T16:34:11.119804Z","level":"info","event":"      \"state_governments\",","logger":"task.stdout"}
{"timestamp":"2026-09-02T16:34:11.120528Z","level":"info","event":"      \"nonprofits_non_higher_education_without_501c3\"","logger":"task.stdout"}
{"timestamp":"2026-09-02T16:34:11.121239Z","level":"info","event":"    ],","logger":"task.stdout"}
{"timestamp":"2026-09-02T16:34:11.122034Z","level":"info","event":"    \"archive_date\": \"2028-12-08\",","logger":"task.stdout"}
{"timestamp":"2026-09-02T16:34:11.122744Z","level":"info","event":"    \"award_ceiling\": null,","logger":"task.stdout"}
{"timestamp":"2026-09-02T16:34:11.123254Z","level":"info","event":"    \"award_floor\": null,","logger":"task.stdout"}
{"timestamp":"2026-09-02T16:34:11.123999Z","level":"info","event":"    \"close_date\": \"2028-10-09\",","logger":"task.stdout"}
{"timestamp":"2026-09-02T16:34:11.124767Z","level":"info","event":"    \"close_date_description\": null,","logger":"task.stdout"}
{"timestamp":"2026-09-02T16:34:11.125543Z","level":"info","event":"    \"created_at\": \"2026-09-01T11:55:05+00:00\",","logger":"task.stdout"}
{"timestamp":"2026-09-02T16:34:11.126175Z","level":"info","event":"    \"estimated_total_program_funding\": null,","logger":"task.stdout"}
{"timestamp":"2026-09-02T16:34:11.127110Z","level":"info","event":"    \"expected_number_of_awards\": null,","logger":"task.stdout"}
{"timestamp":"2026-09-02T16:34:11.127810Z","level":"info","event":"    \"fiscal_year\": null,","logger":"task.stdout"}
{"timestamp":"2026-09-02T16:34:11.128471Z","level":"info","event":"    \"forecasted_award_date\": null,","logger":"task.stdout"}
{"timestamp":"2026-09-02T16:34:11.129069Z","level":"info","event":"    \"forecasted_close_date\": null,","logger":"task.stdout"}
{"timestamp":"2026-09-02T16:34:11.129733Z","level":"info","event":"    \"forecasted_close_date_description\": null,","logger":"task.stdout"}
{"timestamp":"2026-09-02T16:34:11.130339Z","level":"info","event":"    \"forecasted_post_date\": null,","logger":"task.stdout"}
{"timestamp":"2026-09-02T16:34:11.130987Z","level":"info","event":"    \"forecasted_project_start_date\": null,","logger":"task.stdout"}
{"timestamp":"2026-09-02T16:34:11.131541Z","level":"info","event":"    \"funding_categories\": [","logger":"task.stdout"}
{"timestamp":"2026-09-02T16:34:11.132051Z","level":"info","event":"      \"health\"","logger":"task.stdout"}
{"timestamp":"2026-09-02T16:34:11.132914Z","level":"info","event":"    ],","logger":"task.stdout"}
{"timestamp":"2026-09-02T16:34:11.133538Z","level":"info","event":"    \"funding_category_description\": null,","logger":"task.stdout"}
{"timestamp":"2026-09-02T16:34:11.134238Z","level":"info","event":"    \"funding_instruments\": [","logger":"task.stdout"}
{"timestamp":"2026-09-02T16:34:11.134842Z","level":"info","event":"      \"cooperative_agreement\"","logger":"task.stdout"}
{"timestamp":"2026-09-02T16:34:11.135496Z","level":"info","event":"    ],","logger":"task.stdout"}
{"timestamp":"2026-09-02T16:34:11.136117Z","level":"info","event":"    \"is_cost_sharing\": false,","logger":"task.stdout"}
{"timestamp":"2026-09-02T16:34:11.136733Z","level":"info","event":"    \"is_forecast\": false,","logger":"task.stdout"}
{"timestamp":"2026-09-02T16:34:11.137258Z","level":"info","event":"    \"post_date\": \"2026-09-01\",","logger":"task.stdout"}
{"timestamp":"2026-09-02T16:34:11.137936Z","level":"info","event":"    \"summary_description\": \"The purpose of this notice of funding opportunity (NOFO) is to support research that advances understanding of the natural history of radiation or chemical exposures; develops relevant injury models; identifies and validates diagnostic tools, biomarkers, or triage technologies; and supports the development of effective medical countermeasures (MCMs) to mitigate or treat acute and/or delayed injuries resulting from radiological/nuclear or chemical public health emergencies.\",","logger":"task.stdout"}
{"timestamp":"2026-09-02T16:34:11.138601Z","level":"info","event":"    \"updated_at\": \"2026-09-01T11:55:04+00:00\",","logger":"task.stdout"}
{"timestamp":"2026-09-02T16:34:11.139353Z","level":"info","event":"    \"version_number\": 1","logger":"task.stdout"}
{"timestamp":"2026-09-02T16:34:11.140100Z","level":"info","event":"  },","logger":"task.stdout"}
{"timestamp":"2026-09-02T16:34:11.140789Z","level":"info","event":"  \"tagline\": null,","logger":"task.stdout"}
{"timestamp":"2026-09-02T16:34:11.141532Z","level":"info","event":"  \"top_level_agency_code\": \"HHS\",","logger":"task.stdout"}
{"timestamp":"2026-09-02T16:34:11.142467Z","level":"info","event":"  \"top_level_agency_name\": \"Department of Health and Human Services\"","logger":"task.stdout"}
{"timestamp":"2026-09-02T16:34:11.143273Z","level":"info","event":"}","logger":"task.stdout"}
{"timestamp":"2026-09-02T16:34:11.143992Z","level":"info","event":"","logger":"task.stdout"}
{"timestamp":"2026-09-02T16:34:11.144669Z","level":"info","event":"================================================================================","logger":"task.stdout"}
{"timestamp":"2026-09-02T16:34:11.145442Z","level":"info","event":"OPPORTUNITY 10 of 34","logger":"task.stdout"}
{"timestamp":"2026-09-02T16:34:11.146099Z","level":"info","event":"================================================================================","logger":"task.stdout"}
{"timestamp":"2026-09-02T16:34:11.146806Z","level":"info","event":"{","logger":"task.stdout"}
{"timestamp":"2026-09-02T16:34:11.147447Z","level":"info","event":"  \"agency\": \"IMLS\",","logger":"task.stdout"}
{"timestamp":"2026-09-02T16:34:11.148153Z","level":"info","event":"  \"agency_code\": \"IMLS\",","logger":"task.stdout"}
{"timestamp":"2026-09-02T16:34:11.148804Z","level":"info","event":"  \"agency_name\": \"Institute of Museum and Library Services\",","logger":"task.stdout"}
{"timestamp":"2026-09-02T16:34:11.149444Z","level":"info","event":"  \"category\": \"discretionary\",","logger":"task.stdout"}
{"timestamp":"2026-09-02T16:34:11.150067Z","level":"info","event":"  \"category_explanation\": null,","logger":"task.stdout"}
{"timestamp":"2026-09-02T16:34:11.150730Z","level":"info","event":"  \"legacy_opportunity_id\": 363768,","logger":"task.stdout"}
{"timestamp":"2026-09-02T16:34:11.151294Z","level":"info","event":"  \"opportunity_assistance_listings\": [","logger":"task.stdout"}
{"timestamp":"2026-09-02T16:34:11.151791Z","level":"info","event":"    {","logger":"task.stdout"}
{"timestamp":"2026-09-02T16:34:11.152457Z","level":"info","event":"      \"assistance_listing_number\": \"45.301\",","logger":"task.stdout"}
{"timestamp":"2026-09-02T16:34:11.153052Z","level":"info","event":"      \"program_title\": \"Museums for America\"","logger":"task.stdout"}
{"timestamp":"2026-09-02T16:34:11.153630Z","level":"info","event":"    }","logger":"task.stdout"}
{"timestamp":"2026-09-02T16:34:11.154294Z","level":"info","event":"  ],","logger":"task.stdout"}
{"timestamp":"2026-09-02T16:34:11.155127Z","level":"info","event":"  \"opportunity_id\": \"8b9c942d-19cc-49e6-bc60-79426e35cf57\",","logger":"task.stdout"}
{"timestamp":"2026-09-02T16:34:11.155688Z","level":"info","event":"  \"opportunity_number\": \"MFA-FY27\",","logger":"task.stdout"}
{"timestamp":"2026-09-02T16:34:11.156268Z","level":"info","event":"  \"opportunity_status\": \"posted\",","logger":"task.stdout"}
{"timestamp":"2026-09-02T16:34:11.156974Z","level":"info","event":"  \"opportunity_title\": \"Museums for America (2027)\",","logger":"task.stdout"}
{"timestamp":"2026-09-02T16:34:11.157826Z","level":"info","event":"  \"purpose_statement\": null,","logger":"task.stdout"}
{"timestamp":"2026-09-02T16:34:11.158456Z","level":"info","event":"  \"summary\": {","logger":"task.stdout"}
{"timestamp":"2026-09-02T16:34:11.159108Z","level":"info","event":"    \"additional_info_url\": \"https://www.imls.gov/find-funding/funding-opportunities/grant-programs/museums-for-america\",","logger":"task.stdout"}
{"timestamp":"2026-09-02T16:34:11.159701Z","level":"info","event":"    \"additional_info_url_description\": \"https://www.imls.gov/find-funding/funding-opportunities/grant-programs/museums-for-america\",","logger":"task.stdout"}
{"timestamp":"2026-09-02T16:34:11.160395Z","level":"info","event":"    \"agency_contact_description\": \"imls-museumgrants@imls.gov\\nimls-museumgrants@imls.gov\",","logger":"task.stdout"}
{"timestamp":"2026-09-02T16:34:11.161019Z","level":"info","event":"    \"agency_email_address\": \"imls-museumgrants@imls.gov\",","logger":"task.stdout"}
{"timestamp":"2026-09-02T16:34:11.161749Z","level":"info","event":"    \"agency_email_address_description\": \"imls-museumgrants@imls.gov\",","logger":"task.stdout"}
{"timestamp":"2026-09-02T16:34:11.162502Z","level":"info","event":"    \"applicant_eligibility_description\": \"See the Notice of Funding Opportunity for eligibility requirements.\",","logger":"task.stdout"}
{"timestamp":"2026-09-02T16:34:11.163223Z","level":"info","event":"    \"applicant_types\": [","logger":"task.stdout"}
{"timestamp":"2026-09-02T16:34:11.163934Z","level":"info","event":"      \"other\"","logger":"task.stdout"}
{"timestamp":"2026-09-02T16:34:11.164652Z","level":"info","event":"    ],","logger":"task.stdout"}
{"timestamp":"2026-09-02T16:34:11.165269Z","level":"info","event":"    \"archive_date\": null,","logger":"task.stdout"}
{"timestamp":"2026-09-02T16:34:11.165776Z","level":"info","event":"    \"award_ceiling\": 350000,","logger":"task.stdout"}
{"timestamp":"2026-09-02T16:34:11.166460Z","level":"info","event":"    \"award_floor\": 5000,","logger":"task.stdout"}
{"timestamp":"2026-09-02T16:34:11.167122Z","level":"info","event":"    \"close_date\": \"2026-11-13\",","logger":"task.stdout"}
{"timestamp":"2026-09-02T16:34:11.167748Z","level":"info","event":"    \"close_date_description\": null,","logger":"task.stdout"}
{"timestamp":"2026-09-02T16:34:11.168474Z","level":"info","event":"    \"created_at\": \"2026-09-01T16:55:52+00:00\",","logger":"task.stdout"}
{"timestamp":"2026-09-02T16:34:11.169005Z","level":"info","event":"    \"estimated_total_program_funding\": 21699000,","logger":"task.stdout"}
{"timestamp":"2026-09-02T16:34:11.169512Z","level":"info","event":"    \"expected_number_of_awards\": 122,","logger":"task.stdout"}
{"timestamp":"2026-09-02T16:34:11.170110Z","level":"info","event":"    \"fiscal_year\": null,","logger":"task.stdout"}
{"timestamp":"2026-09-02T16:34:11.170862Z","level":"info","event":"    \"forecasted_award_date\": null,","logger":"task.stdout"}
{"timestamp":"2026-09-02T16:34:11.171538Z","level":"info","event":"    \"forecasted_close_date\": null,","logger":"task.stdout"}
{"timestamp":"2026-09-02T16:34:11.172139Z","level":"info","event":"    \"forecasted_close_date_description\": null,","logger":"task.stdout"}
{"timestamp":"2026-09-02T16:34:11.172995Z","level":"info","event":"    \"forecasted_post_date\": null,","logger":"task.stdout"}
{"timestamp":"2026-09-02T16:34:11.173733Z","level":"info","event":"    \"forecasted_project_start_date\": null,","logger":"task.stdout"}
{"timestamp":"2026-09-02T16:34:11.174320Z","level":"info","event":"    \"funding_categories\": [","logger":"task.stdout"}
{"timestamp":"2026-09-02T16:34:11.174856Z","level":"info","event":"      \"arts\",","logger":"task.stdout"}
{"timestamp":"2026-09-02T16:34:11.175669Z","level":"info","event":"      \"humanities\"","logger":"task.stdout"}
{"timestamp":"2026-09-02T16:34:11.176550Z","level":"info","event":"    ],","logger":"task.stdout"}
{"timestamp":"2026-09-02T16:34:11.177253Z","level":"info","event":"    \"funding_category_description\": null,","logger":"task.stdout"}
{"timestamp":"2026-09-02T16:34:11.177860Z","level":"info","event":"    \"funding_instruments\": [","logger":"task.stdout"}
{"timestamp":"2026-09-02T16:34:11.178466Z","level":"info","event":"      \"grant\"","logger":"task.stdout"}
{"timestamp":"2026-09-02T16:34:11.179125Z","level":"info","event":"    ],","logger":"task.stdout"}
{"timestamp":"2026-09-02T16:34:11.179656Z","level":"info","event":"    \"is_cost_sharing\": true,","logger":"task.stdout"}
{"timestamp":"2026-09-02T16:34:11.180160Z","level":"info","event":"    \"is_forecast\": false,","logger":"task.stdout"}
{"timestamp":"2026-09-02T16:34:11.180980Z","level":"info","event":"    \"post_date\": \"2026-09-01\",","logger":"task.stdout"}
{"timestamp":"2026-09-02T16:34:11.181546Z","level":"info","event":"    \"summary_description\": \"he Museums for America (MFA) program invests in museums of all sizes \\u2013 from small to large \\u2013 and disciplines in project-based efforts to serve the public through educational programs and exhibits, community partnerships, and collections stewardship activities.\",","logger":"task.stdout"}
{"timestamp":"2026-09-02T16:34:11.182297Z","level":"info","event":"    \"updated_at\": \"2026-09-01T16:55:52+00:00\",","logger":"task.stdout"}
{"timestamp":"2026-09-02T16:34:11.183030Z","level":"info","event":"    \"version_number\": 1","logger":"task.stdout"}
{"timestamp":"2026-09-02T16:34:11.183724Z","level":"info","event":"  },","logger":"task.stdout"}
{"timestamp":"2026-09-02T16:34:11.184507Z","level":"info","event":"  \"tagline\": null,","logger":"task.stdout"}
{"timestamp":"2026-09-02T16:34:11.185165Z","level":"info","event":"  \"top_level_agency_code\": \"IMLS\",","logger":"task.stdout"}
{"timestamp":"2026-09-02T16:34:11.185816Z","level":"info","event":"  \"top_level_agency_name\": \"Institute of Museum and Library Services\"","logger":"task.stdout"}
{"timestamp":"2026-09-02T16:34:11.186546Z","level":"info","event":"}","logger":"task.stdout"}
{"timestamp":"2026-09-02T16:34:11.187188Z","level":"info","event":"","logger":"task.stdout"}
{"timestamp":"2026-09-02T16:34:11.187896Z","level":"info","event":"================================================================================","logger":"task.stdout"}
{"timestamp":"2026-09-02T16:34:11.188611Z","level":"info","event":"OPPORTUNITY 11 of 34","logger":"task.stdout"}
{"timestamp":"2026-09-02T16:34:11.189204Z","level":"info","event":"================================================================================","logger":"task.stdout"}
{"timestamp":"2026-09-02T16:34:11.189912Z","level":"info","event":"{","logger":"task.stdout"}
{"timestamp":"2026-09-02T16:34:11.190694Z","level":"info","event":"  \"agency\": \"HHS-NIH11\",","logger":"task.stdout"}
{"timestamp":"2026-09-02T16:34:11.191506Z","level":"info","event":"  \"agency_code\": \"HHS-NIH11\",","logger":"task.stdout"}
{"timestamp":"2026-09-02T16:34:11.192278Z","level":"info","event":"  \"agency_name\": \"National Institutes of Health\",","logger":"task.stdout"}
{"timestamp":"2026-09-02T16:34:11.193129Z","level":"info","event":"  \"category\": \"discretionary\",","logger":"task.stdout"}
{"timestamp":"2026-09-02T16:34:11.193801Z","level":"info","event":"  \"category_explanation\": null,","logger":"task.stdout"}
{"timestamp":"2026-09-02T16:34:11.194331Z","level":"info","event":"  \"legacy_opportunity_id\": 360909,","logger":"task.stdout"}
{"timestamp":"2026-09-02T16:34:11.194965Z","level":"info","event":"  \"opportunity_assistance_listings\": [","logger":"task.stdout"}
{"timestamp":"2026-09-02T16:34:11.195461Z","level":"info","event":"    {","logger":"task.stdout"}
{"timestamp":"2026-09-02T16:34:11.196140Z","level":"info","event":"      \"assistance_listing_number\": \"93.866\",","logger":"task.stdout"}
{"timestamp":"2026-09-02T16:34:11.196757Z","level":"info","event":"      \"program_title\": \"Aging Research\"","logger":"task.stdout"}
{"timestamp":"2026-09-02T16:34:11.197266Z","level":"info","event":"    }","logger":"task.stdout"}
{"timestamp":"2026-09-02T16:34:11.198081Z","level":"info","event":"  ],","logger":"task.stdout"}
{"timestamp":"2026-09-02T16:34:11.198764Z","level":"info","event":"  \"opportunity_id\": \"7d131a23-ef5d-468e-bdcb-8801e3000991\",","logger":"task.stdout"}
{"timestamp":"2026-09-02T16:34:11.199438Z","level":"info","event":"  \"opportunity_number\": \"PAR-27-112\",","logger":"task.stdout"}
{"timestamp":"2026-09-02T16:34:11.200189Z","level":"info","event":"  \"opportunity_status\": \"posted\",","logger":"task.stdout"}
{"timestamp":"2026-09-02T16:34:11.200747Z","level":"info","event":"  \"opportunity_title\": \"Paul B. Beeson Emerging Leaders Career Development Award in Aging (K76 Clinical Trial Not Allowed)\",","logger":"task.stdout"}
{"timestamp":"2026-09-02T16:34:11.201324Z","level":"info","event":"  \"purpose_statement\": null,","logger":"task.stdout"}
{"timestamp":"2026-09-02T16:34:11.201964Z","level":"info","event":"  \"summary\": {","logger":"task.stdout"}
{"timestamp":"2026-09-02T16:34:11.202613Z","level":"info","event":"    \"additional_info_url\": null,","logger":"task.stdout"}
{"timestamp":"2026-09-02T16:34:11.203202Z","level":"info","event":"    \"additional_info_url_description\": null,","logger":"task.stdout"}
{"timestamp":"2026-09-02T16:34:11.204252Z","level":"info","event":"    \"agency_contact_description\": \"NIA Training and Career Development\\nNIAtraining@mail.nih.gov\",","logger":"task.stdout"}
{"timestamp":"2026-09-02T16:34:11.205113Z","level":"info","event":"    \"agency_email_address\": \"NIAtraining@mail.nih.gov\",","logger":"task.stdout"}
{"timestamp":"2026-09-02T16:34:11.205700Z","level":"info","event":"    \"agency_email_address_description\": \"NIAtraining@mail.nih.gov\",","logger":"task.stdout"}
{"timestamp":"2026-09-02T16:34:11.206359Z","level":"info","event":"    \"applicant_eligibility_description\": \"Refer to Section III. Eligibility Information in the NOFO for additional information on eligibility.Foreign Organizations/International CollaborationsNon-domestic (non-U.S.) Entities (Foreign Organizations) are not eligible to apply.Non-domestic (non-U.S.) components of U.S. Organizations are not eligible to apply.Foreign components, as defined in the NIH Grants Policy Statement, are not allowed.\",","logger":"task.stdout"}
{"timestamp":"2026-09-02T16:34:11.206961Z","level":"info","event":"    \"applicant_types\": [","logger":"task.stdout"}
{"timestamp":"2026-09-02T16:34:11.207589Z","level":"info","event":"      \"small_businesses\",","logger":"task.stdout"}
{"timestamp":"2026-09-02T16:34:11.208388Z","level":"info","event":"      \"public_and_state_institutions_of_higher_education\",","logger":"task.stdout"}
{"timestamp":"2026-09-02T16:34:11.209172Z","level":"info","event":"      \"nonprofits_non_higher_education_with_501c3\",","logger":"task.stdout"}
{"timestamp":"2026-09-02T16:34:11.209871Z","level":"info","event":"      \"nonprofits_non_higher_education_without_501c3\",","logger":"task.stdout"}
{"timestamp":"2026-09-02T16:34:11.210508Z","level":"info","event":"      \"public_and_indian_housing_authorities\",","logger":"task.stdout"}
{"timestamp":"2026-09-02T16:34:11.211125Z","level":"info","event":"      \"for_profit_organizations_other_than_small_businesses\",","logger":"task.stdout"}
{"timestamp":"2026-09-02T16:34:11.211780Z","level":"info","event":"      \"other\",","logger":"task.stdout"}
{"timestamp":"2026-09-02T16:34:11.212387Z","level":"info","event":"      \"federally_recognized_native_american_tribal_governments\",","logger":"task.stdout"}
{"timestamp":"2026-09-02T16:34:11.213078Z","level":"info","event":"      \"special_district_governments\",","logger":"task.stdout"}
{"timestamp":"2026-09-02T16:34:11.213804Z","level":"info","event":"      \"independent_school_districts\",","logger":"task.stdout"}
{"timestamp":"2026-09-02T16:34:11.214460Z","level":"info","event":"      \"other_native_american_tribal_organizations\",","logger":"task.stdout"}
{"timestamp":"2026-09-02T16:34:11.215483Z","level":"info","event":"      \"county_governments\",","logger":"task.stdout"}
{"timestamp":"2026-09-02T16:34:11.216096Z","level":"info","event":"      \"state_governments\",","logger":"task.stdout"}
{"timestamp":"2026-09-02T16:34:11.216921Z","level":"info","event":"      \"city_or_township_governments\",","logger":"task.stdout"}
{"timestamp":"2026-09-02T16:34:11.217523Z","level":"info","event":"      \"private_institutions_of_higher_education\"","logger":"task.stdout"}
{"timestamp":"2026-09-02T16:34:11.218000Z","level":"info","event":"    ],","logger":"task.stdout"}
{"timestamp":"2026-09-02T16:34:11.218711Z","level":"info","event":"    \"archive_date\": \"2028-08-12\",","logger":"task.stdout"}
{"timestamp":"2026-09-02T16:34:11.219321Z","level":"info","event":"    \"award_ceiling\": null,","logger":"task.stdout"}
{"timestamp":"2026-09-02T16:34:11.220247Z","level":"info","event":"    \"award_floor\": null,","logger":"task.stdout"}
{"timestamp":"2026-09-02T16:34:11.221189Z","level":"info","event":"    \"close_date\": \"2028-06-12\",","logger":"task.stdout"}
{"timestamp":"2026-09-02T16:34:11.221897Z","level":"info","event":"    \"close_date_description\": null,","logger":"task.stdout"}
{"timestamp":"2026-09-02T16:34:11.222566Z","level":"info","event":"    \"created_at\": \"2026-09-01T18:39:13+00:00\",","logger":"task.stdout"}
{"timestamp":"2026-09-02T16:34:11.223115Z","level":"info","event":"    \"estimated_total_program_funding\": null,","logger":"task.stdout"}
{"timestamp":"2026-09-02T16:34:11.223750Z","level":"info","event":"    \"expected_number_of_awards\": null,","logger":"task.stdout"}
{"timestamp":"2026-09-02T16:34:11.224302Z","level":"info","event":"    \"fiscal_year\": null,","logger":"task.stdout"}
{"timestamp":"2026-09-02T16:34:11.224879Z","level":"info","event":"    \"forecasted_award_date\": null,","logger":"task.stdout"}
{"timestamp":"2026-09-02T16:34:11.225669Z","level":"info","event":"    \"forecasted_close_date\": null,","logger":"task.stdout"}
{"timestamp":"2026-09-02T16:34:11.226477Z","level":"info","event":"    \"forecasted_close_date_description\": null,","logger":"task.stdout"}
{"timestamp":"2026-09-02T16:34:11.227182Z","level":"info","event":"    \"forecasted_post_date\": null,","logger":"task.stdout"}
{"timestamp":"2026-09-02T16:34:11.227896Z","level":"info","event":"    \"forecasted_project_start_date\": null,","logger":"task.stdout"}
{"timestamp":"2026-09-02T16:34:11.228516Z","level":"info","event":"    \"funding_categories\": [","logger":"task.stdout"}
{"timestamp":"2026-09-02T16:34:11.229189Z","level":"info","event":"      \"health\"","logger":"task.stdout"}
{"timestamp":"2026-09-02T16:34:11.229887Z","level":"info","event":"    ],","logger":"task.stdout"}
{"timestamp":"2026-09-02T16:34:11.230595Z","level":"info","event":"    \"funding_category_description\": null,","logger":"task.stdout"}
{"timestamp":"2026-09-02T16:34:11.231138Z","level":"info","event":"    \"funding_instruments\": [","logger":"task.stdout"}
{"timestamp":"2026-09-02T16:34:11.231835Z","level":"info","event":"      \"grant\"","logger":"task.stdout"}
{"timestamp":"2026-09-02T16:34:11.232541Z","level":"info","event":"    ],","logger":"task.stdout"}
{"timestamp":"2026-09-02T16:34:11.233285Z","level":"info","event":"    \"is_cost_sharing\": false,","logger":"task.stdout"}
{"timestamp":"2026-09-02T16:34:11.233812Z","level":"info","event":"    \"is_forecast\": false,","logger":"task.stdout"}
{"timestamp":"2026-09-02T16:34:11.234563Z","level":"info","event":"    \"post_date\": \"2026-09-01\",","logger":"task.stdout"}
{"timestamp":"2026-09-02T16:34:11.235436Z","level":"info","event":"    \"summary_description\": \"The National Institute on Aging invites early-stage clinician-scientists to apply for the Beeson K76 award with the goal of advancing their research and leadership skills in their specialty and in the broader field of aging research.Unlike other mentored K awards, candidates for this award must have received competitively awarded research support as a Program Director/Primary Investigator (PD/PI) at the faculty level or have otherwise leveraged faculty-level research support to develop an independent line of research. Candidates must show evidence of leadership in the clinical or research domain.This Notice of Funding Opportunity (NOFO) is designed specifically for applicants proposing research that does not involve leading an independent clinical trial, a clinical trial feasibility study, or an ancillary clinical trial. Under this NOFO applicants are permitted to propose a research experience in a clinical trial led by a mentor or co-mentor.\",","logger":"task.stdout"}
{"timestamp":"2026-09-02T16:34:11.237371Z","level":"info","event":"    \"updated_at\": \"2026-09-02T14:34:14+00:00\",","logger":"task.stdout"}
{"timestamp":"2026-09-02T16:34:11.238267Z","level":"info","event":"    \"version_number\": 2","logger":"task.stdout"}
{"timestamp":"2026-09-02T16:34:11.239130Z","level":"info","event":"  },","logger":"task.stdout"}
{"timestamp":"2026-09-02T16:34:11.239874Z","level":"info","event":"  \"tagline\": null,","logger":"task.stdout"}
{"timestamp":"2026-09-02T16:34:11.240824Z","level":"info","event":"  \"top_level_agency_code\": \"HHS\",","logger":"task.stdout"}
{"timestamp":"2026-09-02T16:34:11.241834Z","level":"info","event":"  \"top_level_agency_name\": \"Department of Health and Human Services\"","logger":"task.stdout"}
{"timestamp":"2026-09-02T16:34:11.242651Z","level":"info","event":"}","logger":"task.stdout"}
{"timestamp":"2026-09-02T16:34:11.243302Z","level":"info","event":"","logger":"task.stdout"}
{"timestamp":"2026-09-02T16:34:11.244173Z","level":"info","event":"================================================================================","logger":"task.stdout"}
{"timestamp":"2026-09-02T16:34:11.244985Z","level":"info","event":"OPPORTUNITY 12 of 34","logger":"task.stdout"}
{"timestamp":"2026-09-02T16:34:11.245753Z","level":"info","event":"================================================================================","logger":"task.stdout"}
{"timestamp":"2026-09-02T16:34:11.246429Z","level":"info","event":"{","logger":"task.stdout"}
{"timestamp":"2026-09-02T16:34:11.247153Z","level":"info","event":"  \"agency\": \"IMLS\",","logger":"task.stdout"}
{"timestamp":"2026-09-02T16:34:11.247752Z","level":"info","event":"  \"agency_code\": \"IMLS\",","logger":"task.stdout"}
{"timestamp":"2026-09-02T16:34:11.248456Z","level":"info","event":"  \"agency_name\": \"Institute of Museum and Library Services\",","logger":"task.stdout"}
{"timestamp":"2026-09-02T16:34:11.249145Z","level":"info","event":"  \"category\": \"discretionary\",","logger":"task.stdout"}
{"timestamp":"2026-09-02T16:34:11.250114Z","level":"info","event":"  \"category_explanation\": null,","logger":"task.stdout"}
{"timestamp":"2026-09-02T16:34:11.250964Z","level":"info","event":"  \"legacy_opportunity_id\": 363772,","logger":"task.stdout"}
{"timestamp":"2026-09-02T16:34:11.251596Z","level":"info","event":"  \"opportunity_assistance_listings\": [","logger":"task.stdout"}
{"timestamp":"2026-09-02T16:34:11.252213Z","level":"info","event":"    {","logger":"task.stdout"}
{"timestamp":"2026-09-02T16:34:11.253181Z","level":"info","event":"      \"assistance_listing_number\": \"45.033\",","logger":"task.stdout"}
{"timestamp":"2026-09-02T16:34:11.253909Z","level":"info","event":"      \"program_title\": \"Museum Grants for American Latino History and Culture\"","logger":"task.stdout"}
{"timestamp":"2026-09-02T16:34:11.254476Z","level":"info","event":"    }","logger":"task.stdout"}
{"timestamp":"2026-09-02T16:34:11.255067Z","level":"info","event":"  ],","logger":"task.stdout"}
{"timestamp":"2026-09-02T16:34:11.255633Z","level":"info","event":"  \"opportunity_id\": \"a402e216-6183-4924-a1db-0d9f023ece9b\",","logger":"task.stdout"}
{"timestamp":"2026-09-02T16:34:11.256402Z","level":"info","event":"  \"opportunity_number\": \"ALHC-FY27\",","logger":"task.stdout"}
{"timestamp":"2026-09-02T16:34:11.257012Z","level":"info","event":"  \"opportunity_status\": \"posted\",","logger":"task.stdout"}
{"timestamp":"2026-09-02T16:34:11.257660Z","level":"info","event":"  \"opportunity_title\": \"Museum Grants for American Latino History and Culture (2027)\",","logger":"task.stdout"}
{"timestamp":"2026-09-02T16:34:11.258735Z","level":"info","event":"  \"purpose_statement\": null,","logger":"task.stdout"}
{"timestamp":"2026-09-02T16:34:11.259612Z","level":"info","event":"  \"summary\": {","logger":"task.stdout"}
{"timestamp":"2026-09-02T16:34:11.260408Z","level":"info","event":"    \"additional_info_url\": \"https://www.imls.gov/find-funding/funding-opportunities/grant-programs/museum-grants-for-american-latino-history-and-culture\",","logger":"task.stdout"}
{"timestamp":"2026-09-02T16:34:11.261196Z","level":"info","event":"    \"additional_info_url_description\": \"https://www.imls.gov/find-funding/funding-opportunities/grant-programs/museum-grants-for-american-latino-history-and-culture\",","logger":"task.stdout"}
{"timestamp":"2026-09-02T16:34:11.261958Z","level":"info","event":"    \"agency_contact_description\": \"imls-museumgrants@imls.gov\\nimls-museumgrants@imls.gov\",","logger":"task.stdout"}
{"timestamp":"2026-09-02T16:34:11.262693Z","level":"info","event":"    \"agency_email_address\": \"imls-museumgrants@imls.gov\",","logger":"task.stdout"}
{"timestamp":"2026-09-02T16:34:11.263528Z","level":"info","event":"    \"agency_email_address_description\": \"imls-museumgrants@imls.gov\",","logger":"task.stdout"}
{"timestamp":"2026-09-02T16:34:11.264381Z","level":"info","event":"    \"applicant_eligibility_description\": \"See the Notice of Funding Opportunity for program eligibility criteria.\",","logger":"task.stdout"}
{"timestamp":"2026-09-02T16:34:11.265155Z","level":"info","event":"    \"applicant_types\": [","logger":"task.stdout"}
{"timestamp":"2026-09-02T16:34:11.266069Z","level":"info","event":"      \"other\"","logger":"task.stdout"}
{"timestamp":"2026-09-02T16:34:11.267152Z","level":"info","event":"    ],","logger":"task.stdout"}
{"timestamp":"2026-09-02T16:34:11.268131Z","level":"info","event":"    \"archive_date\": null,","logger":"task.stdout"}
{"timestamp":"2026-09-02T16:34:11.268978Z","level":"info","event":"    \"award_ceiling\": 500000,","logger":"task.stdout"}
{"timestamp":"2026-09-02T16:34:11.269902Z","level":"info","event":"    \"award_floor\": 5000,","logger":"task.stdout"}
{"timestamp":"2026-09-02T16:34:11.270883Z","level":"info","event":"    \"close_date\": \"2026-11-13\",","logger":"task.stdout"}
{"timestamp":"2026-09-02T16:34:11.271766Z","level":"info","event":"    \"close_date_description\": null,","logger":"task.stdout"}
{"timestamp":"2026-09-02T16:34:11.272670Z","level":"info","event":"    \"created_at\": \"2026-09-01T17:12:14+00:00\",","logger":"task.stdout"}
{"timestamp":"2026-09-02T16:34:11.273558Z","level":"info","event":"    \"estimated_total_program_funding\": 6000000,","logger":"task.stdout"}
{"timestamp":"2026-09-02T16:34:11.274376Z","level":"info","event":"    \"expected_number_of_awards\": 16,","logger":"task.stdout"}
{"timestamp":"2026-09-02T16:34:11.275365Z","level":"info","event":"    \"fiscal_year\": null,","logger":"task.stdout"}
{"timestamp":"2026-09-02T16:34:11.276207Z","level":"info","event":"    \"forecasted_award_date\": null,","logger":"task.stdout"}
{"timestamp":"2026-09-02T16:34:11.277331Z","level":"info","event":"    \"forecasted_close_date\": null,","logger":"task.stdout"}
{"timestamp":"2026-09-02T16:34:11.278189Z","level":"info","event":"    \"forecasted_close_date_description\": null,","logger":"task.stdout"}
{"timestamp":"2026-09-02T16:34:11.279035Z","level":"info","event":"    \"forecasted_post_date\": null,","logger":"task.stdout"}
{"timestamp":"2026-09-02T16:34:11.279680Z","level":"info","event":"    \"forecasted_project_start_date\": null,","logger":"task.stdout"}
{"timestamp":"2026-09-02T16:34:11.280579Z","level":"info","event":"    \"funding_categories\": [","logger":"task.stdout"}
{"timestamp":"2026-09-02T16:34:11.281370Z","level":"info","event":"      \"arts\",","logger":"task.stdout"}
{"timestamp":"2026-09-02T16:34:11.282289Z","level":"info","event":"      \"humanities\"","logger":"task.stdout"}
{"timestamp":"2026-09-02T16:34:11.283323Z","level":"info","event":"    ],","logger":"task.stdout"}
{"timestamp":"2026-09-02T16:34:11.284307Z","level":"info","event":"    \"funding_category_description\": null,","logger":"task.stdout"}
{"timestamp":"2026-09-02T16:34:11.285411Z","level":"info","event":"    \"funding_instruments\": [","logger":"task.stdout"}
{"timestamp":"2026-09-02T16:34:11.286376Z","level":"info","event":"      \"grant\"","logger":"task.stdout"}
{"timestamp":"2026-09-02T16:34:11.287315Z","level":"info","event":"    ],","logger":"task.stdout"}
{"timestamp":"2026-09-02T16:34:11.288108Z","level":"info","event":"    \"is_cost_sharing\": false,","logger":"task.stdout"}
{"timestamp":"2026-09-02T16:34:11.288852Z","level":"info","event":"    \"is_forecast\": false,","logger":"task.stdout"}
{"timestamp":"2026-09-02T16:34:11.289727Z","level":"info","event":"    \"post_date\": \"2026-09-01\",","logger":"task.stdout"}
{"timestamp":"2026-09-02T16:34:11.290500Z","level":"info","event":"    \"summary_description\": \"The Museum Grants for American Latino History and Culture (ALHC) program supports projects that build the capacity of American Latino history and culture museums to serve their communities and advance the growth and development of a professional workforce in American Latino cultural institutions.\",","logger":"task.stdout"}
{"timestamp":"2026-09-02T16:34:11.291337Z","level":"info","event":"    \"updated_at\": \"2026-09-01T17:12:14+00:00\",","logger":"task.stdout"}
{"timestamp":"2026-09-02T16:34:11.292213Z","level":"info","event":"    \"version_number\": 1","logger":"task.stdout"}
{"timestamp":"2026-09-02T16:34:11.293174Z","level":"info","event":"  },","logger":"task.stdout"}
{"timestamp":"2026-09-02T16:34:11.294098Z","level":"info","event":"  \"tagline\": null,","logger":"task.stdout"}
{"timestamp":"2026-09-02T16:34:11.295001Z","level":"info","event":"  \"top_level_agency_code\": \"IMLS\",","logger":"task.stdout"}
{"timestamp":"2026-09-02T16:34:11.295963Z","level":"info","event":"  \"top_level_agency_name\": \"Institute of Museum and Library Services\"","logger":"task.stdout"}
{"timestamp":"2026-09-02T16:34:11.296965Z","level":"info","event":"}","logger":"task.stdout"}
{"timestamp":"2026-09-02T16:34:11.298046Z","level":"info","event":"","logger":"task.stdout"}
{"timestamp":"2026-09-02T16:34:11.298928Z","level":"info","event":"================================================================================","logger":"task.stdout"}
{"timestamp":"2026-09-02T16:34:11.299745Z","level":"info","event":"OPPORTUNITY 13 of 34","logger":"task.stdout"}
{"timestamp":"2026-09-02T16:34:11.300531Z","level":"info","event":"================================================================================","logger":"task.stdout"}
{"timestamp":"2026-09-02T16:34:11.301413Z","level":"info","event":"{","logger":"task.stdout"}
{"timestamp":"2026-09-02T16:34:11.302361Z","level":"info","event":"  \"agency\": \"IMLS\",","logger":"task.stdout"}
{"timestamp":"2026-09-02T16:34:11.303084Z","level":"info","event":"  \"agency_code\": \"IMLS\",","logger":"task.stdout"}
{"timestamp":"2026-09-02T16:34:11.303951Z","level":"info","event":"  \"agency_name\": \"Institute of Museum and Library Services\",","logger":"task.stdout"}
{"timestamp":"2026-09-02T16:34:11.304711Z","level":"info","event":"  \"category\": \"discretionary\",","logger":"task.stdout"}
{"timestamp":"2026-09-02T16:34:11.305711Z","level":"info","event":"  \"category_explanation\": null,","logger":"task.stdout"}
{"timestamp":"2026-09-02T16:34:11.306475Z","level":"info","event":"  \"legacy_opportunity_id\": 363770,","logger":"task.stdout"}
{"timestamp":"2026-09-02T16:34:11.307359Z","level":"info","event":"  \"opportunity_assistance_listings\": [","logger":"task.stdout"}
{"timestamp":"2026-09-02T16:34:11.308290Z","level":"info","event":"    {","logger":"task.stdout"}
{"timestamp":"2026-09-02T16:34:11.309058Z","level":"info","event":"      \"assistance_listing_number\": \"45.309\",","logger":"task.stdout"}
{"timestamp":"2026-09-02T16:34:11.309875Z","level":"info","event":"      \"program_title\": \"Museum Grants for African American History and Culture\"","logger":"task.stdout"}
{"timestamp":"2026-09-02T16:34:11.310587Z","level":"info","event":"    }","logger":"task.stdout"}
{"timestamp":"2026-09-02T16:34:11.311473Z","level":"info","event":"  ],","logger":"task.stdout"}
{"timestamp":"2026-09-02T16:34:11.312307Z","level":"info","event":"  \"opportunity_id\": \"dac7e56f-564b-4e8f-970e-f63969a6be2e\",","logger":"task.stdout"}
{"timestamp":"2026-09-02T16:34:11.313176Z","level":"info","event":"  \"opportunity_number\": \"AAHC-FY27\",","logger":"task.stdout"}
{"timestamp":"2026-09-02T16:34:11.314372Z","level":"info","event":"  \"opportunity_status\": \"posted\",","logger":"task.stdout"}
{"timestamp":"2026-09-02T16:34:11.315216Z","level":"info","event":"  \"opportunity_title\": \"Museum Grants for African American History and Culture (2027)\",","logger":"task.stdout"}
{"timestamp":"2026-09-02T16:34:11.316066Z","level":"info","event":"  \"purpose_statement\": null,","logger":"task.stdout"}
{"timestamp":"2026-09-02T16:34:11.316726Z","level":"info","event":"  \"summary\": {","logger":"task.stdout"}
{"timestamp":"2026-09-02T16:34:11.317693Z","level":"info","event":"    \"additional_info_url\": \"https://www.imls.gov/find-funding/funding-opportunities/grant-programs/museum-grants-for-african-american-history-and-culture\",","logger":"task.stdout"}
{"timestamp":"2026-09-02T16:34:11.318599Z","level":"info","event":"    \"additional_info_url_description\": \"https://www.imls.gov/find-funding/funding-opportunities/grant-programs/museum-grants-for-african-american-history-and-culture\",","logger":"task.stdout"}
{"timestamp":"2026-09-02T16:34:11.319408Z","level":"info","event":"    \"agency_contact_description\": \"imls-museumgrants@imls.gov\\nimls-museumgrants@imls.gov\",","logger":"task.stdout"}
{"timestamp":"2026-09-02T16:34:11.319991Z","level":"info","event":"    \"agency_email_address\": \"imls-museumgrants@imls.gov\",","logger":"task.stdout"}
{"timestamp":"2026-09-02T16:34:11.320631Z","level":"info","event":"    \"agency_email_address_description\": \"imls-museumgrants@imls.gov\",","logger":"task.stdout"}
{"timestamp":"2026-09-02T16:34:11.321482Z","level":"info","event":"    \"applicant_eligibility_description\": \"See the Notice of Funding Opportunity for eligibility information.\",","logger":"task.stdout"}
{"timestamp":"2026-09-02T16:34:11.322187Z","level":"info","event":"    \"applicant_types\": [","logger":"task.stdout"}
{"timestamp":"2026-09-02T16:34:11.322898Z","level":"info","event":"      \"other\"","logger":"task.stdout"}
{"timestamp":"2026-09-02T16:34:11.323559Z","level":"info","event":"    ],","logger":"task.stdout"}
{"timestamp":"2026-09-02T16:34:11.324138Z","level":"info","event":"    \"archive_date\": null,","logger":"task.stdout"}
{"timestamp":"2026-09-02T16:34:11.325103Z","level":"info","event":"    \"award_ceiling\": 500000,","logger":"task.stdout"}
{"timestamp":"2026-09-02T16:34:11.325887Z","level":"info","event":"    \"award_floor\": 5000,","logger":"task.stdout"}
{"timestamp":"2026-09-02T16:34:11.326640Z","level":"info","event":"    \"close_date\": \"2026-11-13\",","logger":"task.stdout"}
{"timestamp":"2026-09-02T16:34:11.327395Z","level":"info","event":"    \"close_date_description\": null,","logger":"task.stdout"}
{"timestamp":"2026-09-02T16:34:11.328195Z","level":"info","event":"    \"created_at\": \"2026-09-01T17:03:54+00:00\",","logger":"task.stdout"}
{"timestamp":"2026-09-02T16:34:11.328916Z","level":"info","event":"    \"estimated_total_program_funding\": 6000000,","logger":"task.stdout"}
{"timestamp":"2026-09-02T16:34:11.329697Z","level":"info","event":"    \"expected_number_of_awards\": 32,","logger":"task.stdout"}
{"timestamp":"2026-09-02T16:34:11.330411Z","level":"info","event":"    \"fiscal_year\": null,","logger":"task.stdout"}
{"timestamp":"2026-09-02T16:34:11.330973Z","level":"info","event":"    \"forecasted_award_date\": null,","logger":"task.stdout"}
{"timestamp":"2026-09-02T16:34:11.331645Z","level":"info","event":"    \"forecasted_close_date\": null,","logger":"task.stdout"}
{"timestamp":"2026-09-02T16:34:11.332255Z","level":"info","event":"    \"forecasted_close_date_description\": null,","logger":"task.stdout"}
{"timestamp":"2026-09-02T16:34:11.333078Z","level":"info","event":"    \"forecasted_post_date\": null,","logger":"task.stdout"}
{"timestamp":"2026-09-02T16:34:11.333827Z","level":"info","event":"    \"forecasted_project_start_date\": null,","logger":"task.stdout"}
{"timestamp":"2026-09-02T16:34:11.334516Z","level":"info","event":"    \"funding_categories\": [","logger":"task.stdout"}
{"timestamp":"2026-09-02T16:34:11.335240Z","level":"info","event":"      \"arts\",","logger":"task.stdout"}
{"timestamp":"2026-09-02T16:34:11.336383Z","level":"info","event":"      \"humanities\"","logger":"task.stdout"}
{"timestamp":"2026-09-02T16:34:11.337418Z","level":"info","event":"    ],","logger":"task.stdout"}
{"timestamp":"2026-09-02T16:34:11.338253Z","level":"info","event":"    \"funding_category_description\": null,","logger":"task.stdout"}
{"timestamp":"2026-09-02T16:34:11.338941Z","level":"info","event":"    \"funding_instruments\": [","logger":"task.stdout"}
{"timestamp":"2026-09-02T16:34:11.339680Z","level":"info","event":"      \"grant\"","logger":"task.stdout"}
{"timestamp":"2026-09-02T16:34:11.340277Z","level":"info","event":"    ],","logger":"task.stdout"}
{"timestamp":"2026-09-02T16:34:11.341112Z","level":"info","event":"    \"is_cost_sharing\": true,","logger":"task.stdout"}
{"timestamp":"2026-09-02T16:34:11.341869Z","level":"info","event":"    \"is_forecast\": false,","logger":"task.stdout"}
{"timestamp":"2026-09-02T16:34:11.342729Z","level":"info","event":"    \"post_date\": \"2026-09-01\",","logger":"task.stdout"}
{"timestamp":"2026-09-02T16:34:11.343414Z","level":"info","event":"    \"summary_description\": \"The Museum Grants for African American History and Culture (AAHC) program builds the capacity of African American museums and supports the growth and development of museum professionals at African American museums. The program supports projects that nurture museum professionals, build institutional capacity, and increase access to museum and archival collections at African American museums and Historically Black Colleges and Universities (HBCUs).\",","logger":"task.stdout"}
{"timestamp":"2026-09-02T16:34:11.344203Z","level":"info","event":"    \"updated_at\": \"2026-09-01T17:03:54+00:00\",","logger":"task.stdout"}
{"timestamp":"2026-09-02T16:34:11.345080Z","level":"info","event":"    \"version_number\": 1","logger":"task.stdout"}
{"timestamp":"2026-09-02T16:34:11.345910Z","level":"info","event":"  },","logger":"task.stdout"}
{"timestamp":"2026-09-02T16:34:11.346797Z","level":"info","event":"  \"tagline\": null,","logger":"task.stdout"}
{"timestamp":"2026-09-02T16:34:11.347572Z","level":"info","event":"  \"top_level_agency_code\": \"IMLS\",","logger":"task.stdout"}
{"timestamp":"2026-09-02T16:34:11.348310Z","level":"info","event":"  \"top_level_agency_name\": \"Institute of Museum and Library Services\"","logger":"task.stdout"}
{"timestamp":"2026-09-02T16:34:11.349137Z","level":"info","event":"}","logger":"task.stdout"}
{"timestamp":"2026-09-02T16:34:11.350039Z","level":"info","event":"","logger":"task.stdout"}
{"timestamp":"2026-09-02T16:34:11.350804Z","level":"info","event":"================================================================================","logger":"task.stdout"}
{"timestamp":"2026-09-02T16:34:11.351426Z","level":"info","event":"OPPORTUNITY 14 of 34","logger":"task.stdout"}
{"timestamp":"2026-09-02T16:34:11.352081Z","level":"info","event":"================================================================================","logger":"task.stdout"}
{"timestamp":"2026-09-02T16:34:11.352871Z","level":"info","event":"{","logger":"task.stdout"}
{"timestamp":"2026-09-02T16:34:11.353625Z","level":"info","event":"  \"agency\": \"USDOJ-OJP-OVW\",","logger":"task.stdout"}
{"timestamp":"2026-09-02T16:34:11.354273Z","level":"info","event":"  \"agency_code\": \"USDOJ-OJP-OVW\",","logger":"task.stdout"}
{"timestamp":"2026-09-02T16:34:11.354887Z","level":"info","event":"  \"agency_name\": \"Office on Violence Against Women\",","logger":"task.stdout"}
{"timestamp":"2026-09-02T16:34:11.355397Z","level":"info","event":"  \"category\": \"discretionary\",","logger":"task.stdout"}
{"timestamp":"2026-09-02T16:34:11.356105Z","level":"info","event":"  \"category_explanation\": null,","logger":"task.stdout"}
{"timestamp":"2026-09-02T16:34:11.356844Z","level":"info","event":"  \"legacy_opportunity_id\": 363760,","logger":"task.stdout"}
{"timestamp":"2026-09-02T16:34:11.357488Z","level":"info","event":"  \"opportunity_assistance_listings\": [","logger":"task.stdout"}
{"timestamp":"2026-09-02T16:34:11.358134Z","level":"info","event":"    {","logger":"task.stdout"}
{"timestamp":"2026-09-02T16:34:11.358778Z","level":"info","event":"      \"assistance_listing_number\": \"16.055\",","logger":"task.stdout"}
{"timestamp":"2026-09-02T16:34:11.359488Z","level":"info","event":"      \"program_title\": \"Tribal Special Assistant United States Attorneys\"","logger":"task.stdout"}
{"timestamp":"2026-09-02T16:34:11.361087Z","level":"info","event":"    }","logger":"task.stdout"}
{"timestamp":"2026-09-02T16:34:11.361648Z","level":"info","event":"  ],","logger":"task.stdout"}
{"timestamp":"2026-09-02T16:34:11.362493Z","level":"info","event":"  \"opportunity_id\": \"c8086dce-cee7-4310-a44c-6e21778d90d3\",","logger":"task.stdout"}
{"timestamp":"2026-09-02T16:34:11.363178Z","level":"info","event":"  \"opportunity_number\": \"O-OVW-2026-172660\",","logger":"task.stdout"}
{"timestamp":"2026-09-02T16:34:11.363904Z","level":"info","event":"  \"opportunity_status\": \"posted\",","logger":"task.stdout"}
{"timestamp":"2026-09-02T16:34:11.364491Z","level":"info","event":"  \"opportunity_title\": \"OVW Fiscal Year 2026 Violence Against Women Tribal Special Assistant U.S. Attorney (SAUSA) Initiative - Invitation to Apply\",","logger":"task.stdout"}
{"timestamp":"2026-09-02T16:34:11.365272Z","level":"info","event":"  \"purpose_statement\": null,","logger":"task.stdout"}
{"timestamp":"2026-09-02T16:34:11.365910Z","level":"info","event":"  \"summary\": {","logger":"task.stdout"}
{"timestamp":"2026-09-02T16:34:11.366640Z","level":"info","event":"    \"additional_info_url\": \"https://www.justice.gov/ovw/media/1458736/dl?inline\",","logger":"task.stdout"}
{"timestamp":"2026-09-02T16:34:11.367292Z","level":"info","event":"    \"additional_info_url_description\": \"Full announcement\",","logger":"task.stdout"}
{"timestamp":"2026-09-02T16:34:11.367826Z","level":"info","event":"    \"agency_contact_description\": \"For assistance with the requirements of this invitation to apply, email OVW at OVW.TribalSAUSA@usdoj.gov. Applicants also may call OVW at 202-307-6026.\\nOVW.TribalSAUSA@usdoj.gov\",","logger":"task.stdout"}
{"timestamp":"2026-09-02T16:34:11.368505Z","level":"info","event":"    \"agency_email_address\": \"OVW.TribalSAUSA@usdoj.gov\",","logger":"task.stdout"}
{"timestamp":"2026-09-02T16:34:11.369171Z","level":"info","event":"    \"agency_email_address_description\": \"OVW.TribalSAUSA@usdoj.gov\",","logger":"task.stdout"}
{"timestamp":"2026-09-02T16:34:11.369861Z","level":"info","event":"    \"applicant_eligibility_description\": \"Eligible applicants are limited to: Confederated Tribes and Bands of the Yakama Nation, Eastern Band of Cherokee Indians, Yurok Tribe of the Yurok Reservation, California\",","logger":"task.stdout"}
{"timestamp":"2026-09-02T16:34:11.370709Z","level":"info","event":"    \"applicant_types\": [","logger":"task.stdout"}
{"timestamp":"2026-09-02T16:34:11.371460Z","level":"info","event":"      \"other\",","logger":"task.stdout"}
{"timestamp":"2026-09-02T16:34:11.372190Z","level":"info","event":"      \"federally_recognized_native_american_tribal_governments\"","logger":"task.stdout"}
{"timestamp":"2026-09-02T16:34:11.372939Z","level":"info","event":"    ],","logger":"task.stdout"}
{"timestamp":"2026-09-02T16:34:11.373513Z","level":"info","event":"    \"archive_date\": null,","logger":"task.stdout"}
{"timestamp":"2026-09-02T16:34:11.374337Z","level":"info","event":"    \"award_ceiling\": 1460000,","logger":"task.stdout"}
{"timestamp":"2026-09-02T16:34:11.375279Z","level":"info","event":"    \"award_floor\": 1460000,","logger":"task.stdout"}
{"timestamp":"2026-09-02T16:34:11.376245Z","level":"info","event":"    \"close_date\": \"2026-09-15\",","logger":"task.stdout"}
{"timestamp":"2026-09-02T16:34:11.377265Z","level":"info","event":"    \"close_date_description\": null,","logger":"task.stdout"}
{"timestamp":"2026-09-02T16:34:11.378044Z","level":"info","event":"    \"created_at\": \"2026-09-01T15:08:01+00:00\",","logger":"task.stdout"}
{"timestamp":"2026-09-02T16:34:11.378682Z","level":"info","event":"    \"estimated_total_program_funding\": 4380000,","logger":"task.stdout"}
{"timestamp":"2026-09-02T16:34:11.379270Z","level":"info","event":"    \"expected_number_of_awards\": 3,","logger":"task.stdout"}
{"timestamp":"2026-09-02T16:34:11.379765Z","level":"info","event":"    \"fiscal_year\": null,","logger":"task.stdout"}
{"timestamp":"2026-09-02T16:34:11.380638Z","level":"info","event":"    \"forecasted_award_date\": null,","logger":"task.stdout"}
{"timestamp":"2026-09-02T16:34:11.381352Z","level":"info","event":"    \"forecasted_close_date\": null,","logger":"task.stdout"}
{"timestamp":"2026-09-02T16:34:11.381949Z","level":"info","event":"    \"forecasted_close_date_description\": null,","logger":"task.stdout"}
{"timestamp":"2026-09-02T16:34:11.382605Z","level":"info","event":"    \"forecasted_post_date\": null,","logger":"task.stdout"}
{"timestamp":"2026-09-02T16:34:11.383322Z","level":"info","event":"    \"forecasted_project_start_date\": null,","logger":"task.stdout"}
{"timestamp":"2026-09-02T16:34:11.383906Z","level":"info","event":"    \"funding_categories\": [","logger":"task.stdout"}
{"timestamp":"2026-09-02T16:34:11.384593Z","level":"info","event":"      \"law_justice_and_legal_services\"","logger":"task.stdout"}
{"timestamp":"2026-09-02T16:34:11.385357Z","level":"info","event":"    ],","logger":"task.stdout"}
{"timestamp":"2026-09-02T16:34:11.385971Z","level":"info","event":"    \"funding_category_description\": null,","logger":"task.stdout"}
{"timestamp":"2026-09-02T16:34:11.386630Z","level":"info","event":"    \"funding_instruments\": [","logger":"task.stdout"}
{"timestamp":"2026-09-02T16:34:11.387288Z","level":"info","event":"      \"grant\"","logger":"task.stdout"}
{"timestamp":"2026-09-02T16:34:11.387958Z","level":"info","event":"    ],","logger":"task.stdout"}
{"timestamp":"2026-09-02T16:34:11.388669Z","level":"info","event":"    \"is_cost_sharing\": false,","logger":"task.stdout"}
{"timestamp":"2026-09-02T16:34:11.389369Z","level":"info","event":"    \"is_forecast\": false,","logger":"task.stdout"}
{"timestamp":"2026-09-02T16:34:11.390017Z","level":"info","event":"    \"post_date\": \"2026-09-01\",","logger":"task.stdout"}
{"timestamp":"2026-09-02T16:34:11.390798Z","level":"info","event":"    \"summary_description\": \"The Violence Against Women Tribal Special Assistant U.S. Attorney (SAUSA) Initiative (Tribal SAUSA Initiative) supports Tribes and United States Attorneys' Offices (USAOs) in their investigation and prosecution of VAWA crimes in Indian country. Tribes receive funds to work with their USAO partner to hire or retain a mutually agreed upon attorney to be cross-designated as both a SAUSA and a Tribal prosecutor. The goals of the initiative are to fill gaps in jurisdictional coverage; increase communication and coordination among Tribal, federal, and state law enforcement agencies; establish consistent relationships between federal prosecutors and Tribal community(ies); and improve the quality of investigation and prosecution of VAWA crimes.\",","logger":"task.stdout"}
{"timestamp":"2026-09-02T16:34:11.391466Z","level":"info","event":"    \"updated_at\": \"2026-09-01T15:08:01+00:00\",","logger":"task.stdout"}
{"timestamp":"2026-09-02T16:34:11.392146Z","level":"info","event":"    \"version_number\": 1","logger":"task.stdout"}
{"timestamp":"2026-09-02T16:34:11.392824Z","level":"info","event":"  },","logger":"task.stdout"}
{"timestamp":"2026-09-02T16:34:11.393503Z","level":"info","event":"  \"tagline\": null,","logger":"task.stdout"}
{"timestamp":"2026-09-02T16:34:11.394292Z","level":"info","event":"  \"top_level_agency_code\": \"USDOJ\",","logger":"task.stdout"}
{"timestamp":"2026-09-02T16:34:11.394933Z","level":"info","event":"  \"top_level_agency_name\": \"Department of Justice\"","logger":"task.stdout"}
{"timestamp":"2026-09-02T16:34:11.395581Z","level":"info","event":"}","logger":"task.stdout"}
{"timestamp":"2026-09-02T16:34:11.396452Z","level":"info","event":"","logger":"task.stdout"}
{"timestamp":"2026-09-02T16:34:11.397208Z","level":"info","event":"================================================================================","logger":"task.stdout"}
{"timestamp":"2026-09-02T16:34:11.397763Z","level":"info","event":"OPPORTUNITY 15 of 34","logger":"task.stdout"}
{"timestamp":"2026-09-02T16:34:11.398319Z","level":"info","event":"================================================================================","logger":"task.stdout"}
{"timestamp":"2026-09-02T16:34:11.398893Z","level":"info","event":"{","logger":"task.stdout"}
{"timestamp":"2026-09-02T16:34:11.399430Z","level":"info","event":"  \"agency\": \"HHS-NIH11\",","logger":"task.stdout"}
{"timestamp":"2026-09-02T16:34:11.400122Z","level":"info","event":"  \"agency_code\": \"HHS-NIH11\",","logger":"task.stdout"}
{"timestamp":"2026-09-02T16:34:11.400946Z","level":"info","event":"  \"agency_name\": \"National Institutes of Health\",","logger":"task.stdout"}
{"timestamp":"2026-09-02T16:34:11.401802Z","level":"info","event":"  \"category\": \"discretionary\",","logger":"task.stdout"}
{"timestamp":"2026-09-02T16:34:11.402475Z","level":"info","event":"  \"category_explanation\": null,","logger":"task.stdout"}
{"timestamp":"2026-09-02T16:34:11.403191Z","level":"info","event":"  \"legacy_opportunity_id\": 361065,","logger":"task.stdout"}
{"timestamp":"2026-09-02T16:34:11.403754Z","level":"info","event":"  \"opportunity_assistance_listings\": [","logger":"task.stdout"}
{"timestamp":"2026-09-02T16:34:11.404521Z","level":"info","event":"    {","logger":"task.stdout"}
{"timestamp":"2026-09-02T16:34:11.405059Z","level":"info","event":"      \"assistance_listing_number\": \"93.855\",","logger":"task.stdout"}
{"timestamp":"2026-09-02T16:34:11.405672Z","level":"info","event":"      \"program_title\": \"Allergy and Infectious Diseases Research\"","logger":"task.stdout"}
{"timestamp":"2026-09-02T16:34:11.406235Z","level":"info","event":"    }","logger":"task.stdout"}
{"timestamp":"2026-09-02T16:34:11.407075Z","level":"info","event":"  ],","logger":"task.stdout"}
{"timestamp":"2026-09-02T16:34:11.407893Z","level":"info","event":"  \"opportunity_id\": \"b365a7b5-b32f-409f-8ae3-18386784d50a\",","logger":"task.stdout"}
{"timestamp":"2026-09-02T16:34:11.408811Z","level":"info","event":"  \"opportunity_number\": \"RFA-AI-27-005\",","logger":"task.stdout"}
{"timestamp":"2026-09-02T16:34:11.409549Z","level":"info","event":"  \"opportunity_status\": \"posted\",","logger":"task.stdout"}
{"timestamp":"2026-09-02T16:34:11.410345Z","level":"info","event":"  \"opportunity_title\": \"Clinical Research Network on Antimicrobial Resistance (UM1 Clinical Trial Required)\",","logger":"task.stdout"}
{"timestamp":"2026-09-02T16:34:11.411165Z","level":"info","event":"  \"purpose_statement\": null,","logger":"task.stdout"}
{"timestamp":"2026-09-02T16:34:11.411883Z","level":"info","event":"  \"summary\": {","logger":"task.stdout"}
{"timestamp":"2026-09-02T16:34:11.412469Z","level":"info","event":"    \"additional_info_url\": null,","logger":"task.stdout"}
{"timestamp":"2026-09-02T16:34:11.413099Z","level":"info","event":"    \"additional_info_url_description\": null,","logger":"task.stdout"}
{"timestamp":"2026-09-02T16:34:11.413701Z","level":"info","event":"    \"agency_contact_description\": \"Division of Microbiology and Infectious Diseases\\nAMRClinicalResearchNetworkContact@mail.nih.gov\",","logger":"task.stdout"}
{"timestamp":"2026-09-02T16:34:11.414274Z","level":"info","event":"    \"agency_email_address\": \"AMRClinicalResearchNetworkContact@mail.nih.gov\",","logger":"task.stdout"}
{"timestamp":"2026-09-02T16:34:11.415009Z","level":"info","event":"    \"agency_email_address_description\": \"AMRClinicalResearchNetworkContact@mail.nih.gov\",","logger":"task.stdout"}
{"timestamp":"2026-09-02T16:34:11.415828Z","level":"info","event":"    \"applicant_eligibility_description\": \"Refer to Section III. Eligibility Information in the NOFO for additional information on eligibility.Foreign Organizations/Foreign CollaborationsNon-domestic (non-U.S.) Entities (Foreign Organizations) are not eligible to apply.Non-domestic (non-U.S.) components of U.S. Organizations are not eligible to apply.Foreign components, as defined in the NIH Grants Policy Statement, are allowed. NIH will no longer issue awards (i.e., new, renewal, or non-competing continuation) to domestic or foreign entities that involve foreign subawards/subcontracts. All NIH-funded research involving foreign subawards/subcontracts must be submitted in response to a NOFO that is specifically designated for funded international collaborations. See NIH Grants Policy Statement 16.8 Collaborative International Research Awards.Applications involving foreign subawards/subcontracts submitted in response to this NOFO will be deemed noncompliant and will not be considered for funding. This policy applies to all monetary international collaborations resulting in foreign subawards/subcontracts, however, it does not preclude unfunded international collaborations or foreign components, funding for foreign consultants, or procurement of unique equipment or supplies from foreign vendors.\",","logger":"task.stdout"}
{"timestamp":"2026-09-02T16:34:11.416552Z","level":"info","event":"    \"applicant_types\": [","logger":"task.stdout"}
{"timestamp":"2026-09-02T16:34:11.417210Z","level":"info","event":"      \"federally_recognized_native_american_tribal_governments\",","logger":"task.stdout"}
{"timestamp":"2026-09-02T16:34:11.417798Z","level":"info","event":"      \"city_or_township_governments\",","logger":"task.stdout"}
{"timestamp":"2026-09-02T16:34:11.418543Z","level":"info","event":"      \"special_district_governments\",","logger":"task.stdout"}
{"timestamp":"2026-09-02T16:34:11.419096Z","level":"info","event":"      \"independent_school_districts\",","logger":"task.stdout"}
{"timestamp":"2026-09-02T16:34:11.419651Z","level":"info","event":"      \"public_and_state_institutions_of_higher_education\",","logger":"task.stdout"}
{"timestamp":"2026-09-02T16:34:11.420243Z","level":"info","event":"      \"private_institutions_of_higher_education\",","logger":"task.stdout"}
{"timestamp":"2026-09-02T16:34:11.420944Z","level":"info","event":"      \"other\",","logger":"task.stdout"}
{"timestamp":"2026-09-02T16:34:11.421500Z","level":"info","event":"      \"nonprofits_non_higher_education_without_501c3\",","logger":"task.stdout"}
{"timestamp":"2026-09-02T16:34:11.422016Z","level":"info","event":"      \"state_governments\",","logger":"task.stdout"}
{"timestamp":"2026-09-02T16:34:11.422729Z","level":"info","event":"      \"other_native_american_tribal_organizations\",","logger":"task.stdout"}
{"timestamp":"2026-09-02T16:34:11.423352Z","level":"info","event":"      \"county_governments\",","logger":"task.stdout"}
{"timestamp":"2026-09-02T16:34:11.424232Z","level":"info","event":"      \"public_and_indian_housing_authorities\",","logger":"task.stdout"}
{"timestamp":"2026-09-02T16:34:11.425268Z","level":"info","event":"      \"for_profit_organizations_other_than_small_businesses\",","logger":"task.stdout"}
{"timestamp":"2026-09-02T16:34:11.425823Z","level":"info","event":"      \"nonprofits_non_higher_education_with_501c3\",","logger":"task.stdout"}
{"timestamp":"2026-09-02T16:34:11.426603Z","level":"info","event":"      \"small_businesses\"","logger":"task.stdout"}
{"timestamp":"2026-09-02T16:34:11.427406Z","level":"info","event":"    ],","logger":"task.stdout"}
{"timestamp":"2026-09-02T16:34:11.428061Z","level":"info","event":"    \"archive_date\": \"2027-01-09\",","logger":"task.stdout"}
{"timestamp":"2026-09-02T16:34:11.428830Z","level":"info","event":"    \"award_ceiling\": null,","logger":"task.stdout"}
{"timestamp":"2026-09-02T16:34:11.429775Z","level":"info","event":"    \"award_floor\": null,","logger":"task.stdout"}
{"timestamp":"2026-09-02T16:34:11.430507Z","level":"info","event":"    \"close_date\": \"2026-11-10\",","logger":"task.stdout"}
{"timestamp":"2026-09-02T16:34:11.431429Z","level":"info","event":"    \"close_date_description\": null,","logger":"task.stdout"}
{"timestamp":"2026-09-02T16:34:11.432121Z","level":"info","event":"    \"created_at\": \"2026-09-01T15:10:33+00:00\",","logger":"task.stdout"}
{"timestamp":"2026-09-02T16:34:11.432831Z","level":"info","event":"    \"estimated_total_program_funding\": 18000000,","logger":"task.stdout"}
{"timestamp":"2026-09-02T16:34:11.433491Z","level":"info","event":"    \"expected_number_of_awards\": 1,","logger":"task.stdout"}
{"timestamp":"2026-09-02T16:34:11.434109Z","level":"info","event":"    \"fiscal_year\": null,","logger":"task.stdout"}
{"timestamp":"2026-09-02T16:34:11.434817Z","level":"info","event":"    \"forecasted_award_date\": null,","logger":"task.stdout"}
{"timestamp":"2026-09-02T16:34:11.435464Z","level":"info","event":"    \"forecasted_close_date\": null,","logger":"task.stdout"}
{"timestamp":"2026-09-02T16:34:11.436222Z","level":"info","event":"    \"forecasted_close_date_description\": null,","logger":"task.stdout"}
{"timestamp":"2026-09-02T16:34:11.436952Z","level":"info","event":"    \"forecasted_post_date\": null,","logger":"task.stdout"}
{"timestamp":"2026-09-02T16:34:11.437738Z","level":"info","event":"    \"forecasted_project_start_date\": null,","logger":"task.stdout"}
{"timestamp":"2026-09-02T16:34:11.438457Z","level":"info","event":"    \"funding_categories\": [","logger":"task.stdout"}
{"timestamp":"2026-09-02T16:34:11.439233Z","level":"info","event":"      \"health\"","logger":"task.stdout"}
{"timestamp":"2026-09-02T16:34:11.439948Z","level":"info","event":"    ],","logger":"task.stdout"}
{"timestamp":"2026-09-02T16:34:11.440577Z","level":"info","event":"    \"funding_category_description\": null,","logger":"task.stdout"}
{"timestamp":"2026-09-02T16:34:11.441257Z","level":"info","event":"    \"funding_instruments\": [","logger":"task.stdout"}
{"timestamp":"2026-09-02T16:34:11.441964Z","level":"info","event":"      \"cooperative_agreement\"","logger":"task.stdout"}
{"timestamp":"2026-09-02T16:34:11.442745Z","level":"info","event":"    ],","logger":"task.stdout"}
{"timestamp":"2026-09-02T16:34:11.443563Z","level":"info","event":"    \"is_cost_sharing\": false,","logger":"task.stdout"}
{"timestamp":"2026-09-02T16:34:11.444113Z","level":"info","event":"    \"is_forecast\": false,","logger":"task.stdout"}
{"timestamp":"2026-09-02T16:34:11.444717Z","level":"info","event":"    \"post_date\": \"2026-09-01\",","logger":"task.stdout"}
{"timestamp":"2026-09-02T16:34:11.445392Z","level":"info","event":"    \"summary_description\": \"The purpose of this notice of funding opportunity (NOFO) is to support a Clinical Research Network (CRN) on Antimicrobial Resistance (AMR). The program aims to design, implement, and manage clinical research that addresses pivotal clinical questions related to AMR through a coordinated and integrated CRN. The CRN will comprise four centers: the Scientific Leadership Center (SLC), the Clinical Operations Center (COC), the Laboratory Center (LC), and the Statistics and Data Coordination Center (SDCC).\",","logger":"task.stdout"}
{"timestamp":"2026-09-02T16:34:11.445936Z","level":"info","event":"    \"updated_at\": \"2026-09-01T15:10:33+00:00\",","logger":"task.stdout"}
{"timestamp":"2026-09-02T16:34:11.446502Z","level":"info","event":"    \"version_number\": 1","logger":"task.stdout"}
{"timestamp":"2026-09-02T16:34:11.447180Z","level":"info","event":"  },","logger":"task.stdout"}
{"timestamp":"2026-09-02T16:34:11.447791Z","level":"info","event":"  \"tagline\": null,","logger":"task.stdout"}
{"timestamp":"2026-09-02T16:34:11.448517Z","level":"info","event":"  \"top_level_agency_code\": \"HHS\",","logger":"task.stdout"}
{"timestamp":"2026-09-02T16:34:11.449095Z","level":"info","event":"  \"top_level_agency_name\": \"Department of Health and Human Services\"","logger":"task.stdout"}
{"timestamp":"2026-09-02T16:34:11.449702Z","level":"info","event":"}","logger":"task.stdout"}
{"timestamp":"2026-09-02T16:34:11.450356Z","level":"info","event":"","logger":"task.stdout"}
{"timestamp":"2026-09-02T16:34:11.450989Z","level":"info","event":"================================================================================","logger":"task.stdout"}
{"timestamp":"2026-09-02T16:34:11.451629Z","level":"info","event":"OPPORTUNITY 16 of 34","logger":"task.stdout"}
{"timestamp":"2026-09-02T16:34:11.452246Z","level":"info","event":"================================================================================","logger":"task.stdout"}
{"timestamp":"2026-09-02T16:34:11.453119Z","level":"info","event":"{","logger":"task.stdout"}
{"timestamp":"2026-09-02T16:34:11.453803Z","level":"info","event":"  \"agency\": \"DOC-DOCNOAAERA\",","logger":"task.stdout"}
{"timestamp":"2026-09-02T16:34:11.454491Z","level":"info","event":"  \"agency_code\": \"DOC-DOCNOAAERA\",","logger":"task.stdout"}
{"timestamp":"2026-09-02T16:34:11.455069Z","level":"info","event":"  \"agency_name\": \"DOC NOAA - ERA Production\",","logger":"task.stdout"}
{"timestamp":"2026-09-02T16:34:11.455759Z","level":"info","event":"  \"category\": \"discretionary\",","logger":"task.stdout"}
{"timestamp":"2026-09-02T16:34:11.456347Z","level":"info","event":"  \"category_explanation\": null,","logger":"task.stdout"}
{"timestamp":"2026-09-02T16:34:11.457164Z","level":"info","event":"  \"legacy_opportunity_id\": 363758,","logger":"task.stdout"}
{"timestamp":"2026-09-02T16:34:11.458083Z","level":"info","event":"  \"opportunity_assistance_listings\": [","logger":"task.stdout"}
{"timestamp":"2026-09-02T16:34:11.458822Z","level":"info","event":"    {","logger":"task.stdout"}
{"timestamp":"2026-09-02T16:34:11.459536Z","level":"info","event":"      \"assistance_listing_number\": \"11.463\",","logger":"task.stdout"}
{"timestamp":"2026-09-02T16:34:11.460136Z","level":"info","event":"      \"program_title\": \"Habitat Conservation\"","logger":"task.stdout"}
{"timestamp":"2026-09-02T16:34:11.460796Z","level":"info","event":"    }","logger":"task.stdout"}
{"timestamp":"2026-09-02T16:34:11.461354Z","level":"info","event":"  ],","logger":"task.stdout"}
{"timestamp":"2026-09-02T16:34:11.461887Z","level":"info","event":"  \"opportunity_id\": \"f18bd037-8340-4bf6-8424-5ee22b480a9f\",","logger":"task.stdout"}
{"timestamp":"2026-09-02T16:34:11.462431Z","level":"info","event":"  \"opportunity_number\": \"NOAA-NMFS-HCPO-2026-33781\",","logger":"task.stdout"}
{"timestamp":"2026-09-02T16:34:11.463012Z","level":"info","event":"  \"opportunity_status\": \"posted\",","logger":"task.stdout"}
{"timestamp":"2026-09-02T16:34:11.463734Z","level":"info","event":"  \"opportunity_title\": \"DARRP Restoration Implementation Grants (2026)\",","logger":"task.stdout"}
{"timestamp":"2026-09-02T16:34:11.464376Z","level":"info","event":"  \"purpose_statement\": null,","logger":"task.stdout"}
{"timestamp":"2026-09-02T16:34:11.465185Z","level":"info","event":"  \"summary\": {","logger":"task.stdout"}
{"timestamp":"2026-09-02T16:34:11.466086Z","level":"info","event":"    \"additional_info_url\": null,","logger":"task.stdout"}
{"timestamp":"2026-09-02T16:34:11.466800Z","level":"info","event":"    \"additional_info_url_description\": null,","logger":"task.stdout"}
{"timestamp":"2026-09-02T16:34:11.467507Z","level":"info","event":"    \"agency_contact_description\": \"David Landsman\",","logger":"task.stdout"}
{"timestamp":"2026-09-02T16:34:11.468167Z","level":"info","event":"    \"agency_email_address\": \"David.Landsman@noaa.gov\",","logger":"task.stdout"}
{"timestamp":"2026-09-02T16:34:11.468836Z","level":"info","event":"    \"agency_email_address_description\": \"Office\",","logger":"task.stdout"}
{"timestamp":"2026-09-02T16:34:11.469880Z","level":"info","event":"    \"applicant_eligibility_description\": \"Eligible applicants are institutions of higher education, non-profits, and commercial (for-profit) organizations. Applications from federal, state, or tribal governments will not be considered, due to their potential role as trustee council members. Applications from local governments will only be considered if they identify potential large scale restoration opportunities based on current or anticipated restoration plans. Applications from individuals or employees of federal agencies will not be considered. Non-eligible organizations are encouraged to work with those that are eligible to apply.\",","logger":"task.stdout"}
{"timestamp":"2026-09-02T16:34:11.470611Z","level":"info","event":"    \"applicant_types\": [","logger":"task.stdout"}
{"timestamp":"2026-09-02T16:34:11.471305Z","level":"info","event":"      \"other\"","logger":"task.stdout"}
{"timestamp":"2026-09-02T16:34:11.472118Z","level":"info","event":"    ],","logger":"task.stdout"}
{"timestamp":"2026-09-02T16:34:11.472927Z","level":"info","event":"    \"archive_date\": \"2026-12-18\",","logger":"task.stdout"}
{"timestamp":"2026-09-02T16:34:11.473700Z","level":"info","event":"    \"award_ceiling\": 100000000,","logger":"task.stdout"}
{"timestamp":"2026-09-02T16:34:11.474459Z","level":"info","event":"    \"award_floor\": 2500000,","logger":"task.stdout"}
{"timestamp":"2026-09-02T16:34:11.475229Z","level":"info","event":"    \"close_date\": \"2026-11-18\",","logger":"task.stdout"}
{"timestamp":"2026-09-02T16:34:11.475919Z","level":"info","event":"    \"close_date_description\": \"\",","logger":"task.stdout"}
{"timestamp":"2026-09-02T16:34:11.476713Z","level":"info","event":"    \"created_at\": \"2026-09-01T13:41:59+00:00\",","logger":"task.stdout"}
{"timestamp":"2026-09-02T16:34:11.477471Z","level":"info","event":"    \"estimated_total_program_funding\": null,","logger":"task.stdout"}
{"timestamp":"2026-09-02T16:34:11.478015Z","level":"info","event":"    \"expected_number_of_awards\": null,","logger":"task.stdout"}
{"timestamp":"2026-09-02T16:34:11.478691Z","level":"info","event":"    \"fiscal_year\": null,","logger":"task.stdout"}
{"timestamp":"2026-09-02T16:34:11.479235Z","level":"info","event":"    \"forecasted_award_date\": null,","logger":"task.stdout"}
{"timestamp":"2026-09-02T16:34:11.479850Z","level":"info","event":"    \"forecasted_close_date\": null,","logger":"task.stdout"}
{"timestamp":"2026-09-02T16:34:11.480490Z","level":"info","event":"    \"forecasted_close_date_description\": null,","logger":"task.stdout"}
{"timestamp":"2026-09-02T16:34:11.481065Z","level":"info","event":"    \"forecasted_post_date\": null,","logger":"task.stdout"}
{"timestamp":"2026-09-02T16:34:11.481785Z","level":"info","event":"    \"forecasted_project_start_date\": null,","logger":"task.stdout"}
{"timestamp":"2026-09-02T16:34:11.482383Z","level":"info","event":"    \"funding_categories\": [","logger":"task.stdout"}
{"timestamp":"2026-09-02T16:34:11.483077Z","level":"info","event":"      \"environment\",","logger":"task.stdout"}
{"timestamp":"2026-09-02T16:34:11.483741Z","level":"info","event":"      \"natural_resources\"","logger":"task.stdout"}
{"timestamp":"2026-09-02T16:34:11.484277Z","level":"info","event":"    ],","logger":"task.stdout"}
{"timestamp":"2026-09-02T16:34:11.484842Z","level":"info","event":"    \"funding_category_description\": null,","logger":"task.stdout"}
{"timestamp":"2026-09-02T16:34:11.485737Z","level":"info","event":"    \"funding_instruments\": [","logger":"task.stdout"}
{"timestamp":"2026-09-02T16:34:11.486356Z","level":"info","event":"      \"cooperative_agreement\"","logger":"task.stdout"}
{"timestamp":"2026-09-02T16:34:11.487064Z","level":"info","event":"    ],","logger":"task.stdout"}
{"timestamp":"2026-09-02T16:34:11.487621Z","level":"info","event":"    \"is_cost_sharing\": false,","logger":"task.stdout"}
{"timestamp":"2026-09-02T16:34:11.488209Z","level":"info","event":"    \"is_forecast\": false,","logger":"task.stdout"}
{"timestamp":"2026-09-02T16:34:11.488959Z","level":"info","event":"    \"post_date\": \"2026-09-01\",","logger":"task.stdout"}
{"timestamp":"2026-09-02T16:34:11.489587Z","level":"info","event":"    \"summary_description\": \"<p><span style=\\\"color: black;\\\">The principal objective of the Damage Assessment, Remediation and Restoration Program (DARRP) Restoration Implementation Grants is for NOAA to collaborate with non-federal partners to implement marine and coastal habitat restoration and conservation in order to accomplish common goals related to oil spills, hazardous substance releases, and other natural resource damages. Successful applicants will support and implement restoration activities authorized under the Oil Pollution Act, Comprehensive Environmental Response, Compensation, and Liability Act, Clean Water Act, National Marine Sanctuaries Act, and other federal agencies' authorities related to oil spills, hazardous substance releases, and natural resource damages, such as the RESTORE Act. Notice of Funding Opportunity (NOFO) will be for those capable of implementing restoration and conservation activities across a wide geographic scale. NOAA NOFO Page 2 of 26 Restoration activities may include actions that rebuild productive and sustainable fisheries; contribute to the recovery and conservation of threatened and endangered species; and improve economic vitality, including local employment. Recipients will be implementing activities identified in consent decrees or natural resource damage assessment and restoration plans, and may be developing or soliciting projects to meet restoration goals. This may include recipients reviewing restoration plans and: collaborating with the trustee to select activities to be contracted or sub-awarded by the recipient; collaborating with the trustee to select projects for which the recipient has direct implementation responsibility; competition management to sub- award projects; and implementing pre- and post-restoration project evaluation and monitoring. Projects may also include restoration planning and technique development activities that further the mutual interests of DARRP and of funding recipient partners, such as environmental compliance analyses or restoration planning for potential, future incidents.&nbsp;</span></p>\",","logger":"task.stdout"}
{"timestamp":"2026-09-02T16:34:11.490277Z","level":"info","event":"    \"updated_at\": \"2026-09-01T14:55:49+00:00\",","logger":"task.stdout"}
{"timestamp":"2026-09-02T16:34:11.490924Z","level":"info","event":"    \"version_number\": 2","logger":"task.stdout"}
{"timestamp":"2026-09-02T16:34:11.491711Z","level":"info","event":"  },","logger":"task.stdout"}
{"timestamp":"2026-09-02T16:34:11.492589Z","level":"info","event":"  \"tagline\": null,","logger":"task.stdout"}
{"timestamp":"2026-09-02T16:34:11.493257Z","level":"info","event":"  \"top_level_agency_code\": \"DOC\",","logger":"task.stdout"}
{"timestamp":"2026-09-02T16:34:11.493916Z","level":"info","event":"  \"top_level_agency_name\": \"Department of Commerce\"","logger":"task.stdout"}
{"timestamp":"2026-09-02T16:34:11.494645Z","level":"info","event":"}","logger":"task.stdout"}
{"timestamp":"2026-09-02T16:34:11.495271Z","level":"info","event":"","logger":"task.stdout"}
{"timestamp":"2026-09-02T16:34:11.496032Z","level":"info","event":"================================================================================","logger":"task.stdout"}
{"timestamp":"2026-09-02T16:34:11.496819Z","level":"info","event":"OPPORTUNITY 17 of 34","logger":"task.stdout"}
{"timestamp":"2026-09-02T16:34:11.497543Z","level":"info","event":"================================================================================","logger":"task.stdout"}
{"timestamp":"2026-09-02T16:34:11.498223Z","level":"info","event":"{","logger":"task.stdout"}
{"timestamp":"2026-09-02T16:34:11.498733Z","level":"info","event":"  \"agency\": \"IMLS\",","logger":"task.stdout"}
{"timestamp":"2026-09-02T16:34:11.499340Z","level":"info","event":"  \"agency_code\": \"IMLS\",","logger":"task.stdout"}
{"timestamp":"2026-09-02T16:34:11.500061Z","level":"info","event":"  \"agency_name\": \"Institute of Museum and Library Services\",","logger":"task.stdout"}
{"timestamp":"2026-09-02T16:34:11.500686Z","level":"info","event":"  \"category\": \"discretionary\",","logger":"task.stdout"}
{"timestamp":"2026-09-02T16:34:11.501420Z","level":"info","event":"  \"category_explanation\": null,","logger":"task.stdout"}
{"timestamp":"2026-09-02T16:34:11.502341Z","level":"info","event":"  \"legacy_opportunity_id\": 363767,","logger":"task.stdout"}
{"timestamp":"2026-09-02T16:34:11.502856Z","level":"info","event":"  \"opportunity_assistance_listings\": [","logger":"task.stdout"}
{"timestamp":"2026-09-02T16:34:11.503543Z","level":"info","event":"    {","logger":"task.stdout"}
{"timestamp":"2026-09-02T16:34:11.504104Z","level":"info","event":"      \"assistance_listing_number\": \"45.311\",","logger":"task.stdout"}
{"timestamp":"2026-09-02T16:34:11.504695Z","level":"info","event":"      \"program_title\": \"Native American and Native Hawaiian Library Services\"","logger":"task.stdout"}
{"timestamp":"2026-09-02T16:34:11.505375Z","level":"info","event":"    }","logger":"task.stdout"}
{"timestamp":"2026-09-02T16:34:11.505923Z","level":"info","event":"  ],","logger":"task.stdout"}
{"timestamp":"2026-09-02T16:34:11.506511Z","level":"info","event":"  \"opportunity_id\": \"f48f25ae-6b74-4c02-bba7-d8f2c0cb7b06\",","logger":"task.stdout"}
{"timestamp":"2026-09-02T16:34:11.506984Z","level":"info","event":"  \"opportunity_number\": \"NAG-BASIC-FY27\",","logger":"task.stdout"}
{"timestamp":"2026-09-02T16:34:11.507569Z","level":"info","event":"  \"opportunity_status\": \"posted\",","logger":"task.stdout"}
{"timestamp":"2026-09-02T16:34:11.508378Z","level":"info","event":"  \"opportunity_title\": \"Native American Library Services Basic Grant (2027)\",","logger":"task.stdout"}
{"timestamp":"2026-09-02T16:34:11.509097Z","level":"info","event":"  \"purpose_statement\": null,","logger":"task.stdout"}
{"timestamp":"2026-09-02T16:34:11.509838Z","level":"info","event":"  \"summary\": {","logger":"task.stdout"}
{"timestamp":"2026-09-02T16:34:11.510476Z","level":"info","event":"    \"additional_info_url\": \"https://www.imls.gov/find-funding/funding-opportunities/grant-programs/native-american-library-services-basic-grants\",","logger":"task.stdout"}
{"timestamp":"2026-09-02T16:34:11.511176Z","level":"info","event":"    \"additional_info_url_description\": \"https://www.imls.gov/find-funding/funding-opportunities/grant-programs/native-american-library-services-basic-grants\",","logger":"task.stdout"}
{"timestamp":"2026-09-02T16:34:11.511705Z","level":"info","event":"    \"agency_contact_description\": \"imls-librarygrants@imls.gov\\nimls-librarygrants@imls.gov\",","logger":"task.stdout"}
{"timestamp":"2026-09-02T16:34:11.512310Z","level":"info","event":"    \"agency_email_address\": \"imls-librarygrants@imls.gov\",","logger":"task.stdout"}
{"timestamp":"2026-09-02T16:34:11.512945Z","level":"info","event":"    \"agency_email_address_description\": \"imls-librarygrants@imls.gov\",","logger":"task.stdout"}
{"timestamp":"2026-09-02T16:34:11.513643Z","level":"info","event":"    \"applicant_eligibility_description\": null,","logger":"task.stdout"}
{"timestamp":"2026-09-02T16:34:11.514395Z","level":"info","event":"    \"applicant_types\": [","logger":"task.stdout"}
{"timestamp":"2026-09-02T16:34:11.515076Z","level":"info","event":"      \"federally_recognized_native_american_tribal_governments\"","logger":"task.stdout"}
{"timestamp":"2026-09-02T16:34:11.515788Z","level":"info","event":"    ],","logger":"task.stdout"}
{"timestamp":"2026-09-02T16:34:11.516687Z","level":"info","event":"    \"archive_date\": null,","logger":"task.stdout"}
{"timestamp":"2026-09-02T16:34:11.517616Z","level":"info","event":"    \"award_ceiling\": 10000,","logger":"task.stdout"}
{"timestamp":"2026-09-02T16:34:11.518303Z","level":"info","event":"    \"award_floor\": 6000,","logger":"task.stdout"}
{"timestamp":"2026-09-02T16:34:11.518973Z","level":"info","event":"    \"close_date\": \"2026-11-13\",","logger":"task.stdout"}
{"timestamp":"2026-09-02T16:34:11.519610Z","level":"info","event":"    \"close_date_description\": null,","logger":"task.stdout"}
{"timestamp":"2026-09-02T16:34:11.520434Z","level":"info","event":"    \"created_at\": \"2026-09-01T16:31:17+00:00\",","logger":"task.stdout"}
{"timestamp":"2026-09-02T16:34:11.521109Z","level":"info","event":"    \"estimated_total_program_funding\": 1700000,","logger":"task.stdout"}
{"timestamp":"2026-09-02T16:34:11.522031Z","level":"info","event":"    \"expected_number_of_awards\": 170,","logger":"task.stdout"}
{"timestamp":"2026-09-02T16:34:11.522838Z","level":"info","event":"    \"fiscal_year\": null,","logger":"task.stdout"}
{"timestamp":"2026-09-02T16:34:11.523643Z","level":"info","event":"    \"forecasted_award_date\": null,","logger":"task.stdout"}
{"timestamp":"2026-09-02T16:34:11.524604Z","level":"info","event":"    \"forecasted_close_date\": null,","logger":"task.stdout"}
{"timestamp":"2026-09-02T16:34:11.525391Z","level":"info","event":"    \"forecasted_close_date_description\": null,","logger":"task.stdout"}
{"timestamp":"2026-09-02T16:34:11.526249Z","level":"info","event":"    \"forecasted_post_date\": null,","logger":"task.stdout"}
{"timestamp":"2026-09-02T16:34:11.526997Z","level":"info","event":"    \"forecasted_project_start_date\": null,","logger":"task.stdout"}
{"timestamp":"2026-09-02T16:34:11.527713Z","level":"info","event":"    \"funding_categories\": [","logger":"task.stdout"}
{"timestamp":"2026-09-02T16:34:11.528473Z","level":"info","event":"      \"arts\",","logger":"task.stdout"}
{"timestamp":"2026-09-02T16:34:11.529134Z","level":"info","event":"      \"humanities\"","logger":"task.stdout"}
{"timestamp":"2026-09-02T16:34:11.529894Z","level":"info","event":"    ],","logger":"task.stdout"}
{"timestamp":"2026-09-02T16:34:11.530660Z","level":"info","event":"    \"funding_category_description\": null,","logger":"task.stdout"}
{"timestamp":"2026-09-02T16:34:11.531340Z","level":"info","event":"    \"funding_instruments\": [","logger":"task.stdout"}
{"timestamp":"2026-09-02T16:34:11.531913Z","level":"info","event":"      \"grant\"","logger":"task.stdout"}
{"timestamp":"2026-09-02T16:34:11.533213Z","level":"info","event":"    ],","logger":"task.stdout"}
{"timestamp":"2026-09-02T16:34:11.533900Z","level":"info","event":"    \"is_cost_sharing\": false,","logger":"task.stdout"}
{"timestamp":"2026-09-02T16:34:11.534527Z","level":"info","event":"    \"is_forecast\": false,","logger":"task.stdout"}
{"timestamp":"2026-09-02T16:34:11.535261Z","level":"info","event":"    \"post_date\": \"2026-09-01\",","logger":"task.stdout"}
{"timestamp":"2026-09-02T16:34:11.536048Z","level":"info","event":"    \"summary_description\": \"The Native American Basic Grants (NAB) program assists eligible Native Communities in establishing, sustaining, and improving library services and operations with their communities. As information needs change, Tribal libraries must be able to serve as knowledge and resource centers to benefit their users and the wellness of their communities. The NAB program supports Native Communities across the country to address their individual information needs and priorities.\",","logger":"task.stdout"}
{"timestamp":"2026-09-02T16:34:11.536684Z","level":"info","event":"    \"updated_at\": \"2026-09-01T16:31:17+00:00\",","logger":"task.stdout"}
{"timestamp":"2026-09-02T16:34:11.537278Z","level":"info","event":"    \"version_number\": 1","logger":"task.stdout"}
{"timestamp":"2026-09-02T16:34:11.538055Z","level":"info","event":"  },","logger":"task.stdout"}
{"timestamp":"2026-09-02T16:34:11.539113Z","level":"info","event":"  \"tagline\": null,","logger":"task.stdout"}
{"timestamp":"2026-09-02T16:34:11.539920Z","level":"info","event":"  \"top_level_agency_code\": \"IMLS\",","logger":"task.stdout"}
{"timestamp":"2026-09-02T16:34:11.540952Z","level":"info","event":"  \"top_level_agency_name\": \"Institute of Museum and Library Services\"","logger":"task.stdout"}
{"timestamp":"2026-09-02T16:34:11.541746Z","level":"info","event":"}","logger":"task.stdout"}
{"timestamp":"2026-09-02T16:34:11.542507Z","level":"info","event":"","logger":"task.stdout"}
{"timestamp":"2026-09-02T16:34:11.543273Z","level":"info","event":"================================================================================","logger":"task.stdout"}
{"timestamp":"2026-09-02T16:34:11.543899Z","level":"info","event":"OPPORTUNITY 18 of 34","logger":"task.stdout"}
{"timestamp":"2026-09-02T16:34:11.544861Z","level":"info","event":"================================================================================","logger":"task.stdout"}
{"timestamp":"2026-09-02T16:34:11.545622Z","level":"info","event":"{","logger":"task.stdout"}
{"timestamp":"2026-09-02T16:34:11.546414Z","level":"info","event":"  \"agency\": \"HHS-NIH11\",","logger":"task.stdout"}
{"timestamp":"2026-09-02T16:34:11.547199Z","level":"info","event":"  \"agency_code\": \"HHS-NIH11\",","logger":"task.stdout"}
{"timestamp":"2026-09-02T16:34:11.548139Z","level":"info","event":"  \"agency_name\": \"National Institutes of Health\",","logger":"task.stdout"}
{"timestamp":"2026-09-02T16:34:11.548835Z","level":"info","event":"  \"category\": \"discretionary\",","logger":"task.stdout"}
{"timestamp":"2026-09-02T16:34:11.549566Z","level":"info","event":"  \"category_explanation\": null,","logger":"task.stdout"}
{"timestamp":"2026-09-02T16:34:11.550451Z","level":"info","event":"  \"legacy_opportunity_id\": 360554,","logger":"task.stdout"}
{"timestamp":"2026-09-02T16:34:11.551294Z","level":"info","event":"  \"opportunity_assistance_listings\": [","logger":"task.stdout"}
{"timestamp":"2026-09-02T16:34:11.552191Z","level":"info","event":"    {","logger":"task.stdout"}
{"timestamp":"2026-09-02T16:34:11.552874Z","level":"info","event":"      \"assistance_listing_number\": \"93.279\",","logger":"task.stdout"}
{"timestamp":"2026-09-02T16:34:11.553684Z","level":"info","event":"      \"program_title\": \"Drug Use and Addiction Research Programs\"","logger":"task.stdout"}
{"timestamp":"2026-09-02T16:34:11.554428Z","level":"info","event":"    },","logger":"task.stdout"}
{"timestamp":"2026-09-02T16:34:11.555173Z","level":"info","event":"    {","logger":"task.stdout"}
{"timestamp":"2026-09-02T16:34:11.556073Z","level":"info","event":"      \"assistance_listing_number\": \"93.242\",","logger":"task.stdout"}
{"timestamp":"2026-09-02T16:34:11.556934Z","level":"info","event":"      \"program_title\": \"Mental Health Research Grants\"","logger":"task.stdout"}
{"timestamp":"2026-09-02T16:34:11.557837Z","level":"info","event":"    },","logger":"task.stdout"}
{"timestamp":"2026-09-02T16:34:11.558552Z","level":"info","event":"    {","logger":"task.stdout"}
{"timestamp":"2026-09-02T16:34:11.559257Z","level":"info","event":"      \"assistance_listing_number\": \"93.399\",","logger":"task.stdout"}
{"timestamp":"2026-09-02T16:34:11.559975Z","level":"info","event":"      \"program_title\": \"Cancer Control\"","logger":"task.stdout"}
{"timestamp":"2026-09-02T16:34:11.560712Z","level":"info","event":"    },","logger":"task.stdout"}
{"timestamp":"2026-09-02T16:34:11.561434Z","level":"info","event":"    {","logger":"task.stdout"}
{"timestamp":"2026-09-02T16:34:11.562100Z","level":"info","event":"      \"assistance_listing_number\": \"93.121\",","logger":"task.stdout"}
{"timestamp":"2026-09-02T16:34:11.562736Z","level":"info","event":"      \"program_title\": \"Oral Diseases and Disorders Research\"","logger":"task.stdout"}
{"timestamp":"2026-09-02T16:34:11.563426Z","level":"info","event":"    },","logger":"task.stdout"}
{"timestamp":"2026-09-02T16:34:11.564290Z","level":"info","event":"    {","logger":"task.stdout"}
{"timestamp":"2026-09-02T16:34:11.565423Z","level":"info","event":"      \"assistance_listing_number\": \"93.853\",","logger":"task.stdout"}
{"timestamp":"2026-09-02T16:34:11.566372Z","level":"info","event":"      \"program_title\": \"Extramural Research Programs in the Neurosciences and Neurological Disorders\"","logger":"task.stdout"}
{"timestamp":"2026-09-02T16:34:11.567173Z","level":"info","event":"    },","logger":"task.stdout"}
{"timestamp":"2026-09-02T16:34:11.567850Z","level":"info","event":"    {","logger":"task.stdout"}
{"timestamp":"2026-09-02T16:34:11.568438Z","level":"info","event":"      \"assistance_listing_number\": \"93.273\",","logger":"task.stdout"}
{"timestamp":"2026-09-02T16:34:11.569203Z","level":"info","event":"      \"program_title\": \"Alcohol Research Programs\"","logger":"task.stdout"}
{"timestamp":"2026-09-02T16:34:11.569904Z","level":"info","event":"    }","logger":"task.stdout"}
{"timestamp":"2026-09-02T16:34:11.570656Z","level":"info","event":"  ],","logger":"task.stdout"}
{"timestamp":"2026-09-02T16:34:11.571425Z","level":"info","event":"  \"opportunity_id\": \"fc68f56a-b886-4021-bc6a-504a277f2ffb\",","logger":"task.stdout"}
{"timestamp":"2026-09-02T16:34:11.572123Z","level":"info","event":"  \"opportunity_number\": \"PAR-27-051\",","logger":"task.stdout"}
{"timestamp":"2026-09-02T16:34:11.572923Z","level":"info","event":"  \"opportunity_status\": \"posted\",","logger":"task.stdout"}
{"timestamp":"2026-09-02T16:34:11.573716Z","level":"info","event":"  \"opportunity_title\": \"NIH Brain Development Cohorts (NBDC) and\\u00a0Population Assessment of Tobacco and Health (PATH) Study\\u00a0Biospecimen Access (X01 Clinical Trial Not Allowed)\",","logger":"task.stdout"}
{"timestamp":"2026-09-02T16:34:11.574520Z","level":"info","event":"  \"purpose_statement\": null,","logger":"task.stdout"}
{"timestamp":"2026-09-02T16:34:11.575319Z","level":"info","event":"  \"summary\": {","logger":"task.stdout"}
{"timestamp":"2026-09-02T16:34:11.575969Z","level":"info","event":"    \"additional_info_url\": null,","logger":"task.stdout"}
{"timestamp":"2026-09-02T16:34:11.576761Z","level":"info","event":"    \"additional_info_url_description\": null,","logger":"task.stdout"}
{"timestamp":"2026-09-02T16:34:11.577543Z","level":"info","event":"    \"agency_contact_description\": \"National Institute of Drug Abuse (NIDA)\\nnidagmbemail@nida.nih.gov\",","logger":"task.stdout"}
{"timestamp":"2026-09-02T16:34:11.578148Z","level":"info","event":"    \"agency_email_address\": \"nidagmbemail@nida.nih.gov\",","logger":"task.stdout"}
{"timestamp":"2026-09-02T16:34:11.578906Z","level":"info","event":"    \"agency_email_address_description\": \"nidagmbemail@nida.nih.gov\",","logger":"task.stdout"}
{"timestamp":"2026-09-02T16:34:11.579958Z","level":"info","event":"    \"applicant_eligibility_description\": \"Refer to Section III. Eligibility Information in the NOFO for additional information on eligibility.Foreign Organizations/Foreign CollaborationsNon-domestic (non-U.S.) Entities (Foreign Organizations) are eligible to apply.Non-domestic (non-U.S.) components of U.S. Organizations are eligible to apply.Foreign components, as defined in the NIH Grants Policy Statement, are allowed. NIH will no longer issue awards (i.e., new, renewal, or non-competing continuation) to domestic or foreign entities that involve foreign subawards/subcontracts. All NIH-funded research involving foreign subawards/subcontracts must be submitted in response to a NOFO that is specifically designated for funded international collaborations. See NIH Grants Policy Statement 16.8 Collaborative International Research Awards.Applications involving foreign subawards/subcontracts submitted in response to this NOFO will be deemed noncompliant and will not be considered for funding. This policy applies to all monetary international collaborations resulting in foreign subawards/subcontracts, however, it does not preclude unfunded international collaborations or foreign components, funding for foreign consultants, or procurement of unique equipment or supplies from foreign vendors.\",","logger":"task.stdout"}
{"timestamp":"2026-09-02T16:34:11.580924Z","level":"info","event":"    \"applicant_types\": [","logger":"task.stdout"}
{"timestamp":"2026-09-02T16:34:11.581747Z","level":"info","event":"      \"nonprofits_non_higher_education_without_501c3\",","logger":"task.stdout"}
{"timestamp":"2026-09-02T16:34:11.582635Z","level":"info","event":"      \"public_and_state_institutions_of_higher_education\",","logger":"task.stdout"}
{"timestamp":"2026-09-02T16:34:11.583395Z","level":"info","event":"      \"nonprofits_non_higher_education_with_501c3\",","logger":"task.stdout"}
{"timestamp":"2026-09-02T16:34:11.584161Z","level":"info","event":"      \"small_businesses\",","logger":"task.stdout"}
{"timestamp":"2026-09-02T16:34:11.585120Z","level":"info","event":"      \"other\",","logger":"task.stdout"}
{"timestamp":"2026-09-02T16:34:11.585759Z","level":"info","event":"      \"other_native_american_tribal_organizations\",","logger":"task.stdout"}
{"timestamp":"2026-09-02T16:34:11.587122Z","level":"info","event":"      \"special_district_governments\",","logger":"task.stdout"}
{"timestamp":"2026-09-02T16:34:11.588120Z","level":"info","event":"      \"public_and_indian_housing_authorities\",","logger":"task.stdout"}
{"timestamp":"2026-09-02T16:34:11.589014Z","level":"info","event":"      \"county_governments\",","logger":"task.stdout"}
{"timestamp":"2026-09-02T16:34:11.589953Z","level":"info","event":"      \"city_or_township_governments\",","logger":"task.stdout"}
{"timestamp":"2026-09-02T16:34:11.590769Z","level":"info","event":"      \"private_institutions_of_higher_education\",","logger":"task.stdout"}
{"timestamp":"2026-09-02T16:34:11.591606Z","level":"info","event":"      \"for_profit_organizations_other_than_small_businesses\",","logger":"task.stdout"}
{"timestamp":"2026-09-02T16:34:11.592479Z","level":"info","event":"      \"state_governments\",","logger":"task.stdout"}
{"timestamp":"2026-09-02T16:34:11.593259Z","level":"info","event":"      \"independent_school_districts\"","logger":"task.stdout"}
{"timestamp":"2026-09-02T16:34:11.593976Z","level":"info","event":"    ],","logger":"task.stdout"}
{"timestamp":"2026-09-02T16:34:11.595859Z","level":"info","event":"    \"archive_date\": \"2029-06-16\",","logger":"task.stdout"}
{"timestamp":"2026-09-02T16:34:11.596772Z","level":"info","event":"    \"award_ceiling\": null,","logger":"task.stdout"}
{"timestamp":"2026-09-02T16:34:11.597774Z","level":"info","event":"    \"award_floor\": null,","logger":"task.stdout"}
{"timestamp":"2026-09-02T16:34:11.598982Z","level":"info","event":"    \"close_date\": \"2029-04-17\",","logger":"task.stdout"}
{"timestamp":"2026-09-02T16:34:11.600395Z","level":"info","event":"    \"close_date_description\": null,","logger":"task.stdout"}
{"timestamp":"2026-09-02T16:34:11.601304Z","level":"info","event":"    \"created_at\": \"2026-09-01T17:51:16+00:00\",","logger":"task.stdout"}
{"timestamp":"2026-09-02T16:34:11.602130Z","level":"info","event":"    \"estimated_total_program_funding\": null,","logger":"task.stdout"}
{"timestamp":"2026-09-02T16:34:11.603071Z","level":"info","event":"    \"expected_number_of_awards\": null,","logger":"task.stdout"}
{"timestamp":"2026-09-02T16:34:11.603870Z","level":"info","event":"    \"fiscal_year\": null,","logger":"task.stdout"}
{"timestamp":"2026-09-02T16:34:11.604826Z","level":"info","event":"    \"forecasted_award_date\": null,","logger":"task.stdout"}
{"timestamp":"2026-09-02T16:34:11.605684Z","level":"info","event":"    \"forecasted_close_date\": null,","logger":"task.stdout"}
{"timestamp":"2026-09-02T16:34:11.606556Z","level":"info","event":"    \"forecasted_close_date_description\": null,","logger":"task.stdout"}
{"timestamp":"2026-09-02T16:34:11.607495Z","level":"info","event":"    \"forecasted_post_date\": null,","logger":"task.stdout"}
{"timestamp":"2026-09-02T16:34:11.608260Z","level":"info","event":"    \"forecasted_project_start_date\": null,","logger":"task.stdout"}
{"timestamp":"2026-09-02T16:34:11.609006Z","level":"info","event":"    \"funding_categories\": [","logger":"task.stdout"}
{"timestamp":"2026-09-02T16:34:11.610380Z","level":"info","event":"      \"health\"","logger":"task.stdout"}
{"timestamp":"2026-09-02T16:34:11.611054Z","level":"info","event":"    ],","logger":"task.stdout"}
{"timestamp":"2026-09-02T16:34:11.611973Z","level":"info","event":"    \"funding_category_description\": null,","logger":"task.stdout"}
{"timestamp":"2026-09-02T16:34:11.612655Z","level":"info","event":"    \"funding_instruments\": [","logger":"task.stdout"}
{"timestamp":"2026-09-02T16:34:11.613349Z","level":"info","event":"      \"grant\"","logger":"task.stdout"}
{"timestamp":"2026-09-02T16:34:11.614053Z","level":"info","event":"    ],","logger":"task.stdout"}
{"timestamp":"2026-09-02T16:34:11.614750Z","level":"info","event":"    \"is_cost_sharing\": false,","logger":"task.stdout"}
{"timestamp":"2026-09-02T16:34:11.615430Z","level":"info","event":"    \"is_forecast\": false,","logger":"task.stdout"}
{"timestamp":"2026-09-02T16:34:11.616091Z","level":"info","event":"    \"post_date\": \"2026-09-01\",","logger":"task.stdout"}
{"timestamp":"2026-09-02T16:34:11.616849Z","level":"info","event":"    \"summary_description\": \"The National Institutes of Health seek to advance their mission by providing the scientific community with the opportunity to request access to biospecimens from the Adolescent Brain Cognitive DevelopmentSM (ABCD) Study, the HEALthy Brain and Child Development (HBCD) Study, and the Population Assessment of Tobacco and Health (PATH) Study to conduct research consistent with the respective study objectives that will maximize the scientific utility of these limited samples. Applications should expand the knowledge gained from these studies and advance our understanding of the multiple genetic and environmental factors, such as exposure to substances, that affect health and disease over the course of a lifetime.\",","logger":"task.stdout"}
{"timestamp":"2026-09-02T16:34:11.617654Z","level":"info","event":"    \"updated_at\": \"2026-09-01T17:51:16+00:00\",","logger":"task.stdout"}
{"timestamp":"2026-09-02T16:34:11.618552Z","level":"info","event":"    \"version_number\": 1","logger":"task.stdout"}
{"timestamp":"2026-09-02T16:34:11.619234Z","level":"info","event":"  },","logger":"task.stdout"}
{"timestamp":"2026-09-02T16:34:11.620223Z","level":"info","event":"  \"tagline\": null,","logger":"task.stdout"}
{"timestamp":"2026-09-02T16:34:11.621018Z","level":"info","event":"  \"top_level_agency_code\": \"HHS\",","logger":"task.stdout"}
{"timestamp":"2026-09-02T16:34:11.621993Z","level":"info","event":"  \"top_level_agency_name\": \"Department of Health and Human Services\"","logger":"task.stdout"}
{"timestamp":"2026-09-02T16:34:11.622799Z","level":"info","event":"}","logger":"task.stdout"}
{"timestamp":"2026-09-02T16:34:11.623916Z","level":"info","event":"","logger":"task.stdout"}
{"timestamp":"2026-09-02T16:34:11.624845Z","level":"info","event":"================================================================================","logger":"task.stdout"}
{"timestamp":"2026-09-02T16:34:11.626938Z","level":"info","event":"OPPORTUNITY 19 of 34","logger":"task.stdout"}
{"timestamp":"2026-09-02T16:34:11.628110Z","level":"info","event":"================================================================================","logger":"task.stdout"}
{"timestamp":"2026-09-02T16:34:11.629241Z","level":"info","event":"{","logger":"task.stdout"}
{"timestamp":"2026-09-02T16:34:11.630121Z","level":"info","event":"  \"agency\": \"USDOJ-OJP-OVC\",","logger":"task.stdout"}
{"timestamp":"2026-09-02T16:34:11.630945Z","level":"info","event":"  \"agency_code\": \"USDOJ-OJP-OVC\",","logger":"task.stdout"}
{"timestamp":"2026-09-02T16:34:11.631780Z","level":"info","event":"  \"agency_name\": \"Office for Victims of Crime\",","logger":"task.stdout"}
{"timestamp":"2026-09-02T16:34:11.633251Z","level":"info","event":"  \"category\": \"discretionary\",","logger":"task.stdout"}
{"timestamp":"2026-09-02T16:34:11.634206Z","level":"info","event":"  \"category_explanation\": null,","logger":"task.stdout"}
{"timestamp":"2026-09-02T16:34:11.635095Z","level":"info","event":"  \"legacy_opportunity_id\": 363778,","logger":"task.stdout"}
{"timestamp":"2026-09-02T16:34:11.635909Z","level":"info","event":"  \"opportunity_assistance_listings\": [","logger":"task.stdout"}
{"timestamp":"2026-09-02T16:34:11.636640Z","level":"info","event":"    {","logger":"task.stdout"}
{"timestamp":"2026-09-02T16:34:11.637597Z","level":"info","event":"      \"assistance_listing_number\": \"16.321\",","logger":"task.stdout"}
{"timestamp":"2026-09-02T16:34:11.638541Z","level":"info","event":"      \"program_title\": \"Antiterrorism Emergency Reserve\"","logger":"task.stdout"}
{"timestamp":"2026-09-02T16:34:11.639548Z","level":"info","event":"    }","logger":"task.stdout"}
{"timestamp":"2026-09-02T16:34:11.641527Z","level":"info","event":"  ],","logger":"task.stdout"}
{"timestamp":"2026-09-02T16:34:11.643971Z","level":"info","event":"  \"opportunity_id\": \"482b2104-1943-468e-91d0-e8c21bcfa383\",","logger":"task.stdout"}
{"timestamp":"2026-09-02T16:34:11.645029Z","level":"info","event":"  \"opportunity_number\": \"O-OVC-2026-172725\",","logger":"task.stdout"}
{"timestamp":"2026-09-02T16:34:11.646177Z","level":"info","event":"  \"opportunity_status\": \"posted\",","logger":"task.stdout"}
{"timestamp":"2026-09-02T16:34:11.647482Z","level":"info","event":"  \"opportunity_title\": \"OVC FY26 Invited to Apply Antiterrorism and Emergency Assistance Program for Crime Victim Compensation and/or Assistance \\u2013 Wisconsin Compensation\",","logger":"task.stdout"}
{"timestamp":"2026-09-02T16:34:11.648965Z","level":"info","event":"  \"purpose_statement\": null,","logger":"task.stdout"}
{"timestamp":"2026-09-02T16:34:11.650628Z","level":"info","event":"  \"summary\": {","logger":"task.stdout"}
{"timestamp":"2026-09-02T16:34:11.651385Z","level":"info","event":"    \"additional_info_url\": \"https://ovc.ojp.gov/index%2Ephp/funding/current-funding-opportunities\",","logger":"task.stdout"}
{"timestamp":"2026-09-02T16:34:11.652479Z","level":"info","event":"    \"additional_info_url_description\": \"Funding Opportunity\",","logger":"task.stdout"}
{"timestamp":"2026-09-02T16:34:11.653465Z","level":"info","event":"    \"agency_contact_description\": \"For assistance with the requirements of this funding opportunity: OJP Response Center Phone: 800-851-3420 or 202-353-5556 (TTY for hearing-impaired callers only) Email: OJP.ResponseCenter@usdoj.gov. Hours of operation: 9:00 a.m. to 5:00 p.m. Eastern Time (ET) Monday\\u2013Friday.\\nOJP.ResponseCenter@usdoj.gov\",","logger":"task.stdout"}
{"timestamp":"2026-09-02T16:34:11.654411Z","level":"info","event":"    \"agency_email_address\": \"OJP.ResponseCenter@usdoj.gov\",","logger":"task.stdout"}
{"timestamp":"2026-09-02T16:34:11.655214Z","level":"info","event":"    \"agency_email_address_description\": \"OJP Response Center\",","logger":"task.stdout"}
{"timestamp":"2026-09-02T16:34:11.656119Z","level":"info","event":"    \"applicant_eligibility_description\": \"Other: Only the invited applicant is eligible to apply. This is NOT a competitive NOFO. OVC will contact potential applicants directly.\",","logger":"task.stdout"}
{"timestamp":"2026-09-02T16:34:11.657338Z","level":"info","event":"    \"applicant_types\": [","logger":"task.stdout"}
{"timestamp":"2026-09-02T16:34:11.658141Z","level":"info","event":"      \"other\"","logger":"task.stdout"}
{"timestamp":"2026-09-02T16:34:11.658962Z","level":"info","event":"    ],","logger":"task.stdout"}
{"timestamp":"2026-09-02T16:34:11.659936Z","level":"info","event":"    \"archive_date\": null,","logger":"task.stdout"}
{"timestamp":"2026-09-02T16:34:11.660744Z","level":"info","event":"    \"award_ceiling\": 1974787,","logger":"task.stdout"}
{"timestamp":"2026-09-02T16:34:11.661598Z","level":"info","event":"    \"award_floor\": 0,","logger":"task.stdout"}
{"timestamp":"2026-09-02T16:34:11.662455Z","level":"info","event":"    \"close_date\": \"2026-09-08\",","logger":"task.stdout"}
{"timestamp":"2026-09-02T16:34:11.663506Z","level":"info","event":"    \"close_date_description\": null,","logger":"task.stdout"}
{"timestamp":"2026-09-02T16:34:11.664484Z","level":"info","event":"    \"created_at\": \"2026-09-01T18:58:20+00:00\",","logger":"task.stdout"}
{"timestamp":"2026-09-02T16:34:11.665232Z","level":"info","event":"    \"estimated_total_program_funding\": 1974787,","logger":"task.stdout"}
{"timestamp":"2026-09-02T16:34:11.666112Z","level":"info","event":"    \"expected_number_of_awards\": 1,","logger":"task.stdout"}
{"timestamp":"2026-09-02T16:34:11.667035Z","level":"info","event":"    \"fiscal_year\": null,","logger":"task.stdout"}
{"timestamp":"2026-09-02T16:34:11.667822Z","level":"info","event":"    \"forecasted_award_date\": null,","logger":"task.stdout"}
{"timestamp":"2026-09-02T16:34:11.668802Z","level":"info","event":"    \"forecasted_close_date\": null,","logger":"task.stdout"}
{"timestamp":"2026-09-02T16:34:11.669573Z","level":"info","event":"    \"forecasted_close_date_description\": null,","logger":"task.stdout"}
{"timestamp":"2026-09-02T16:34:11.670575Z","level":"info","event":"    \"forecasted_post_date\": null,","logger":"task.stdout"}
{"timestamp":"2026-09-02T16:34:11.671464Z","level":"info","event":"    \"forecasted_project_start_date\": null,","logger":"task.stdout"}
{"timestamp":"2026-09-02T16:34:11.672465Z","level":"info","event":"    \"funding_categories\": [","logger":"task.stdout"}
{"timestamp":"2026-09-02T16:34:11.673512Z","level":"info","event":"      \"income_security_and_social_services\"","logger":"task.stdout"}
{"timestamp":"2026-09-02T16:34:11.674310Z","level":"info","event":"    ],","logger":"task.stdout"}
{"timestamp":"2026-09-02T16:34:11.675248Z","level":"info","event":"    \"funding_category_description\": null,","logger":"task.stdout"}
{"timestamp":"2026-09-02T16:34:11.676142Z","level":"info","event":"    \"funding_instruments\": [","logger":"task.stdout"}
{"timestamp":"2026-09-02T16:34:11.677098Z","level":"info","event":"      \"grant\"","logger":"task.stdout"}
{"timestamp":"2026-09-02T16:34:11.677827Z","level":"info","event":"    ],","logger":"task.stdout"}
{"timestamp":"2026-09-02T16:34:11.678525Z","level":"info","event":"    \"is_cost_sharing\": false,","logger":"task.stdout"}
{"timestamp":"2026-09-02T16:34:11.679192Z","level":"info","event":"    \"is_forecast\": false,","logger":"task.stdout"}
{"timestamp":"2026-09-02T16:34:11.680055Z","level":"info","event":"    \"post_date\": \"2026-09-01\",","logger":"task.stdout"}
{"timestamp":"2026-09-02T16:34:11.681007Z","level":"info","event":"    \"summary_description\": \"This is a notice of funding opportunity (NOFO) for the OVC FY 2026 Invited to Apply Antiterrorism and Emergency Assistance Program for Crime Victim Compensation and/or Assistance. This opportunity supports victims of mass violence and terrorism through the Antiterrorism Emergency Assistance Program (AEAP). Funding for this program comes from the Antiterrorism Emergency Reserve (the Emergency Reserve). Along with non-grant training and consultation services, there are four types of grants that may be combined into one application or awarded separately to entities OVC invites to apply for funding: crisis response, consequence management, criminal justice support, and crime victim compensation. The overall goal of AEAP is to provide supplemental support to criminal mass violence and terrorism victims. The overall objective is to increase access to programs designed to improve services, assistance (including victim compensation), and outcomes for victims of mass violence and terrorism.  \\nAEAP grants are a mechanism by which the Director of OVC may award supplemental crime victim compensation and assistance to eligible entities responding to acts of mass criminal violence or domestic terrorism. The event must be sufficiently large that the jurisdiction cannot provide needed services to victims of the incident with existing resources, while also supporting victims of other crimes, in a timely and comprehensive manner. OVC generally accesses AEAP funds only in response to incidents that are sufficiently large in scope for the locale, and typically only where there was an unpredictable, indiscriminate, or broad targeting of victims, or otherwise unique aspect to the crime. In most cases, OVC expects States and communities to plan for and address victim needs stemming from relatively more predictable instances of gang-related violence, domestic violence, and broader community gun violence, from existing VOCA resources.\",","logger":"task.stdout"}
{"timestamp":"2026-09-02T16:34:11.681771Z","level":"info","event":"    \"updated_at\": \"2026-09-01T18:58:20+00:00\",","logger":"task.stdout"}
{"timestamp":"2026-09-02T16:34:11.682540Z","level":"info","event":"    \"version_number\": 1","logger":"task.stdout"}
{"timestamp":"2026-09-02T16:34:11.683357Z","level":"info","event":"  },","logger":"task.stdout"}
{"timestamp":"2026-09-02T16:34:11.684220Z","level":"info","event":"  \"tagline\": null,","logger":"task.stdout"}
{"timestamp":"2026-09-02T16:34:11.685156Z","level":"info","event":"  \"top_level_agency_code\": \"USDOJ\",","logger":"task.stdout"}
{"timestamp":"2026-09-02T16:34:11.588586Z","level":"info","event":"Request URL: 'https://grantproject.dfs.core.windows.net/bronze/grants_gov/ingest_date%3D2026-09-02/opportunities.json?resource=REDACTED'\nRequest method: 'PUT'\nRequest headers:\n    'x-ms-version': 'REDACTED'\n    'Accept': 'application/json'\n    'User-Agent': 'azsdk-python-storage-dfs/12.25.0 Python/3.13.14 (Linux-6.18.33.2-microsoft-standard-WSL2-x86_64-with-glibc2.36)'\n    'x-ms-date': 'REDACTED'\n    'x-ms-client-request-id': '20aca5fc-a6ec-11f1-95e6-6aa6e9dc575b'\n    'Authorization': 'REDACTED'\nNo body was attached to the request","logger":"azure.core.pipeline.policies.http_logging_policy","task_id":"ingest_cdc","run_id":"manual__2026-09-02T16:34:08.080970+00:00","dag_id":"orchestrate","try_number":1,"ti_id":"01a062f8-8088-7ced-9590-3d1caa16f966","map_index":-1,"filename":"_universal.py","lineno":535}
{"timestamp":"2026-09-02T16:34:11.687086Z","level":"info","event":"  \"top_level_agency_name\": \"Department of Justice\"","logger":"task.stdout"}
{"timestamp":"2026-09-02T16:34:11.687916Z","level":"info","event":"}","logger":"task.stdout"}
{"timestamp":"2026-09-02T16:34:11.688756Z","level":"info","event":"","logger":"task.stdout"}
{"timestamp":"2026-09-02T16:34:11.689476Z","level":"info","event":"================================================================================","logger":"task.stdout"}
{"timestamp":"2026-09-02T16:34:11.690255Z","level":"info","event":"OPPORTUNITY 20 of 34","logger":"task.stdout"}
{"timestamp":"2026-09-02T16:34:11.691098Z","level":"info","event":"================================================================================","logger":"task.stdout"}
{"timestamp":"2026-09-02T16:34:11.691804Z","level":"info","event":"{","logger":"task.stdout"}
{"timestamp":"2026-09-02T16:34:11.692492Z","level":"info","event":"  \"agency\": \"IMLS\",","logger":"task.stdout"}
{"timestamp":"2026-09-02T16:34:11.693162Z","level":"info","event":"  \"agency_code\": \"IMLS\",","logger":"task.stdout"}
{"timestamp":"2026-09-02T16:34:11.693946Z","level":"info","event":"  \"agency_name\": \"Institute of Museum and Library Services\",","logger":"task.stdout"}
{"timestamp":"2026-09-02T16:34:11.694803Z","level":"info","event":"  \"category\": \"discretionary\",","logger":"task.stdout"}
{"timestamp":"2026-09-02T16:34:11.695545Z","level":"info","event":"  \"category_explanation\": null,","logger":"task.stdout"}
{"timestamp":"2026-09-02T16:34:11.696245Z","level":"info","event":"  \"legacy_opportunity_id\": 363769,","logger":"task.stdout"}
{"timestamp":"2026-09-02T16:34:11.697174Z","level":"info","event":"  \"opportunity_assistance_listings\": [","logger":"task.stdout"}
{"timestamp":"2026-09-02T16:34:11.697917Z","level":"info","event":"    {","logger":"task.stdout"}
{"timestamp":"2026-09-02T16:34:11.698611Z","level":"info","event":"      \"assistance_listing_number\": \"45.032\",","logger":"task.stdout"}
{"timestamp":"2026-09-02T16:34:11.699196Z","level":"info","event":"      \"program_title\": \"21st Century Museum Professional Program\"","logger":"task.stdout"}
{"timestamp":"2026-09-02T16:34:11.699937Z","level":"info","event":"    }","logger":"task.stdout"}
{"timestamp":"2026-09-02T16:34:11.701440Z","level":"info","event":"  ],","logger":"task.stdout"}
{"timestamp":"2026-09-02T16:34:11.702400Z","level":"info","event":"  \"opportunity_id\": \"4efb39ad-2b2a-4584-bee0-44ffa99e0e15\",","logger":"task.stdout"}
{"timestamp":"2026-09-02T16:34:11.703264Z","level":"info","event":"  \"opportunity_number\": \"21MP-FY27\",","logger":"task.stdout"}
{"timestamp":"2026-09-02T16:34:11.704891Z","level":"info","event":"  \"opportunity_status\": \"posted\",","logger":"task.stdout"}
{"timestamp":"2026-09-02T16:34:11.705756Z","level":"info","event":"  \"opportunity_title\": \"21st Century Museum Professionals Program (2027)\",","logger":"task.stdout"}
{"timestamp":"2026-09-02T16:34:11.706711Z","level":"info","event":"  \"purpose_statement\": null,","logger":"task.stdout"}
{"timestamp":"2026-09-02T16:34:11.707709Z","level":"info","event":"  \"summary\": {","logger":"task.stdout"}
{"timestamp":"2026-09-02T16:34:11.708643Z","level":"info","event":"    \"additional_info_url\": \"https://www.imls.gov/find-funding/funding-opportunities/grant-programs/21st-century-museum-professionals-program\",","logger":"task.stdout"}
{"timestamp":"2026-09-02T16:34:11.709437Z","level":"info","event":"    \"additional_info_url_description\": \"https://www.imls.gov/find-funding/funding-opportunities/grant-programs/21st-century-museum-professionals-program\",","logger":"task.stdout"}
{"timestamp":"2026-09-02T16:34:11.711082Z","level":"info","event":"    \"agency_contact_description\": \"imls-museumgrants@imls.gov\\nimls-museumgrants@imls.gov\",","logger":"task.stdout"}
{"timestamp":"2026-09-02T16:34:11.711921Z","level":"info","event":"    \"agency_email_address\": \"imls-museumgrants@imls.gov\",","logger":"task.stdout"}
{"timestamp":"2026-09-02T16:34:11.712827Z","level":"info","event":"    \"agency_email_address_description\": \"imls-museumgrants@imls.gov\",","logger":"task.stdout"}
{"timestamp":"2026-09-02T16:34:11.713516Z","level":"info","event":"    \"applicant_eligibility_description\": \"See the Notice of Funding Opportunity for program eligibility criteria.\",","logger":"task.stdout"}
{"timestamp":"2026-09-02T16:34:11.714202Z","level":"info","event":"    \"applicant_types\": [","logger":"task.stdout"}
{"timestamp":"2026-09-02T16:34:11.714951Z","level":"info","event":"      \"other\"","logger":"task.stdout"}
{"timestamp":"2026-09-02T16:34:11.715632Z","level":"info","event":"    ],","logger":"task.stdout"}
{"timestamp":"2026-09-02T16:34:11.716390Z","level":"info","event":"    \"archive_date\": null,","logger":"task.stdout"}
{"timestamp":"2026-09-02T16:34:11.717148Z","level":"info","event":"    \"award_ceiling\": 500000,","logger":"task.stdout"}
{"timestamp":"2026-09-02T16:34:11.718242Z","level":"info","event":"    \"award_floor\": 100000,","logger":"task.stdout"}
{"timestamp":"2026-09-02T16:34:11.719245Z","level":"info","event":"    \"close_date\": \"2026-11-13\",","logger":"task.stdout"}
{"timestamp":"2026-09-02T16:34:11.720136Z","level":"info","event":"    \"close_date_description\": null,","logger":"task.stdout"}
{"timestamp":"2026-09-02T16:34:11.720871Z","level":"info","event":"    \"created_at\": \"2026-09-01T17:00:57+00:00\",","logger":"task.stdout"}
{"timestamp":"2026-09-02T16:34:11.721628Z","level":"info","event":"    \"estimated_total_program_funding\": 2000000,","logger":"task.stdout"}
{"timestamp":"2026-09-02T16:34:11.722611Z","level":"info","event":"    \"expected_number_of_awards\": 8,","logger":"task.stdout"}
{"timestamp":"2026-09-02T16:34:11.723604Z","level":"info","event":"    \"fiscal_year\": null,","logger":"task.stdout"}
{"timestamp":"2026-09-02T16:34:11.724929Z","level":"info","event":"    \"forecasted_award_date\": null,","logger":"task.stdout"}
{"timestamp":"2026-09-02T16:34:11.727537Z","level":"info","event":"    \"forecasted_close_date\": null,","logger":"task.stdout"}
{"timestamp":"2026-09-02T16:34:11.729128Z","level":"info","event":"    \"forecasted_close_date_description\": null,","logger":"task.stdout"}
{"timestamp":"2026-09-02T16:34:11.729983Z","level":"info","event":"    \"forecasted_post_date\": null,","logger":"task.stdout"}
{"timestamp":"2026-09-02T16:34:11.731089Z","level":"info","event":"    \"forecasted_project_start_date\": null,","logger":"task.stdout"}
{"timestamp":"2026-09-02T16:34:11.732040Z","level":"info","event":"    \"funding_categories\": [","logger":"task.stdout"}
{"timestamp":"2026-09-02T16:34:11.733198Z","level":"info","event":"      \"arts\",","logger":"task.stdout"}
{"timestamp":"2026-09-02T16:34:11.734551Z","level":"info","event":"      \"humanities\"","logger":"task.stdout"}
{"timestamp":"2026-09-02T16:34:11.735501Z","level":"info","event":"    ],","logger":"task.stdout"}
{"timestamp":"2026-09-02T16:34:11.736526Z","level":"info","event":"    \"funding_category_description\": null,","logger":"task.stdout"}
{"timestamp":"2026-09-02T16:34:11.737360Z","level":"info","event":"    \"funding_instruments\": [","logger":"task.stdout"}
{"timestamp":"2026-09-02T16:34:11.738232Z","level":"info","event":"      \"grant\"","logger":"task.stdout"}
{"timestamp":"2026-09-02T16:34:11.739146Z","level":"info","event":"    ],","logger":"task.stdout"}
{"timestamp":"2026-09-02T16:34:11.740049Z","level":"info","event":"    \"is_cost_sharing\": true,","logger":"task.stdout"}
{"timestamp":"2026-09-02T16:34:11.740810Z","level":"info","event":"    \"is_forecast\": false,","logger":"task.stdout"}
{"timestamp":"2026-09-02T16:34:11.741583Z","level":"info","event":"    \"post_date\": \"2026-09-01\",","logger":"task.stdout"}
{"timestamp":"2026-09-02T16:34:11.742365Z","level":"info","event":"    \"summary_description\": \"The 21st Century Museum Professionals (21MP) grant program supports projects that build career pathways, strengthen professional networks, and identify and share effective workforce education and training practices in the museum field.\",","logger":"task.stdout"}
{"timestamp":"2026-09-02T16:34:11.743102Z","level":"info","event":"    \"updated_at\": \"2026-09-01T17:00:57+00:00\",","logger":"task.stdout"}
{"timestamp":"2026-09-02T16:34:11.743831Z","level":"info","event":"    \"version_number\": 1","logger":"task.stdout"}
{"timestamp":"2026-09-02T16:34:11.744789Z","level":"info","event":"  },","logger":"task.stdout"}
{"timestamp":"2026-09-02T16:34:11.745724Z","level":"info","event":"  \"tagline\": null,","logger":"task.stdout"}
{"timestamp":"2026-09-02T16:34:11.746579Z","level":"info","event":"  \"top_level_agency_code\": \"IMLS\",","logger":"task.stdout"}
{"timestamp":"2026-09-02T16:34:11.747424Z","level":"info","event":"  \"top_level_agency_name\": \"Institute of Museum and Library Services\"","logger":"task.stdout"}
{"timestamp":"2026-09-02T16:34:11.748215Z","level":"info","event":"}","logger":"task.stdout"}
{"timestamp":"2026-09-02T16:34:11.749217Z","level":"info","event":"","logger":"task.stdout"}
{"timestamp":"2026-09-02T16:34:11.750190Z","level":"info","event":"================================================================================","logger":"task.stdout"}
{"timestamp":"2026-09-02T16:34:11.750925Z","level":"info","event":"OPPORTUNITY 21 of 34","logger":"task.stdout"}
{"timestamp":"2026-09-02T16:34:11.751776Z","level":"info","event":"================================================================================","logger":"task.stdout"}
{"timestamp":"2026-09-02T16:34:11.752660Z","level":"info","event":"{","logger":"task.stdout"}
{"timestamp":"2026-09-02T16:34:11.753499Z","level":"info","event":"  \"agency\": \"NASA-HQ\",","logger":"task.stdout"}
{"timestamp":"2026-09-02T16:34:11.754330Z","level":"info","event":"  \"agency_code\": \"NASA-HQ\",","logger":"task.stdout"}
{"timestamp":"2026-09-02T16:34:11.755237Z","level":"info","event":"  \"agency_name\": \"NASA Headquarters\",","logger":"task.stdout"}
{"timestamp":"2026-09-02T16:34:11.756159Z","level":"info","event":"  \"category\": \"discretionary\",","logger":"task.stdout"}
{"timestamp":"2026-09-02T16:34:11.756985Z","level":"info","event":"  \"category_explanation\": null,","logger":"task.stdout"}
{"timestamp":"2026-09-02T16:34:11.757819Z","level":"info","event":"  \"legacy_opportunity_id\": 363734,","logger":"task.stdout"}
{"timestamp":"2026-09-02T16:34:11.758693Z","level":"info","event":"  \"opportunity_assistance_listings\": [","logger":"task.stdout"}
{"timestamp":"2026-09-02T16:34:11.759415Z","level":"info","event":"    {","logger":"task.stdout"}
{"timestamp":"2026-09-02T16:34:11.760143Z","level":"info","event":"      \"assistance_listing_number\": \"43.001\",","logger":"task.stdout"}
{"timestamp":"2026-09-02T16:34:11.760960Z","level":"info","event":"      \"program_title\": \"Science\"","logger":"task.stdout"}
{"timestamp":"2026-09-02T16:34:11.761765Z","level":"info","event":"    }","logger":"task.stdout"}
{"timestamp":"2026-09-02T16:34:11.762593Z","level":"info","event":"  ],","logger":"task.stdout"}
{"timestamp":"2026-09-02T16:34:11.763377Z","level":"info","event":"  \"opportunity_id\": \"11369958-7aa6-44f0-a3b7-0c842dbe1b78\",","logger":"task.stdout"}
{"timestamp":"2026-09-02T16:34:11.764826Z","level":"info","event":"  \"opportunity_number\": \"NNH26ZDA016C\",","logger":"task.stdout"}
{"timestamp":"2026-09-02T16:34:11.765870Z","level":"info","event":"  \"opportunity_status\": \"posted\",","logger":"task.stdout"}
{"timestamp":"2026-09-02T16:34:11.766742Z","level":"info","event":"  \"opportunity_title\": \"Solar System Exploration Research Virtual Institute Cooperative Agreement Notice-5 (SSERVI CAN-5)\",","logger":"task.stdout"}
{"timestamp":"2026-09-02T16:34:11.767514Z","level":"info","event":"  \"purpose_statement\": null,","logger":"task.stdout"}
{"timestamp":"2026-09-02T16:34:11.768300Z","level":"info","event":"  \"summary\": {","logger":"task.stdout"}
{"timestamp":"2026-09-02T16:34:11.769143Z","level":"info","event":"    \"additional_info_url\": \"https://solicitation.nasaprs.com/NNH26ZDA016C\",","logger":"task.stdout"}
{"timestamp":"2026-09-02T16:34:11.770019Z","level":"info","event":"    \"additional_info_url_description\": \"Click on the following link to see the full text of the announcement for this funding opportunity.\",","logger":"task.stdout"}
{"timestamp":"2026-09-02T16:34:11.770719Z","level":"info","event":"    \"agency_contact_description\": \"Program Contact: Please send specific questions about this NOFO to Drs. Sarah Noble and\\r\\nAmanda Nahm at HQ-SSERVI@mail.nasa.gov\",","logger":"task.stdout"}
{"timestamp":"2026-09-02T16:34:11.771522Z","level":"info","event":"    \"agency_email_address\": \"HQ-SSERVI@mail.nasa.gov\",","logger":"task.stdout"}
{"timestamp":"2026-09-02T16:34:11.772180Z","level":"info","event":"    \"agency_email_address_description\": \"Direct questions about this funding announcement to:\",","logger":"task.stdout"}
{"timestamp":"2026-09-02T16:34:11.773231Z","level":"info","event":"    \"applicant_eligibility_description\": \"Proposers must be affiliated with an institution at nspires.nasaprs.com/ and, in general, NASA provides funding only to U.S. institutions. Organizations outside the U.S. that propose on the basis of a policy of no-exchange-of-funds; consult the NASA Grant and Cooperative Agreement Manual (GCAM) (https://www.nasa.gov/grants-policy-and-compliance-team/#Regulations) for specific details. Some NRAs may be issued jointly with a non-U.S. organization, e.g., those concerning guest observing programs for jointly sponsored space science programs, that will contain additional special guidelines for non-U.S. participants. Also reference the GCAM for special instructions for proposals from non-U.S. organizations that involve U.S. personnel for whom NASA support is requested.\",","logger":"task.stdout"}
{"timestamp":"2026-09-02T16:34:11.774198Z","level":"info","event":"    \"applicant_types\": [","logger":"task.stdout"}
{"timestamp":"2026-09-02T16:34:11.775018Z","level":"info","event":"      \"other\"","logger":"task.stdout"}
{"timestamp":"2026-09-02T16:34:11.775837Z","level":"info","event":"    ],","logger":"task.stdout"}
{"timestamp":"2026-09-02T16:34:11.776773Z","level":"info","event":"    \"archive_date\": \"2027-01-03\",","logger":"task.stdout"}
{"timestamp":"2026-09-02T16:34:11.777654Z","level":"info","event":"    \"award_ceiling\": null,","logger":"task.stdout"}
{"timestamp":"2026-09-02T16:34:11.778538Z","level":"info","event":"    \"award_floor\": null,","logger":"task.stdout"}
{"timestamp":"2026-09-02T16:34:11.779437Z","level":"info","event":"    \"close_date\": \"2026-12-04\",","logger":"task.stdout"}
{"timestamp":"2026-09-02T16:34:11.780490Z","level":"info","event":"    \"close_date_description\": \"\",","logger":"task.stdout"}
{"timestamp":"2026-09-02T16:34:11.781365Z","level":"info","event":"    \"created_at\": \"2026-08-28T14:51:06+00:00\",","logger":"task.stdout"}
{"timestamp":"2026-09-02T16:34:11.782362Z","level":"info","event":"    \"estimated_total_program_funding\": null,","logger":"task.stdout"}
{"timestamp":"2026-09-02T16:34:11.783354Z","level":"info","event":"    \"expected_number_of_awards\": null,","logger":"task.stdout"}
{"timestamp":"2026-09-02T16:34:11.784224Z","level":"info","event":"    \"fiscal_year\": null,","logger":"task.stdout"}
{"timestamp":"2026-09-02T16:34:11.785107Z","level":"info","event":"    \"forecasted_award_date\": null,","logger":"task.stdout"}
{"timestamp":"2026-09-02T16:34:11.786265Z","level":"info","event":"    \"forecasted_close_date\": null,","logger":"task.stdout"}
{"timestamp":"2026-09-02T16:34:11.787036Z","level":"info","event":"    \"forecasted_close_date_description\": null,","logger":"task.stdout"}
{"timestamp":"2026-09-02T16:34:11.787921Z","level":"info","event":"    \"forecasted_post_date\": null,","logger":"task.stdout"}
{"timestamp":"2026-09-02T16:34:11.788777Z","level":"info","event":"    \"forecasted_project_start_date\": null,","logger":"task.stdout"}
{"timestamp":"2026-09-02T16:34:11.789742Z","level":"info","event":"    \"funding_categories\": [","logger":"task.stdout"}
{"timestamp":"2026-09-02T16:34:11.790603Z","level":"info","event":"      \"science_technology_and_other_research_and_development\"","logger":"task.stdout"}
{"timestamp":"2026-09-02T16:34:11.791448Z","level":"info","event":"    ],","logger":"task.stdout"}
{"timestamp":"2026-09-02T16:34:11.792304Z","level":"info","event":"    \"funding_category_description\": null,","logger":"task.stdout"}
{"timestamp":"2026-09-02T16:34:11.793142Z","level":"info","event":"    \"funding_instruments\": [","logger":"task.stdout"}
{"timestamp":"2026-09-02T16:34:11.794069Z","level":"info","event":"      \"cooperative_agreement\"","logger":"task.stdout"}
{"timestamp":"2026-09-02T16:34:11.794855Z","level":"info","event":"    ],","logger":"task.stdout"}
{"timestamp":"2026-09-02T16:34:11.795754Z","level":"info","event":"    \"is_cost_sharing\": false,","logger":"task.stdout"}
{"timestamp":"2026-09-02T16:34:11.796723Z","level":"info","event":"    \"is_forecast\": false,","logger":"task.stdout"}
{"timestamp":"2026-09-02T16:34:11.797596Z","level":"info","event":"    \"post_date\": \"2026-09-01\",","logger":"task.stdout"}
{"timestamp":"2026-09-02T16:34:11.798631Z","level":"info","event":"    \"summary_description\": \"<p>The National Aeronautics and Space Administration (NASA) Science Mission Directorate (SMD) and Human Spaceflight Mission Directorate (HSMD) have released the fifth Solar System Exploration Research Virtual Institute (SSERVI) Cooperative Agreement Notice (CAN-5) as NNH26ZDA016C.</p>\\n<p><br></p>\\n<p>SSERVI CAN-5 (NNH26ZDA016C) invites<strong> </strong>the submission of multi-institutional team-based proposals for research as participating members of the Solar System Exploration Research Virtual Institute (SSERVI). Proposals must clearly articulate an innovative research program addressing basic and/or applied research fundamental to understanding the nature of the Moon and its near space environment to enable future human exploration of the Moon with Artemis. \\u201cMars forward\\u201d proposals that use lunar-focused research to develop approaches to Mars exploration also are welcome.</p>\\n<p><br></p>\\n<p>Though the SSERVI&nbsp;CAN&nbsp;is synopsized on Grants.gov, applications can only be submitted via NASA Solicitation and Proposal Integrated Review and Evaluation System (NSPIRES) at&nbsp;URL&nbsp;<a href=\\\"https://solicitation.nasaprs.com/NNH26ZDA016C\\\" target=\\\"_blank\\\">https://solicitation.nasaprs.com/NNH26ZDA016C</a>.</p>\\n<p><br></p>\\n<p>A two-step process will be used for proposal submission, in which only proposers that submit a Step-1 proposal will be eligible to submit a Step-2 proposal. Step-1 proposals are due September 29, 2026, and Step-2 proposals are due December 4, 2026.</p>\\n<p><br></p>\\n<p>Proposals to this CAN must be anonymous and will be reviewed using dual anonymous peer review (DAPR). Step-2 (full) proposals will be divided into two Volumes. Volume A consists of the anonymous proposal material, while Volume B contains the non-anonymous material. Proposal review, selection, and award will be implemented according to the guidelines set forth in Sections F and G of the funding announcement. Proposed research that complements current CAN-4 Institute Teams, and/or addresses important research areas not currently covered in the Institute will be given strong consideration (see: <a href=\\\"http://sservi.nasa.gov/sserviteams/\\\" target=\\\"_blank\\\">http://sservi.nasa.gov/sserviteams/</a>).</p>\\n<p><br></p>\\n<p>Section D.1.4 \\u201cStep-2 Proposal Content\\u201d provides important information regarding restrictions and deadlines for Principal Investigator and other key personnel changes and other key date placeholders.</p>\\n<p><br></p>\\n<p>Clarification questions regarding this solicitation should be submitted via email no later than 14 calendar days prior to the Step-2 proposal due date to HQ-SSERVI@mail.nasa.gov. Depending on the nature of the question(s), NASA may respond on an individual basis by email or may post questions and answers (Q&amp;A) no later than 10 days before the Step-2 deadline on the final SSERVI CAN-5 NSPIRES landing page. Posted Q&amp;As are intended to address inquiries of broader interest and general clarification&nbsp;and&nbsp;will be edited to preserve the anonymity of persons and institutions who submit questions.</p>\\n<p>&nbsp;</p>\",","logger":"task.stdout"}
{"timestamp":"2026-09-02T16:34:11.799444Z","level":"info","event":"    \"updated_at\": \"2026-09-01T18:38:09+00:00\",","logger":"task.stdout"}
{"timestamp":"2026-09-02T16:34:11.800188Z","level":"info","event":"    \"version_number\": 2","logger":"task.stdout"}
{"timestamp":"2026-09-02T16:34:11.800977Z","level":"info","event":"  },","logger":"task.stdout"}
{"timestamp":"2026-09-02T16:34:11.801660Z","level":"info","event":"  \"tagline\": null,","logger":"task.stdout"}
{"timestamp":"2026-09-02T16:34:11.802370Z","level":"info","event":"  \"top_level_agency_code\": \"NASA\",","logger":"task.stdout"}
{"timestamp":"2026-09-02T16:34:11.803191Z","level":"info","event":"  \"top_level_agency_name\": \"National Aeronautics and Space Administration\"","logger":"task.stdout"}
{"timestamp":"2026-09-02T16:34:11.803948Z","level":"info","event":"}","logger":"task.stdout"}
{"timestamp":"2026-09-02T16:34:11.804720Z","level":"info","event":"","logger":"task.stdout"}
{"timestamp":"2026-09-02T16:34:11.805484Z","level":"info","event":"================================================================================","logger":"task.stdout"}
{"timestamp":"2026-09-02T16:34:11.806370Z","level":"info","event":"OPPORTUNITY 22 of 34","logger":"task.stdout"}
{"timestamp":"2026-09-02T16:34:11.807621Z","level":"info","event":"================================================================================","logger":"task.stdout"}
{"timestamp":"2026-09-02T16:34:11.808356Z","level":"info","event":"{","logger":"task.stdout"}
{"timestamp":"2026-09-02T16:34:11.809154Z","level":"info","event":"  \"agency\": \"NASA-HQ\",","logger":"task.stdout"}
{"timestamp":"2026-09-02T16:34:11.810186Z","level":"info","event":"  \"agency_code\": \"NASA-HQ\",","logger":"task.stdout"}
{"timestamp":"2026-09-02T16:34:11.811330Z","level":"info","event":"  \"agency_name\": \"NASA Headquarters\",","logger":"task.stdout"}
{"timestamp":"2026-09-02T16:34:11.812530Z","level":"info","event":"  \"category\": \"discretionary\",","logger":"task.stdout"}
{"timestamp":"2026-09-02T16:34:11.813346Z","level":"info","event":"  \"category_explanation\": null,","logger":"task.stdout"}
{"timestamp":"2026-09-02T16:34:11.814159Z","level":"info","event":"  \"legacy_opportunity_id\": 363759,","logger":"task.stdout"}
{"timestamp":"2026-09-02T16:34:11.814983Z","level":"info","event":"  \"opportunity_assistance_listings\": [","logger":"task.stdout"}
{"timestamp":"2026-09-02T16:34:11.815680Z","level":"info","event":"    {","logger":"task.stdout"}
{"timestamp":"2026-09-02T16:34:11.816531Z","level":"info","event":"      \"assistance_listing_number\": \"43.001\",","logger":"task.stdout"}
{"timestamp":"2026-09-02T16:34:11.817224Z","level":"info","event":"      \"program_title\": \"Science\"","logger":"task.stdout"}
{"timestamp":"2026-09-02T16:34:11.817931Z","level":"info","event":"    }","logger":"task.stdout"}
{"timestamp":"2026-09-02T16:34:11.818645Z","level":"info","event":"  ],","logger":"task.stdout"}
{"timestamp":"2026-09-02T16:34:11.819353Z","level":"info","event":"  \"opportunity_id\": \"12c791ce-1e8e-4e56-a55e-ca6ef1ecd8af\",","logger":"task.stdout"}
{"timestamp":"2026-09-02T16:34:11.819957Z","level":"info","event":"  \"opportunity_number\": \"NNH25ZDA001N-CRYO\",","logger":"task.stdout"}
{"timestamp":"2026-09-02T16:34:11.820677Z","level":"info","event":"  \"opportunity_status\": \"posted\",","logger":"task.stdout"}
{"timestamp":"2026-09-02T16:34:11.821361Z","level":"info","event":"  \"opportunity_title\": \"ROSES 2025: A.16 Cryosphere\",","logger":"task.stdout"}
{"timestamp":"2026-09-02T16:34:11.821976Z","level":"info","event":"  \"purpose_statement\": null,","logger":"task.stdout"}
{"timestamp":"2026-09-02T16:34:11.822598Z","level":"info","event":"  \"summary\": {","logger":"task.stdout"}
{"timestamp":"2026-09-02T16:34:11.823221Z","level":"info","event":"    \"additional_info_url\": \"https://solicitation.nasaprs.com/NNH25ZDA001N-CRYO\",","logger":"task.stdout"}
{"timestamp":"2026-09-02T16:34:11.823971Z","level":"info","event":"    \"additional_info_url_description\": \"Click on the following link to see the full text of the announcement for this funding opportunity.\",","logger":"task.stdout"}
{"timestamp":"2026-09-02T16:34:11.824864Z","level":"info","event":"    \"agency_contact_description\": \"Thorsten Markus\\r\\nEarth Science Division\\r\\nScience Mission Directorate\\r\\nNASA Headquarters\\r\\nWashington, DC 20546-0001\\r\\nTelephone: (202) 436-5463\\r\\nEmail: thorsten.markus@nasa.gov\",","logger":"task.stdout"}
{"timestamp":"2026-09-02T16:34:11.825534Z","level":"info","event":"    \"agency_email_address\": \"thorsten.markus@nasa.gov\",","logger":"task.stdout"}
{"timestamp":"2026-09-02T16:34:11.826415Z","level":"info","event":"    \"agency_email_address_description\": \"Direct questions about this funding announcement to:\",","logger":"task.stdout"}
{"timestamp":"2026-09-02T16:34:11.827266Z","level":"info","event":"    \"applicant_eligibility_description\": \"Proposers must be affiliated with an institution at nspires.nasaprs.com/ and, in general, NASA provides funding only to U.S. institutions. Organizations outside the U.S. that propose on the basis of a policy of no-exchange-of-funds; consult the NASA Grant and Cooperative Agreement Manual (GCAM) (https://www.nasa.gov/grants-policy-and-compliance-team/#Regulations) for specific details. Some NRAs may be issued jointly with a non-U.S. organization, e.g., those concerning guest observing programs for jointly sponsored space science programs, that will contain additional special guidelines for non-U.S. participants. Also reference the GCAM for special instructions for proposals from non-U.S. organizations that involve U.S. personnel for whom NASA support is requested.\",","logger":"task.stdout"}
{"timestamp":"2026-09-02T16:34:11.828053Z","level":"info","event":"    \"applicant_types\": [","logger":"task.stdout"}
{"timestamp":"2026-09-02T16:34:11.828811Z","level":"info","event":"      \"other\"","logger":"task.stdout"}
{"timestamp":"2026-09-02T16:34:11.829547Z","level":"info","event":"    ],","logger":"task.stdout"}
{"timestamp":"2026-09-02T16:34:11.830267Z","level":"info","event":"    \"archive_date\": \"2027-01-03\",","logger":"task.stdout"}
{"timestamp":"2026-09-02T16:34:11.830911Z","level":"info","event":"    \"award_ceiling\": null,","logger":"task.stdout"}
{"timestamp":"2026-09-02T16:34:11.831455Z","level":"info","event":"    \"award_floor\": null,","logger":"task.stdout"}
{"timestamp":"2026-09-02T16:34:11.832057Z","level":"info","event":"    \"close_date\": \"2026-12-04\",","logger":"task.stdout"}
{"timestamp":"2026-09-02T16:34:11.832740Z","level":"info","event":"    \"close_date_description\": \"\",","logger":"task.stdout"}
{"timestamp":"2026-09-02T16:34:11.833430Z","level":"info","event":"    \"created_at\": \"2026-09-01T14:37:42+00:00\",","logger":"task.stdout"}
{"timestamp":"2026-09-02T16:34:11.834030Z","level":"info","event":"    \"estimated_total_program_funding\": null,","logger":"task.stdout"}
{"timestamp":"2026-09-02T16:34:11.834624Z","level":"info","event":"    \"expected_number_of_awards\": null,","logger":"task.stdout"}
{"timestamp":"2026-09-02T16:34:11.835292Z","level":"info","event":"    \"fiscal_year\": null,","logger":"task.stdout"}
{"timestamp":"2026-09-02T16:34:11.836079Z","level":"info","event":"    \"forecasted_award_date\": null,","logger":"task.stdout"}
{"timestamp":"2026-09-02T16:34:11.836858Z","level":"info","event":"    \"forecasted_close_date\": null,","logger":"task.stdout"}
{"timestamp":"2026-09-02T16:34:11.837512Z","level":"info","event":"    \"forecasted_close_date_description\": null,","logger":"task.stdout"}
{"timestamp":"2026-09-02T16:34:11.838249Z","level":"info","event":"    \"forecasted_post_date\": null,","logger":"task.stdout"}
{"timestamp":"2026-09-02T16:34:11.838919Z","level":"info","event":"    \"forecasted_project_start_date\": null,","logger":"task.stdout"}
{"timestamp":"2026-09-02T16:34:11.839654Z","level":"info","event":"    \"funding_categories\": [","logger":"task.stdout"}
{"timestamp":"2026-09-02T16:34:11.840500Z","level":"info","event":"      \"science_technology_and_other_research_and_development\"","logger":"task.stdout"}
{"timestamp":"2026-09-02T16:34:11.841479Z","level":"info","event":"    ],","logger":"task.stdout"}
{"timestamp":"2026-09-02T16:34:11.842157Z","level":"info","event":"    \"funding_category_description\": null,","logger":"task.stdout"}
{"timestamp":"2026-09-02T16:34:11.842943Z","level":"info","event":"    \"funding_instruments\": [","logger":"task.stdout"}
{"timestamp":"2026-09-02T16:34:11.843812Z","level":"info","event":"      \"cooperative_agreement\",","logger":"task.stdout"}
{"timestamp":"2026-09-02T16:34:11.844503Z","level":"info","event":"      \"grant\"","logger":"task.stdout"}
{"timestamp":"2026-09-02T16:34:11.845307Z","level":"info","event":"    ],","logger":"task.stdout"}
{"timestamp":"2026-09-02T16:34:11.846037Z","level":"info","event":"    \"is_cost_sharing\": false,","logger":"task.stdout"}
{"timestamp":"2026-09-02T16:34:11.846813Z","level":"info","event":"    \"is_forecast\": false,","logger":"task.stdout"}
{"timestamp":"2026-09-02T16:34:11.847608Z","level":"info","event":"    \"post_date\": \"2026-09-01\",","logger":"task.stdout"}
{"timestamp":"2026-09-02T16:34:11.801978Z","level":"info","event":"Response status: 201\nResponse headers:\n    'Last-Modified': 'Wed, 02 Sep 2026 16:34:11 GMT'\n    'ETag': '\"0x8DF091004CF1D3C\"'\n    'Server': 'Windows-Azure-HDFS/1.0 Microsoft-HTTPAPI/2.0'\n    'x-ms-request-server-encrypted': 'REDACTED'\n    'x-ms-request-id': 'cf92f020-901f-0078-35f8-3aae74000000'\n    'x-ms-version': 'REDACTED'\n    'x-ms-client-request-id': '20aca5fc-a6ec-11f1-95e6-6aa6e9dc575b'\n    'Date': 'Wed, 02 Sep 2026 16:34:10 GMT'\n    'Content-Length': '0'","logger":"azure.core.pipeline.policies.http_logging_policy","task_id":"ingest_cdc","run_id":"manual__2026-09-02T16:34:08.080970+00:00","dag_id":"orchestrate","try_number":1,"ti_id":"01a062f8-8088-7ced-9590-3d1caa16f966","map_index":-1,"filename":"_universal.py","lineno":581}
{"timestamp":"2026-09-02T16:34:11.803624Z","level":"info","event":"Request URL: 'https://grantproject.dfs.core.windows.net/bronze/grants_gov/ingest_date%3D2026-09-02/opportunities.json?action=REDACTED&position=REDACTED'\nRequest method: 'PATCH'\nRequest headers:\n    'Content-Length': '127744'\n    'x-ms-version': 'REDACTED'\n    'Content-Type': 'application/json'\n    'Accept': 'application/json'\n    'User-Agent': 'azsdk-python-storage-dfs/12.25.0 Python/3.13.14 (Linux-6.18.33.2-microsoft-standard-WSL2-x86_64-with-glibc2.36)'\n    'x-ms-date': 'REDACTED'\n    'x-ms-client-request-id': '20cd914a-a6ec-11f1-95e6-6aa6e9dc575b'\n    'Authorization': 'REDACTED'\nA body is sent with the request","logger":"azure.core.pipeline.policies.http_logging_policy","task_id":"ingest_cdc","run_id":"manual__2026-09-02T16:34:08.080970+00:00","dag_id":"orchestrate","try_number":1,"ti_id":"01a062f8-8088-7ced-9590-3d1caa16f966","map_index":-1,"filename":"_universal.py","lineno":532}
{"timestamp":"2026-09-02T16:34:11.850063Z","level":"info","event":"    \"summary_description\": \"<p><strong style=\\\"color: red;\\\">PLEASE NOTE:</strong><span style=\\\"color: red;\\\"> this program has MANDATORY Notices of Intent, which are due via NSPIRES by </span><strong style=\\\"color: red;\\\"><u>October 16, 2026</u></strong><span style=\\\"color: red;\\\">. See the full posting on NSPIRES for details.</span></p> \\n<p><br></p> \\n<p><strong style=\\\"color: black;\\\">NOTICE: </strong><strong>Amended September 1, 2026. </strong><strong style=\\\"color: black;\\\">This amendment adds this new program element to ROSES-2025.</strong><strong> Mandatory </strong><strong style=\\\"color: black;\\\">Notices of Intent (see Section 4) are due by October 16, 2026, and proposals are due December 4, 2026</strong><strong>.&nbsp;Any proposal&nbsp;not preceded by an on-time Notice of Intent (NOI) will&nbsp;be&nbsp;returned without</strong><strong style=\\\"color: black; background-color: white;\\\"> review. The length of the S/T/M section is limited to 12 pages. </strong></p> \\n<p><strong style=\\\"color: black;\\\">A briefing for proposers to this program element will occur approximately 6 weeks before the proposal due date. Teleconference information will be posted under \\\"other documents\\\" on the NSPIRES page for this program element.</strong></p> \\n<p><strong style=\\\"color: black; background-color: white;\\\">Proposers are strongly encouraged to use&nbsp;the optional&nbsp;Earth Science Division template for the required summary table of work effort, see https://science.nasa.gov/researchers/templates-for-earth-science-division-appendix-a-roses-proposals.</strong><span style=\\\"color: black; background-color: white;\\\">&nbsp;</span></p> \\n<p><strong style=\\\"color: black;\\\">Proposals submitted to this program will be evaluated using </strong><strong>dual anonymous peer review</strong><strong style=\\\"color: black;\\\">, see Section 5.2.</strong></p> \\n<p><br></p> \\n<p><span style=\\\"color: black;\\\">This synopsis is a generic summary that is posted for each of the many individual \\\"program elements\\\" in NASA\\u2019s Research Opportunities in Space and Earth Sciences (ROSES) \\u2013 2025 solicitation. For specific information on this particular program element download and read the PDF of the text of this program element by going to Tables&nbsp;</span><a href=\\\"https://solicitation.nasaprs.com/ROSES2025table2\\\" target=\\\"_blank\\\">2</a><span style=\\\"color: black;\\\">&nbsp;or&nbsp;</span><a href=\\\"https://solicitation.nasaprs.com/ROSES2025table3\\\" target=\\\"_blank\\\">3</a><span style=\\\"color: black;\\\">&nbsp;of ROSES at&nbsp;</span><a href=\\\"https://solicitation.nasaprs.com/ROSES2025table2\\\" target=\\\"_blank\\\">https://solicitation.nasaprs.com/ROSES2025table2</a></p> \\n<p><span style=\\\"color: black;\\\">and&nbsp;</span><a href=\\\"https://solicitation.nasaprs.com/ROSES2025table3\\\" target=\\\"_blank\\\">https://solicitation.nasaprs.com/ROSES2025table3</a><span style=\\\"color: black;\\\">, respectively, click the title of the program element of interest, a hypertext link will take you to a page for that particular program element. On that page, on the right side under \\\"Announcement Documents\\\" the link on the bottom will be to the PDF of the text of the call for proposals. For example, if one were interested in&nbsp;the Solar System Science program (NNH25ZDA001N-SCUBED) one would follow&nbsp;</span><a href=\\\"https://nspires.nasaprs.com/external/solicitations/summary.do?solId=%7bC92A28D2-9E30-4149-24B7-8A40ED4F564B%7d&amp;path=&amp;method=init\\\" target=\\\"_blank\\\">the link to the NSPIRES page for that program element</a><span style=\\\"color: black;\\\">&nbsp;and then to read the text of the call one would click on&nbsp;\\u201cC.2 Solar System Science (.pdf)\\u201d</span><span style=\\\"color: purple;\\\">&nbsp;</span><span style=\\\"color: black;\\\">to download the text of the call. If one wanted to set it into the context of the goals, objectives and know the default rules for all elements within Appendix C, the planetary science division, one might download and read&nbsp;\\u201c</span><a href=\\\"https://nspires.nasaprs.com/external/viewrepositorydocument?cmdocumentid=1036500&amp;solicitationId=%7bC92A28D2-9E30-4149-24B7-8A40ED4F564B%7d&amp;viewSolicitationDocument=1\\\" target=\\\"_blank\\\">C.1 Planetary Science Research Program Overview (.pdf)</a><span style=\\\"color: black;\\\">\\u201d from that same page.</span>&nbsp;<span style=\\\"color: black;\\\">While the letters and numbers are different for each element within ROSES (A.10, B.3, etc.) the basic configuration is always the same, e.g., the letter indicates the Science Division (A is Earth Science, B is Heliophysics etc.) and whatever the letter, #1 is always the division overview.&nbsp;In 2025, </span>most program elements will be set up for application via Grants.gov only if requested at least 30 days in advance of the due date. For more on Grants.gov submissions see Section IV(b)v of the ROSES Summary of Solicitation, that may be found at <a href=\\\"https://solicitation.nasaprs.com/ROSES2025\\\" target=\\\"_blank\\\">https://solicitation.nasaprs.com/ROSES2025</a>.</p> \\n<p><span style=\\\"color: black;\\\">&nbsp;</span></p> \\n<p><span style=\\\"color: black;\\\">The National Aeronautics and Space Administration (NASA) Science Mission Directorate (SMD) released its annual omnibus Research Announcement (NRA), Research Opportunities in Space and Earth Sciences (ROSES) \\u2013 2025 (OMB Approval Number 2700-0092, CFDA Number 43.001) on February 21, 2025. In this case \\\"omnibus\\\" means that this NRA has many individual program elements, each with its own due dates and topics. All together these cover the wide range of basic and applied supporting research and technology supported by SMD. </span>Awards will be made as grants, cooperative agreements, or contracts depending on the nature of the work proposed. However, most extramural research awards deriving from ROSES will be grants, and many program elements of ROSES specifically exclude contracts, because contracts would not be appropriate for the nature of the work solicited. Funded Co-Is at government labs will receive inter- or intra-agency transfers<span style=\\\"color: black;\\\">. The typical period of performance for an award is three years, but some programs may allow up to five years and others specify shorter periods. In most cases, organizations of every type, Government and private, for profit and not-for-profit, domestic and foreign (with some caveats), may submit proposals without restriction on teaming arrangements. Tables listing the program elements and due dates (Tables&nbsp;</span><a href=\\\"https://solicitation.nasaprs.com/ROSES2025table2\\\" target=\\\"_blank\\\">2</a><span style=\\\"color: black;\\\">&nbsp;and&nbsp;</span><a href=\\\"https://solicitation.nasaprs.com/ROSES2025table3\\\" target=\\\"_blank\\\">3</a><span style=\\\"color: black;\\\">), a table that provides a very top level summary of proposal contents (</span><a href=\\\"https://nspires.nasaprs.com/external/viewrepositorydocument?cmdocumentid=1041499&amp;solicitationId=%7b2A1D139B-B9C7-CE8C-2E81-223FD08460F9%7d&amp;viewSolicitationDocument=1\\\" target=\\\"_blank\\\">Table 1</a><span style=\\\"color: black;\\\">), and the full text of the ROSES-2025 \\\"Summary of Solicitation\\\", may all be found NSPIRES at&nbsp;</span><a href=\\\"https://solicitation.nasaprs.com/ROSES2025\\\" target=\\\"_blank\\\">https://solicitation.nasaprs.com/ROSES2025</a><span style=\\\"color: black;\\\">.</span></p> \\n<p><span style=\\\"color: black;\\\">&nbsp;</span></p> \\n<p><span style=\\\"color: black;\\\">Frequently asked questions for ROSES are posted at&nbsp;</span><a href=\\\"http://science.nasa.gov/researchers/sara/faqs/\\\" target=\\\"_blank\\\">http://science.nasa.gov/researchers/sara/faqs</a><span style=\\\"color: black;\\\">. Questions concerning specific program elements should be directed to the point(s) of contact for that particular element, who may be found either at the end of the individual program element in the summary table of key information or on the web list of topics and points of contact at:&nbsp;</span><a href=\\\"http://science.nasa.gov/researchers/sara/program-officers-list/\\\" target=\\\"_blank\\\">http://science.nasa.gov/researchers/sara/program-officers-list</a><span style=\\\"color: black;\\\">. </span>General questions concerning ROSES-2025 may be directed to the office of the SMD Deputy Associate Administrator for Research at <span style=\\\"color: rgb(0, 0, 239);\\\">sara@nasa.gov</span>.</p> \\n<p><span style=\\\"color: black;\\\">&nbsp;</span></p> \\n<p><span style=\\\"color: black;\\\">Not all program elements are known at the time of the release of ROSES. To be informed of new program elements or amendments to this NRA, proposers may subscribe to: (1) The SMD mailing lists (by logging in at&nbsp;</span><a href=\\\"https://urldefense.proofpoint.com/v2/url?u=http-3A__nspires.nasaprs.com_&amp;d=DwMGaQ&amp;c=ApwzowJNAKKw3xye91w7BE1XMRKi2LN9kiMk5Csz9Zk&amp;r=2ixpkCCnNce056JoBL-BGFZPDe7JBWz4wpylXLQCS6s&amp;m=50Vi0oUMclJgXKW1hUTR82Av51i56o31RG3n3UC9Cqg&amp;s=U9bsGUTHAvBTDjSAoG5nnw63Lc9engudohcIe4r-h8U&amp;e=\\\" target=\\\"_blank\\\">http://nspires.nasaprs.com</a><span style=\\\"color: black;\\\"> and checking the appropriate boxes under \\\"Account Management\\\" and \\\"Email Subscriptions\\\"), (2) The ROSES-2025 blog feed for amendments, clarifications, and corrections to at&nbsp;</span><a href=\\\"https://science.nasa.gov/researchers/solicitations/roses-2025/\\\" target=\\\"_blank\\\">https://science.nasa.gov/researchers/solicitations/roses-2025/</a>,<span style=\\\"color: black;\\\"> and (3) The ROSES-2025 due date Google calendars (one for each science division). Instructions are at&nbsp;</span><a href=\\\"https://science.nasa.gov/researchers/sara/library-and-useful-links\\\" target=\\\"_blank\\\">https://science.nasa.gov/researchers/sara/library-and-useful-links</a><span style=\\\"color: black;\\\">&nbsp;(link from the words due date calendar).&nbsp;</span></p>\",","logger":"task.stdout"}
{"timestamp":"2026-09-02T16:34:11.850747Z","level":"info","event":"    \"updated_at\": \"2026-09-01T14:37:42+00:00\",","logger":"task.stdout"}
{"timestamp":"2026-09-02T16:34:11.851561Z","level":"info","event":"    \"version_number\": 1","logger":"task.stdout"}
{"timestamp":"2026-09-02T16:34:11.852187Z","level":"info","event":"  },","logger":"task.stdout"}
{"timestamp":"2026-09-02T16:34:11.852804Z","level":"info","event":"  \"tagline\": null,","logger":"task.stdout"}
{"timestamp":"2026-09-02T16:34:11.853450Z","level":"info","event":"  \"top_level_agency_code\": \"NASA\",","logger":"task.stdout"}
{"timestamp":"2026-09-02T16:34:11.854095Z","level":"info","event":"  \"top_level_agency_name\": \"National Aeronautics and Space Administration\"","logger":"task.stdout"}
{"timestamp":"2026-09-02T16:34:11.854730Z","level":"info","event":"}","logger":"task.stdout"}
{"timestamp":"2026-09-02T16:34:11.855349Z","level":"info","event":"","logger":"task.stdout"}
{"timestamp":"2026-09-02T16:34:11.856012Z","level":"info","event":"================================================================================","logger":"task.stdout"}
{"timestamp":"2026-09-02T16:34:11.856839Z","level":"info","event":"OPPORTUNITY 23 of 34","logger":"task.stdout"}
{"timestamp":"2026-09-02T16:34:11.857751Z","level":"info","event":"================================================================================","logger":"task.stdout"}
{"timestamp":"2026-09-02T16:34:11.858548Z","level":"info","event":"{","logger":"task.stdout"}
{"timestamp":"2026-09-02T16:34:11.859368Z","level":"info","event":"  \"agency\": \"HHS-NIH11\",","logger":"task.stdout"}
{"timestamp":"2026-09-02T16:34:11.860029Z","level":"info","event":"  \"agency_code\": \"HHS-NIH11\",","logger":"task.stdout"}
{"timestamp":"2026-09-02T16:34:11.860729Z","level":"info","event":"  \"agency_name\": \"National Institutes of Health\",","logger":"task.stdout"}
{"timestamp":"2026-09-02T16:34:11.861341Z","level":"info","event":"  \"category\": \"discretionary\",","logger":"task.stdout"}
{"timestamp":"2026-09-02T16:34:11.861929Z","level":"info","event":"  \"category_explanation\": null,","logger":"task.stdout"}
{"timestamp":"2026-09-02T16:34:11.862600Z","level":"info","event":"  \"legacy_opportunity_id\": 360574,","logger":"task.stdout"}
{"timestamp":"2026-09-02T16:34:11.863360Z","level":"info","event":"  \"opportunity_assistance_listings\": [","logger":"task.stdout"}
{"timestamp":"2026-09-02T16:34:11.864084Z","level":"info","event":"    {","logger":"task.stdout"}
{"timestamp":"2026-09-02T16:34:11.864734Z","level":"info","event":"      \"assistance_listing_number\": \"93.242\",","logger":"task.stdout"}
{"timestamp":"2026-09-02T16:34:11.865330Z","level":"info","event":"      \"program_title\": \"Mental Health Research Grants\"","logger":"task.stdout"}
{"timestamp":"2026-09-02T16:34:11.866052Z","level":"info","event":"    }","logger":"task.stdout"}
{"timestamp":"2026-09-02T16:34:11.866673Z","level":"info","event":"  ],","logger":"task.stdout"}
{"timestamp":"2026-09-02T16:34:11.867322Z","level":"info","event":"  \"opportunity_id\": \"95d8c541-2ee0-40cc-960c-61b524d2babd\",","logger":"task.stdout"}
{"timestamp":"2026-09-02T16:34:11.867868Z","level":"info","event":"  \"opportunity_number\": \"PAR-27-127\",","logger":"task.stdout"}
{"timestamp":"2026-09-02T16:34:11.868526Z","level":"info","event":"  \"opportunity_status\": \"posted\",","logger":"task.stdout"}
{"timestamp":"2026-09-02T16:34:11.869075Z","level":"info","event":"  \"opportunity_title\": \"Silvio O. Conte Centers for Basic Neuroscience or Translational Mental Health Research (P50 Clinical Trial Optional)\",","logger":"task.stdout"}
{"timestamp":"2026-09-02T16:34:11.869665Z","level":"info","event":"  \"purpose_statement\": null,","logger":"task.stdout"}
{"timestamp":"2026-09-02T16:34:11.870251Z","level":"info","event":"  \"summary\": {","logger":"task.stdout"}
{"timestamp":"2026-09-02T16:34:11.870963Z","level":"info","event":"    \"additional_info_url\": null,","logger":"task.stdout"}
{"timestamp":"2026-09-02T16:34:11.871632Z","level":"info","event":"    \"additional_info_url_description\": null,","logger":"task.stdout"}
{"timestamp":"2026-09-02T16:34:11.872350Z","level":"info","event":"    \"agency_contact_description\": \"Division of Neuroscience and Basic Behavioral Science (DNBBS)\\nDNBBSinitiatives@mail.nih.gov\",","logger":"task.stdout"}
{"timestamp":"2026-09-02T16:34:11.873472Z","level":"info","event":"    \"agency_email_address\": \"DNBBSinitiatives@mail.nih.gov\",","logger":"task.stdout"}
{"timestamp":"2026-09-02T16:34:11.874343Z","level":"info","event":"    \"agency_email_address_description\": \"Division of Neuroscience and Basic Behavioral Science (DNBBS)\",","logger":"task.stdout"}
{"timestamp":"2026-09-02T16:34:11.875306Z","level":"info","event":"    \"applicant_eligibility_description\": \"Refer to Section III. Eligibility Information in the NOFO for additional information on eligibility.Foreign Organizations/International CollaborationsNon-domestic (non-U.S.) Entities (Foreign Organization) are not eligible to apply.Non-domestic (non-U.S.) components of U.S. Organizations are not eligible to apply.Foreign components, as defined in the NIH Grants Policy Statement, are not allowed.\",","logger":"task.stdout"}
{"timestamp":"2026-09-02T16:34:11.876157Z","level":"info","event":"    \"applicant_types\": [","logger":"task.stdout"}
{"timestamp":"2026-09-02T16:34:11.876953Z","level":"info","event":"      \"nonprofits_non_higher_education_without_501c3\",","logger":"task.stdout"}
{"timestamp":"2026-09-02T16:34:11.877650Z","level":"info","event":"      \"nonprofits_non_higher_education_with_501c3\",","logger":"task.stdout"}
{"timestamp":"2026-09-02T16:34:11.878534Z","level":"info","event":"      \"county_governments\",","logger":"task.stdout"}
{"timestamp":"2026-09-02T16:34:11.879324Z","level":"info","event":"      \"public_and_indian_housing_authorities\",","logger":"task.stdout"}
{"timestamp":"2026-09-02T16:34:11.880068Z","level":"info","event":"      \"small_businesses\",","logger":"task.stdout"}
{"timestamp":"2026-09-02T16:34:11.880819Z","level":"info","event":"      \"special_district_governments\",","logger":"task.stdout"}
{"timestamp":"2026-09-02T16:34:11.881630Z","level":"info","event":"      \"federally_recognized_native_american_tribal_governments\",","logger":"task.stdout"}
{"timestamp":"2026-09-02T16:34:11.882524Z","level":"info","event":"      \"private_institutions_of_higher_education\",","logger":"task.stdout"}
{"timestamp":"2026-09-02T16:34:11.883206Z","level":"info","event":"      \"for_profit_organizations_other_than_small_businesses\",","logger":"task.stdout"}
{"timestamp":"2026-09-02T16:34:11.884007Z","level":"info","event":"      \"other\",","logger":"task.stdout"}
{"timestamp":"2026-09-02T16:34:11.884860Z","level":"info","event":"      \"city_or_township_governments\",","logger":"task.stdout"}
{"timestamp":"2026-09-02T16:34:11.885697Z","level":"info","event":"      \"state_governments\",","logger":"task.stdout"}
{"timestamp":"2026-09-02T16:34:11.886506Z","level":"info","event":"      \"public_and_state_institutions_of_higher_education\",","logger":"task.stdout"}
{"timestamp":"2026-09-02T16:34:11.887368Z","level":"info","event":"      \"independent_school_districts\",","logger":"task.stdout"}
{"timestamp":"2026-09-02T16:34:11.888624Z","level":"info","event":"      \"other_native_american_tribal_organizations\"","logger":"task.stdout"}
{"timestamp":"2026-09-02T16:34:11.889685Z","level":"info","event":"    ],","logger":"task.stdout"}
{"timestamp":"2026-09-02T16:34:11.890580Z","level":"info","event":"    \"archive_date\": \"2028-07-24\",","logger":"task.stdout"}
{"timestamp":"2026-09-02T16:34:11.891603Z","level":"info","event":"    \"award_ceiling\": null,","logger":"task.stdout"}
{"timestamp":"2026-09-02T16:34:11.892554Z","level":"info","event":"    \"award_floor\": null,","logger":"task.stdout"}
{"timestamp":"2026-09-02T16:34:11.893477Z","level":"info","event":"    \"close_date\": \"2028-05-25\",","logger":"task.stdout"}
{"timestamp":"2026-09-02T16:34:11.894385Z","level":"info","event":"    \"close_date_description\": null,","logger":"task.stdout"}
{"timestamp":"2026-09-02T16:34:11.895135Z","level":"info","event":"    \"created_at\": \"2026-09-01T12:52:56+00:00\",","logger":"task.stdout"}
{"timestamp":"2026-09-02T16:34:11.895853Z","level":"info","event":"    \"estimated_total_program_funding\": null,","logger":"task.stdout"}
{"timestamp":"2026-09-02T16:34:11.896559Z","level":"info","event":"    \"expected_number_of_awards\": null,","logger":"task.stdout"}
{"timestamp":"2026-09-02T16:34:11.897223Z","level":"info","event":"    \"fiscal_year\": null,","logger":"task.stdout"}
{"timestamp":"2026-09-02T16:34:11.897968Z","level":"info","event":"    \"forecasted_award_date\": null,","logger":"task.stdout"}
{"timestamp":"2026-09-02T16:34:11.898767Z","level":"info","event":"    \"forecasted_close_date\": null,","logger":"task.stdout"}
{"timestamp":"2026-09-02T16:34:11.899393Z","level":"info","event":"    \"forecasted_close_date_description\": null,","logger":"task.stdout"}
{"timestamp":"2026-09-02T16:34:11.900110Z","level":"info","event":"    \"forecasted_post_date\": null,","logger":"task.stdout"}
{"timestamp":"2026-09-02T16:34:11.900953Z","level":"info","event":"    \"forecasted_project_start_date\": null,","logger":"task.stdout"}
{"timestamp":"2026-09-02T16:34:11.901501Z","level":"info","event":"    \"funding_categories\": [","logger":"task.stdout"}
{"timestamp":"2026-09-02T16:34:11.902255Z","level":"info","event":"      \"health\"","logger":"task.stdout"}
{"timestamp":"2026-09-02T16:34:11.903301Z","level":"info","event":"    ],","logger":"task.stdout"}
{"timestamp":"2026-09-02T16:34:11.904163Z","level":"info","event":"    \"funding_category_description\": null,","logger":"task.stdout"}
{"timestamp":"2026-09-02T16:34:11.905019Z","level":"info","event":"    \"funding_instruments\": [","logger":"task.stdout"}
{"timestamp":"2026-09-02T16:34:11.905775Z","level":"info","event":"      \"grant\"","logger":"task.stdout"}
{"timestamp":"2026-09-02T16:34:11.906619Z","level":"info","event":"    ],","logger":"task.stdout"}
{"timestamp":"2026-09-02T16:34:11.907506Z","level":"info","event":"    \"is_cost_sharing\": false,","logger":"task.stdout"}
{"timestamp":"2026-09-02T16:34:11.908351Z","level":"info","event":"    \"is_forecast\": false,","logger":"task.stdout"}
{"timestamp":"2026-09-02T16:34:11.909153Z","level":"info","event":"    \"post_date\": \"2026-09-01\",","logger":"task.stdout"}
{"timestamp":"2026-09-02T16:34:11.909885Z","level":"info","event":"    \"summary_description\": \"This notice of funding opportunity (NOFO) encourages applications for Silvio O. Conte Centers for Basic Neuroscience or Translational Mental Health Research. The National Institute of Mental Health (NIMH) seeks teams of integrative researchers working at different levels of analysis and employing  novel, and creative experimental approaches to address high-risk, high-impact questions with the primary objectives of: (a) advancing basic brain and behavior research that will uncover underlying mechanisms that could provide the foundation for understanding mental disorders; (b) supporting the integration and translation of basic and clinical neuroscience research on severe mental illnesses; (c) advancing our understanding of the neurobehavioral mechanisms and trajectories of psychopathology that begin in development. This program is intended only for projects that could not be achieved using other, more standard grant mechanisms.\",","logger":"task.stdout"}
{"timestamp":"2026-09-02T16:34:11.910435Z","level":"info","event":"    \"updated_at\": \"2026-09-01T12:52:56+00:00\",","logger":"task.stdout"}
{"timestamp":"2026-09-02T16:34:11.911252Z","level":"info","event":"    \"version_number\": 1","logger":"task.stdout"}
{"timestamp":"2026-09-02T16:34:11.912082Z","level":"info","event":"  },","logger":"task.stdout"}
{"timestamp":"2026-09-02T16:34:11.912803Z","level":"info","event":"  \"tagline\": null,","logger":"task.stdout"}
{"timestamp":"2026-09-02T16:34:11.913672Z","level":"info","event":"  \"top_level_agency_code\": \"HHS\",","logger":"task.stdout"}
{"timestamp":"2026-09-02T16:34:11.914535Z","level":"info","event":"  \"top_level_agency_name\": \"Department of Health and Human Services\"","logger":"task.stdout"}
{"timestamp":"2026-09-02T16:34:11.915276Z","level":"info","event":"}","logger":"task.stdout"}
{"timestamp":"2026-09-02T16:34:11.916125Z","level":"info","event":"","logger":"task.stdout"}
{"timestamp":"2026-09-02T16:34:11.916999Z","level":"info","event":"================================================================================","logger":"task.stdout"}
{"timestamp":"2026-09-02T16:34:11.917790Z","level":"info","event":"OPPORTUNITY 24 of 34","logger":"task.stdout"}
{"timestamp":"2026-09-02T16:34:11.918630Z","level":"info","event":"================================================================================","logger":"task.stdout"}
{"timestamp":"2026-09-02T16:34:11.919582Z","level":"info","event":"{","logger":"task.stdout"}
{"timestamp":"2026-09-02T16:34:11.920300Z","level":"info","event":"  \"agency\": \"DOS-DRL\",","logger":"task.stdout"}
{"timestamp":"2026-09-02T16:34:11.921235Z","level":"info","event":"  \"agency_code\": \"DOS-DRL\",","logger":"task.stdout"}
{"timestamp":"2026-09-02T16:34:11.922071Z","level":"info","event":"  \"agency_name\": \"Bureau of Democracy Human Rights and Labor\",","logger":"task.stdout"}
{"timestamp":"2026-09-02T16:34:11.922876Z","level":"info","event":"  \"category\": \"discretionary\",","logger":"task.stdout"}
{"timestamp":"2026-09-02T16:34:11.923640Z","level":"info","event":"  \"category_explanation\": null,","logger":"task.stdout"}
{"timestamp":"2026-09-02T16:34:11.924482Z","level":"info","event":"  \"legacy_opportunity_id\": 363780,","logger":"task.stdout"}
{"timestamp":"2026-09-02T16:34:11.925098Z","level":"info","event":"  \"opportunity_assistance_listings\": [","logger":"task.stdout"}
{"timestamp":"2026-09-02T16:34:11.925814Z","level":"info","event":"    {","logger":"task.stdout"}
{"timestamp":"2026-09-02T16:34:11.926692Z","level":"info","event":"      \"assistance_listing_number\": \"19.345\",","logger":"task.stdout"}
{"timestamp":"2026-09-02T16:34:11.927380Z","level":"info","event":"      \"program_title\": \"International Programs to Support Democracy, Human Rights and Labor\"","logger":"task.stdout"}
{"timestamp":"2026-09-02T16:34:11.928093Z","level":"info","event":"    }","logger":"task.stdout"}
{"timestamp":"2026-09-02T16:34:11.928829Z","level":"info","event":"  ],","logger":"task.stdout"}
{"timestamp":"2026-09-02T16:34:11.929648Z","level":"info","event":"  \"opportunity_id\": \"9ad3449c-8966-4569-be94-f3881a0020c0\",","logger":"task.stdout"}
{"timestamp":"2026-09-02T16:34:11.930342Z","level":"info","event":"  \"opportunity_number\": \"DFOP0019749\",","logger":"task.stdout"}
{"timestamp":"2026-09-02T16:34:11.930957Z","level":"info","event":"  \"opportunity_status\": \"posted\",","logger":"task.stdout"}
{"timestamp":"2026-09-02T16:34:11.931560Z","level":"info","event":"  \"opportunity_title\": \"Emergency Assistance for Fundamental Freedom Defenders\",","logger":"task.stdout"}
{"timestamp":"2026-09-02T16:34:11.932159Z","level":"info","event":"  \"purpose_statement\": null,","logger":"task.stdout"}
{"timestamp":"2026-09-02T16:34:11.932778Z","level":"info","event":"  \"summary\": {","logger":"task.stdout"}
{"timestamp":"2026-09-02T16:34:11.933605Z","level":"info","event":"    \"additional_info_url\": \"https://mygrants.servicenowservices.com/mygrants?id=mygrants_form&table=x_g_usd4_d_grant_funding_opportunity&sys_id=d186a5df1bfa0f502405ea85624bcbd3&view=Default\",","logger":"task.stdout"}
{"timestamp":"2026-09-02T16:34:11.934786Z","level":"info","event":"    \"additional_info_url_description\": \"Link to Opportunity in MyGrants\",","logger":"task.stdout"}
{"timestamp":"2026-09-02T16:34:11.935610Z","level":"info","event":"    \"agency_contact_description\": \"DRL-PRU-Solicitation@state.gov\",","logger":"task.stdout"}
{"timestamp":"2026-09-02T16:34:11.936527Z","level":"info","event":"    \"agency_email_address\": null,","logger":"task.stdout"}
{"timestamp":"2026-09-02T16:34:11.937339Z","level":"info","event":"    \"agency_email_address_description\": null,","logger":"task.stdout"}
{"timestamp":"2026-09-02T16:34:11.938492Z","level":"info","event":"    \"applicant_eligibility_description\": \"The following organizations are eligible to apply:  \\n\\n-U.S.-based non-profit organizations/NGOs with or without 501(c)(3) status \\n\\n-Private, public, or state institutions of higher education \\n\\n-For-profit organizations or businesses  \\n\\n-Foreign-based non-profit organizations/nongovernment organizations (NGO)\",","logger":"task.stdout"}
{"timestamp":"2026-09-02T16:34:11.939647Z","level":"info","event":"    \"applicant_types\": [","logger":"task.stdout"}
{"timestamp":"2026-09-02T16:34:11.940518Z","level":"info","event":"      \"other\"","logger":"task.stdout"}
{"timestamp":"2026-09-02T16:34:11.941293Z","level":"info","event":"    ],","logger":"task.stdout"}
{"timestamp":"2026-09-02T16:34:11.942080Z","level":"info","event":"    \"archive_date\": null,","logger":"task.stdout"}
{"timestamp":"2026-09-02T16:34:11.942865Z","level":"info","event":"    \"award_ceiling\": 4932500,","logger":"task.stdout"}
{"timestamp":"2026-09-02T16:34:11.943746Z","level":"info","event":"    \"award_floor\": 0,","logger":"task.stdout"}
{"timestamp":"2026-09-02T16:34:11.944467Z","level":"info","event":"    \"close_date\": \"2026-09-08\",","logger":"task.stdout"}
{"timestamp":"2026-09-02T16:34:11.945067Z","level":"info","event":"    \"close_date_description\": \"\",","logger":"task.stdout"}
{"timestamp":"2026-09-02T16:34:11.945553Z","level":"info","event":"    \"created_at\": \"2026-09-01T19:36:48+00:00\",","logger":"task.stdout"}
{"timestamp":"2026-09-02T16:34:11.946286Z","level":"info","event":"    \"estimated_total_program_funding\": 4932500,","logger":"task.stdout"}
{"timestamp":"2026-09-02T16:34:11.946938Z","level":"info","event":"    \"expected_number_of_awards\": 1,","logger":"task.stdout"}
{"timestamp":"2026-09-02T16:34:11.947527Z","level":"info","event":"    \"fiscal_year\": null,","logger":"task.stdout"}
{"timestamp":"2026-09-02T16:34:11.948166Z","level":"info","event":"    \"forecasted_award_date\": null,","logger":"task.stdout"}
{"timestamp":"2026-09-02T16:34:11.948841Z","level":"info","event":"    \"forecasted_close_date\": null,","logger":"task.stdout"}
{"timestamp":"2026-09-02T16:34:11.949492Z","level":"info","event":"    \"forecasted_close_date_description\": null,","logger":"task.stdout"}
{"timestamp":"2026-09-02T16:34:11.950202Z","level":"info","event":"    \"forecasted_post_date\": null,","logger":"task.stdout"}
{"timestamp":"2026-09-02T16:34:11.950812Z","level":"info","event":"    \"forecasted_project_start_date\": null,","logger":"task.stdout"}
{"timestamp":"2026-09-02T16:34:11.951611Z","level":"info","event":"    \"funding_categories\": [","logger":"task.stdout"}
{"timestamp":"2026-09-02T16:34:11.952518Z","level":"info","event":"      \"other\"","logger":"task.stdout"}
{"timestamp":"2026-09-02T16:34:11.953292Z","level":"info","event":"    ],","logger":"task.stdout"}
{"timestamp":"2026-09-02T16:34:11.888896Z","level":"info","event":"Response status: 202\nResponse headers:\n    'Server': 'Windows-Azure-HDFS/1.0 Microsoft-HTTPAPI/2.0'\n    'x-ms-request-server-encrypted': 'REDACTED'\n    'x-ms-request-id': 'cf92f028-901f-0078-3df8-3aae74000000'\n    'x-ms-version': 'REDACTED'\n    'x-ms-client-request-id': '20cd914a-a6ec-11f1-95e6-6aa6e9dc575b'\n    'Date': 'Wed, 02 Sep 2026 16:34:10 GMT'\n    'Content-Length': '0'","logger":"azure.core.pipeline.policies.http_logging_policy","task_id":"ingest_cdc","run_id":"manual__2026-09-02T16:34:08.080970+00:00","dag_id":"orchestrate","try_number":1,"ti_id":"01a062f8-8088-7ced-9590-3d1caa16f966","map_index":-1,"filename":"_universal.py","lineno":581}
{"timestamp":"2026-09-02T16:34:11.890117Z","level":"info","event":"Request URL: 'https://grantproject.dfs.core.windows.net/bronze/grants_gov/ingest_date%3D2026-09-02/opportunities.json?action=REDACTED&position=REDACTED&close=REDACTED'\nRequest method: 'PATCH'\nRequest headers:\n    'If-Match': '\"0x8DF091004CF1D3C\"'\n    'x-ms-version': 'REDACTED'\n    'Accept': 'application/json'\n    'User-Agent': 'azsdk-python-storage-dfs/12.25.0 Python/3.13.14 (Linux-6.18.33.2-microsoft-standard-WSL2-x86_64-with-glibc2.36)'\n    'x-ms-date': 'REDACTED'\n    'x-ms-client-request-id': '20dac93c-a6ec-11f1-95e6-6aa6e9dc575b'\n    'Authorization': 'REDACTED'\nNo body was attached to the request","logger":"azure.core.pipeline.policies.http_logging_policy","task_id":"ingest_cdc","run_id":"manual__2026-09-02T16:34:08.080970+00:00","dag_id":"orchestrate","try_number":1,"ti_id":"01a062f8-8088-7ced-9590-3d1caa16f966","map_index":-1,"filename":"_universal.py","lineno":535}
{"timestamp":"2026-09-02T16:34:11.953671Z","level":"info","event":"Response status: 200\nResponse headers:\n    'Last-Modified': 'Wed, 02 Sep 2026 16:34:11 GMT'\n    'ETag': '\"0x8DF091004E73F58\"'\n    'Server': 'Windows-Azure-HDFS/1.0 Microsoft-HTTPAPI/2.0'\n    'x-ms-request-server-encrypted': 'REDACTED'\n    'x-ms-request-id': 'cf92f03c-901f-0078-51f8-3aae74000000'\n    'x-ms-version': 'REDACTED'\n    'x-ms-client-request-id': '20dac93c-a6ec-11f1-95e6-6aa6e9dc575b'\n    'Date': 'Wed, 02 Sep 2026 16:34:10 GMT'\n    'Content-Length': '0'","logger":"azure.core.pipeline.policies.http_logging_policy","task_id":"ingest_cdc","run_id":"manual__2026-09-02T16:34:08.080970+00:00","dag_id":"orchestrate","try_number":1,"ti_id":"01a062f8-8088-7ced-9590-3d1caa16f966","map_index":-1,"filename":"_universal.py","lineno":581}
{"timestamp":"2026-09-02T16:34:11.956724Z","level":"info","event":"    \"funding_category_description\": \"Funding for Democracy, Human Rights, and Labor\",","logger":"task.stdout"}
{"timestamp":"2026-09-02T16:34:11.957580Z","level":"info","event":"    \"funding_instruments\": [","logger":"task.stdout"}
{"timestamp":"2026-09-02T16:34:11.958353Z","level":"info","event":"      \"cooperative_agreement\"","logger":"task.stdout"}
{"timestamp":"2026-09-02T16:34:11.959049Z","level":"info","event":"    ],","logger":"task.stdout"}
{"timestamp":"2026-09-02T16:34:11.959688Z","level":"info","event":"    \"is_cost_sharing\": false,","logger":"task.stdout"}
{"timestamp":"2026-09-02T16:34:11.960414Z","level":"info","event":"    \"is_forecast\": false,","logger":"task.stdout"}
{"timestamp":"2026-09-02T16:34:11.961015Z","level":"info","event":"    \"post_date\": \"2026-09-01\",","logger":"task.stdout"}
{"timestamp":"2026-09-02T16:34:11.961673Z","level":"info","event":"    \"summary_description\": \"The U.S. Department of State Bureau of Democracy, Human Rights, and Labor (DRL) seeks to\\u202fmake available on-demand, emergency support for individuals and organizations that face imminent threat due to their work to\\u202fpromote and defend\\u202ffundamental freedoms, including the freedoms of speech, peaceful assembly, and association articulated in the United States\\u2019 founding documents. The program will provide assistance to defenders\\u202fwho are\\u202ffacing\\u202fthreat of attack, arbitrary arrest, detention, prosecution, or\\u202fare\\u202fotherwise at imminent risk of harm, through a program that provides short-term emergency funding to enable them to continue their\\u202fwork pressing for democratic government and reform and respect for human rights.\",","logger":"task.stdout"}
{"timestamp":"2026-09-02T16:34:11.962237Z","level":"info","event":"    \"updated_at\": \"2026-09-01T19:44:04+00:00\",","logger":"task.stdout"}
{"timestamp":"2026-09-02T16:34:11.962876Z","level":"info","event":"    \"version_number\": 3","logger":"task.stdout"}
{"timestamp":"2026-09-02T16:34:11.963403Z","level":"info","event":"  },","logger":"task.stdout"}
{"timestamp":"2026-09-02T16:34:11.964193Z","level":"info","event":"  \"tagline\": null,","logger":"task.stdout"}
{"timestamp":"2026-09-02T16:34:11.965042Z","level":"info","event":"  \"top_level_agency_code\": \"DOS\",","logger":"task.stdout"}
{"timestamp":"2026-09-02T16:34:11.965871Z","level":"info","event":"  \"top_level_agency_name\": \"Department of State\"","logger":"task.stdout"}
{"timestamp":"2026-09-02T16:34:11.966588Z","level":"info","event":"}","logger":"task.stdout"}
{"timestamp":"2026-09-02T16:34:11.967233Z","level":"info","event":"","logger":"task.stdout"}
{"timestamp":"2026-09-02T16:34:11.967729Z","level":"info","event":"================================================================================","logger":"task.stdout"}
{"timestamp":"2026-09-02T16:34:11.968400Z","level":"info","event":"OPPORTUNITY 25 of 34","logger":"task.stdout"}
{"timestamp":"2026-09-02T16:34:11.969020Z","level":"info","event":"================================================================================","logger":"task.stdout"}
{"timestamp":"2026-09-02T16:34:11.969679Z","level":"info","event":"{","logger":"task.stdout"}
{"timestamp":"2026-09-02T16:34:11.970200Z","level":"info","event":"  \"agency\": \"IMLS\",","logger":"task.stdout"}
{"timestamp":"2026-09-02T16:34:11.970733Z","level":"info","event":"  \"agency_code\": \"IMLS\",","logger":"task.stdout"}
{"timestamp":"2026-09-02T16:34:11.971333Z","level":"info","event":"  \"agency_name\": \"Institute of Museum and Library Services\",","logger":"task.stdout"}
{"timestamp":"2026-09-02T16:34:11.971915Z","level":"info","event":"  \"category\": \"discretionary\",","logger":"task.stdout"}
{"timestamp":"2026-09-02T16:34:11.972552Z","level":"info","event":"  \"category_explanation\": null,","logger":"task.stdout"}
{"timestamp":"2026-09-02T16:34:11.973273Z","level":"info","event":"  \"legacy_opportunity_id\": 363765,","logger":"task.stdout"}
{"timestamp":"2026-09-02T16:34:11.974081Z","level":"info","event":"  \"opportunity_assistance_listings\": [","logger":"task.stdout"}
{"timestamp":"2026-09-02T16:34:11.974757Z","level":"info","event":"    {","logger":"task.stdout"}
{"timestamp":"2026-09-02T16:34:11.975396Z","level":"info","event":"      \"assistance_listing_number\": \"45.313\",","logger":"task.stdout"}
{"timestamp":"2026-09-02T16:34:11.975943Z","level":"info","event":"      \"program_title\": \"Laura Bush 21st Century Librarian Program\"","logger":"task.stdout"}
{"timestamp":"2026-09-02T16:34:11.976796Z","level":"info","event":"    }","logger":"task.stdout"}
{"timestamp":"2026-09-02T16:34:11.977485Z","level":"info","event":"  ],","logger":"task.stdout"}
{"timestamp":"2026-09-02T16:34:11.978152Z","level":"info","event":"  \"opportunity_id\": \"9b132b58-e709-45f0-9753-f5bed74b2afd\",","logger":"task.stdout"}
{"timestamp":"2026-09-02T16:34:11.978731Z","level":"info","event":"  \"opportunity_number\": \"LB21-FY27\",","logger":"task.stdout"}
{"timestamp":"2026-09-02T16:34:11.979434Z","level":"info","event":"  \"opportunity_status\": \"posted\",","logger":"task.stdout"}
{"timestamp":"2026-09-02T16:34:11.980111Z","level":"info","event":"  \"opportunity_title\": \"Laura Bush 21st Century Librarian Program (2027)\",","logger":"task.stdout"}
{"timestamp":"2026-09-02T16:34:11.980918Z","level":"info","event":"  \"purpose_statement\": null,","logger":"task.stdout"}
{"timestamp":"2026-09-02T16:34:11.982013Z","level":"info","event":"  \"summary\": {","logger":"task.stdout"}
{"timestamp":"2026-09-02T16:34:11.982698Z","level":"info","event":"    \"additional_info_url\": \"https://www.imls.gov/find-funding/funding-opportunities/grant-programs/laura-bush-21st-century-librarian-program\",","logger":"task.stdout"}
{"timestamp":"2026-09-02T16:34:11.983596Z","level":"info","event":"    \"additional_info_url_description\": \"https://www.imls.gov/find-funding/funding-opportunities/grant-programs/laura-bush-21st-century-librarian-program\",","logger":"task.stdout"}
{"timestamp":"2026-09-02T16:34:11.984310Z","level":"info","event":"    \"agency_contact_description\": \"imls-librarygrants@imls.gov\\nimls-librarygrants@imls.gov\",","logger":"task.stdout"}
{"timestamp":"2026-09-02T16:34:11.985119Z","level":"info","event":"    \"agency_email_address\": \"imls-librarygrants@imls.gov\",","logger":"task.stdout"}
{"timestamp":"2026-09-02T16:34:11.986071Z","level":"info","event":"    \"agency_email_address_description\": \"imls-librarygrants@imls.gov\",","logger":"task.stdout"}
{"timestamp":"2026-09-02T16:34:11.986923Z","level":"info","event":"    \"applicant_eligibility_description\": \"See the Notice of Funding Opportunity for eligibility requirements.\",","logger":"task.stdout"}
{"timestamp":"2026-09-02T16:34:11.987484Z","level":"info","event":"    \"applicant_types\": [","logger":"task.stdout"}
{"timestamp":"2026-09-02T16:34:11.988151Z","level":"info","event":"      \"other\"","logger":"task.stdout"}
{"timestamp":"2026-09-02T16:34:11.988776Z","level":"info","event":"    ],","logger":"task.stdout"}
{"timestamp":"2026-09-02T16:34:11.989545Z","level":"info","event":"    \"archive_date\": null,","logger":"task.stdout"}
{"timestamp":"2026-09-02T16:34:11.990172Z","level":"info","event":"    \"award_ceiling\": 1000000,","logger":"task.stdout"}
{"timestamp":"2026-09-02T16:34:11.991048Z","level":"info","event":"    \"award_floor\": 75000,","logger":"task.stdout"}
{"timestamp":"2026-09-02T16:34:11.991872Z","level":"info","event":"    \"close_date\": \"2026-11-13\",","logger":"task.stdout"}
{"timestamp":"2026-09-02T16:34:11.992552Z","level":"info","event":"    \"close_date_description\": null,","logger":"task.stdout"}
{"timestamp":"2026-09-02T16:34:11.993256Z","level":"info","event":"    \"created_at\": \"2026-09-01T16:24:58+00:00\",","logger":"task.stdout"}
{"timestamp":"2026-09-02T16:34:11.993946Z","level":"info","event":"    \"estimated_total_program_funding\": 8500000,","logger":"task.stdout"}
{"timestamp":"2026-09-02T16:34:11.994627Z","level":"info","event":"    \"expected_number_of_awards\": 35,","logger":"task.stdout"}
{"timestamp":"2026-09-02T16:34:11.995404Z","level":"info","event":"    \"fiscal_year\": null,","logger":"task.stdout"}
{"timestamp":"2026-09-02T16:34:11.995981Z","level":"info","event":"    \"forecasted_award_date\": null,","logger":"task.stdout"}
{"timestamp":"2026-09-02T16:34:11.996698Z","level":"info","event":"    \"forecasted_close_date\": null,","logger":"task.stdout"}
{"timestamp":"2026-09-02T16:34:11.997448Z","level":"info","event":"    \"forecasted_close_date_description\": null,","logger":"task.stdout"}
{"timestamp":"2026-09-02T16:34:11.998076Z","level":"info","event":"    \"forecasted_post_date\": null,","logger":"task.stdout"}
{"timestamp":"2026-09-02T16:34:11.998650Z","level":"info","event":"    \"forecasted_project_start_date\": null,","logger":"task.stdout"}
{"timestamp":"2026-09-02T16:34:11.999340Z","level":"info","event":"    \"funding_categories\": [","logger":"task.stdout"}
{"timestamp":"2026-09-02T16:34:11.999967Z","level":"info","event":"      \"arts\",","logger":"task.stdout"}
{"timestamp":"2026-09-02T16:34:12.000494Z","level":"info","event":"      \"humanities\"","logger":"task.stdout"}
{"timestamp":"2026-09-02T16:34:12.001155Z","level":"info","event":"    ],","logger":"task.stdout"}
{"timestamp":"2026-09-02T16:34:12.001688Z","level":"info","event":"    \"funding_category_description\": null,","logger":"task.stdout"}
{"timestamp":"2026-09-02T16:34:12.002205Z","level":"info","event":"    \"funding_instruments\": [","logger":"task.stdout"}
{"timestamp":"2026-09-02T16:34:12.002854Z","level":"info","event":"      \"grant\"","logger":"task.stdout"}
{"timestamp":"2026-09-02T16:34:12.003480Z","level":"info","event":"    ],","logger":"task.stdout"}
{"timestamp":"2026-09-02T16:34:12.004091Z","level":"info","event":"    \"is_cost_sharing\": true,","logger":"task.stdout"}
{"timestamp":"2026-09-02T16:34:12.004714Z","level":"info","event":"    \"is_forecast\": false,","logger":"task.stdout"}
{"timestamp":"2026-09-02T16:34:12.005361Z","level":"info","event":"    \"post_date\": \"2026-09-01\",","logger":"task.stdout"}
{"timestamp":"2026-09-02T16:34:12.006099Z","level":"info","event":"    \"summary_description\": \"Laura Bush 21st Century Librarian (LB21) projects build a library and archival workforce that can meet the information needs of communities of all types and sizes and increase the institutional capacity of libraries, archives, and library and information science graduate programs across the country.\",","logger":"task.stdout"}
{"timestamp":"2026-09-02T16:34:12.006823Z","level":"info","event":"    \"updated_at\": \"2026-09-01T16:24:58+00:00\",","logger":"task.stdout"}
{"timestamp":"2026-09-02T16:34:12.007536Z","level":"info","event":"    \"version_number\": 1","logger":"task.stdout"}
{"timestamp":"2026-09-02T16:34:12.008062Z","level":"info","event":"  },","logger":"task.stdout"}
{"timestamp":"2026-09-02T16:34:12.008777Z","level":"info","event":"  \"tagline\": null,","logger":"task.stdout"}
{"timestamp":"2026-09-02T16:34:12.009495Z","level":"info","event":"  \"top_level_agency_code\": \"IMLS\",","logger":"task.stdout"}
{"timestamp":"2026-09-02T16:34:12.010175Z","level":"info","event":"  \"top_level_agency_name\": \"Institute of Museum and Library Services\"","logger":"task.stdout"}
{"timestamp":"2026-09-02T16:34:12.011007Z","level":"info","event":"}","logger":"task.stdout"}
{"timestamp":"2026-09-02T16:34:12.012056Z","level":"info","event":"","logger":"task.stdout"}
{"timestamp":"2026-09-02T16:34:12.012836Z","level":"info","event":"================================================================================","logger":"task.stdout"}
{"timestamp":"2026-09-02T16:34:12.013626Z","level":"info","event":"OPPORTUNITY 26 of 34","logger":"task.stdout"}
{"timestamp":"2026-09-02T16:34:11.956022Z","level":"info","event":"Done. Returned value was: 34","task_id":"ingest_cdc","run_id":"manual__2026-09-02T16:34:08.080970+00:00","dag_id":"orchestrate","try_number":1,"ti_id":"01a062f8-8088-7ced-9590-3d1caa16f966","map_index":-1,"logger":"airflow.task.operators.airflow.providers.standard.decorators.python._PythonDecoratedOperator","filename":"python.py","lineno":233}
{"timestamp":"2026-09-02T16:34:11.956248Z","level":"info","event":"::group::Post Execute","task_id":"ingest_cdc","run_id":"manual__2026-09-02T16:34:08.080970+00:00","dag_id":"orchestrate","try_number":1,"ti_id":"01a062f8-8088-7ced-9590-3d1caa16f966","map_index":-1,"logger":"task","filename":"task_runner.py","lineno":1580}
{"timestamp":"2026-09-02T16:34:11.956606Z","level":"info","event":"Pushing xcom","ti":"RuntimeTaskInstance(id=UUID('01a062f8-8088-7ced-9590-3d1caa16f966'), task_id='ingest_cdc', dag_id='orchestrate', run_id='manual__2026-09-02T16:34:08.080970+00:00', try_number=1, dag_version_id=UUID('01a05d8d-b287-7752-b765-4cb69740bfed'), map_index=-1, hostname='89db77d81350', context_carrier={'traceparent': '00-481febcad5d52159be5871e48fb88ac0-3f9b2a1a21bf0f23-00'}, queue='default', task=<Task(_PythonDecoratedOperator): ingest_cdc>, bundle_instance=LocalDagBundle(name=dags-folder), max_tries=0, start_date=datetime.datetime(2026, 9, 2, 16, 34, 9, 153353, tzinfo=datetime.timezone.utc), end_date=None, state=<TaskInstanceState.RUNNING: 'running'>, is_mapped=False, rendered_map_index=None, sentry_integration='sentry_sdk.integrations.celery.CeleryIntegration')","task_id":"ingest_cdc","run_id":"manual__2026-09-02T16:34:08.080970+00:00","dag_id":"orchestrate","try_number":1,"ti_id":"01a062f8-8088-7ced-9590-3d1caa16f966","map_index":-1,"logger":"task","filename":"task_runner.py","lineno":2280}
{"timestamp":"2026-09-02T16:34:12.017310Z","level":"info","event":"================================================================================","logger":"task.stdout"}
{"timestamp":"2026-09-02T16:34:12.018200Z","level":"info","event":"{","logger":"task.stdout"}
{"timestamp":"2026-09-02T16:34:12.018896Z","level":"info","event":"  \"agency\": \"IMLS\",","logger":"task.stdout"}
{"timestamp":"2026-09-02T16:34:12.019763Z","level":"info","event":"  \"agency_code\": \"IMLS\",","logger":"task.stdout"}
{"timestamp":"2026-09-02T16:34:12.020588Z","level":"info","event":"  \"agency_name\": \"Institute of Museum and Library Services\",","logger":"task.stdout"}
{"timestamp":"2026-09-02T16:34:12.021521Z","level":"info","event":"  \"category\": \"discretionary\",","logger":"task.stdout"}
{"timestamp":"2026-09-02T16:34:12.022282Z","level":"info","event":"  \"category_explanation\": null,","logger":"task.stdout"}
{"timestamp":"2026-09-02T16:34:12.023083Z","level":"info","event":"  \"legacy_opportunity_id\": 363775,","logger":"task.stdout"}
{"timestamp":"2026-09-02T16:34:12.023883Z","level":"info","event":"  \"opportunity_assistance_listings\": [","logger":"task.stdout"}
{"timestamp":"2026-09-02T16:34:12.024736Z","level":"info","event":"    {","logger":"task.stdout"}
{"timestamp":"2026-09-02T16:34:12.025331Z","level":"info","event":"      \"assistance_listing_number\": \"45.308\",","logger":"task.stdout"}
{"timestamp":"2026-09-02T16:34:12.025996Z","level":"info","event":"      \"program_title\": \"Native American/Native Hawaiian Museum Services Program\"","logger":"task.stdout"}
{"timestamp":"2026-09-02T16:34:12.026836Z","level":"info","event":"    }","logger":"task.stdout"}
{"timestamp":"2026-09-02T16:34:12.027660Z","level":"info","event":"  ],","logger":"task.stdout"}
{"timestamp":"2026-09-02T16:34:12.028364Z","level":"info","event":"  \"opportunity_id\": \"8f24cc4f-4412-4739-8829-926d6028d129\",","logger":"task.stdout"}
{"timestamp":"2026-09-02T16:34:12.029104Z","level":"info","event":"  \"opportunity_number\": \"NANH-FY27\",","logger":"task.stdout"}
{"timestamp":"2026-09-02T16:34:12.029801Z","level":"info","event":"  \"opportunity_status\": \"posted\",","logger":"task.stdout"}
{"timestamp":"2026-09-02T16:34:12.030549Z","level":"info","event":"  \"opportunity_title\": \"Native American/Native Hawaiian Museum Services (2027)\",","logger":"task.stdout"}
{"timestamp":"2026-09-02T16:34:12.031202Z","level":"info","event":"  \"purpose_statement\": null,","logger":"task.stdout"}
{"timestamp":"2026-09-02T16:34:12.031896Z","level":"info","event":"  \"summary\": {","logger":"task.stdout"}
{"timestamp":"2026-09-02T16:34:12.032542Z","level":"info","event":"    \"additional_info_url\": \"https://www.imls.gov/find-funding/funding-opportunities/grant-programs/native-american-native-hawaiian-museum-services\",","logger":"task.stdout"}
{"timestamp":"2026-09-02T16:34:12.033199Z","level":"info","event":"    \"additional_info_url_description\": \"https://www.imls.gov/find-funding/funding-opportunities/grant-programs/native-american-native-hawaiian-museum-services\",","logger":"task.stdout"}
{"timestamp":"2026-09-02T16:34:12.033690Z","level":"info","event":"    \"agency_contact_description\": \"imls-museumgrants@imls.gov\\nimls-museumgrants@imls.gov\",","logger":"task.stdout"}
{"timestamp":"2026-09-02T16:34:12.034223Z","level":"info","event":"    \"agency_email_address\": \"imls-museumgrants@imls.gov\",","logger":"task.stdout"}
{"timestamp":"2026-09-02T16:34:12.034978Z","level":"info","event":"    \"agency_email_address_description\": \"imls-museumgrants@imls.gov\",","logger":"task.stdout"}
{"timestamp":"2026-09-02T16:34:12.035606Z","level":"info","event":"    \"applicant_eligibility_description\": \"See the Notice of Funding Opportunity for program eligibility criteria.\",","logger":"task.stdout"}
{"timestamp":"2026-09-02T16:34:12.036163Z","level":"info","event":"    \"applicant_types\": [","logger":"task.stdout"}
{"timestamp":"2026-09-02T16:34:12.036813Z","level":"info","event":"      \"other\"","logger":"task.stdout"}
{"timestamp":"2026-09-02T16:34:12.037519Z","level":"info","event":"    ],","logger":"task.stdout"}
{"timestamp":"2026-09-02T16:34:12.038054Z","level":"info","event":"    \"archive_date\": null,","logger":"task.stdout"}
{"timestamp":"2026-09-02T16:34:12.038718Z","level":"info","event":"    \"award_ceiling\": 250000,","logger":"task.stdout"}
{"timestamp":"2026-09-02T16:34:12.039404Z","level":"info","event":"    \"award_floor\": 5000,","logger":"task.stdout"}
{"timestamp":"2026-09-02T16:34:12.040049Z","level":"info","event":"    \"close_date\": \"2026-11-13\",","logger":"task.stdout"}
{"timestamp":"2026-09-02T16:34:12.040711Z","level":"info","event":"    \"close_date_description\": null,","logger":"task.stdout"}
{"timestamp":"2026-09-02T16:34:12.041378Z","level":"info","event":"    \"created_at\": \"2026-09-01T17:18:08+00:00\",","logger":"task.stdout"}
{"timestamp":"2026-09-02T16:34:12.043733Z","level":"info","event":"    \"estimated_total_program_funding\": 3772000,","logger":"task.stdout"}
{"timestamp":"2026-09-02T16:34:12.044363Z","level":"info","event":"    \"expected_number_of_awards\": 20,","logger":"task.stdout"}
{"timestamp":"2026-09-02T16:34:12.045101Z","level":"info","event":"    \"fiscal_year\": null,","logger":"task.stdout"}
{"timestamp":"2026-09-02T16:34:12.045848Z","level":"info","event":"    \"forecasted_award_date\": null,","logger":"task.stdout"}
{"timestamp":"2026-09-02T16:34:12.046589Z","level":"info","event":"    \"forecasted_close_date\": null,","logger":"task.stdout"}
{"timestamp":"2026-09-02T16:34:12.047259Z","level":"info","event":"    \"forecasted_close_date_description\": null,","logger":"task.stdout"}
{"timestamp":"2026-09-02T16:34:12.047845Z","level":"info","event":"    \"forecasted_post_date\": null,","logger":"task.stdout"}
{"timestamp":"2026-09-02T16:34:12.048341Z","level":"info","event":"    \"forecasted_project_start_date\": null,","logger":"task.stdout"}
{"timestamp":"2026-09-02T16:34:12.049079Z","level":"info","event":"    \"funding_categories\": [","logger":"task.stdout"}
{"timestamp":"2026-09-02T16:34:12.049682Z","level":"info","event":"      \"arts\",","logger":"task.stdout"}
{"timestamp":"2026-09-02T16:34:12.050251Z","level":"info","event":"      \"humanities\"","logger":"task.stdout"}
{"timestamp":"2026-09-02T16:34:12.050899Z","level":"info","event":"    ],","logger":"task.stdout"}
{"timestamp":"2026-09-02T16:34:12.051502Z","level":"info","event":"    \"funding_category_description\": null,","logger":"task.stdout"}
{"timestamp":"2026-09-02T16:34:12.052094Z","level":"info","event":"    \"funding_instruments\": [","logger":"task.stdout"}
{"timestamp":"2026-09-02T16:34:12.052929Z","level":"info","event":"      \"grant\"","logger":"task.stdout"}
{"timestamp":"2026-09-02T16:34:12.053588Z","level":"info","event":"    ],","logger":"task.stdout"}
{"timestamp":"2026-09-02T16:34:12.054188Z","level":"info","event":"    \"is_cost_sharing\": false,","logger":"task.stdout"}
{"timestamp":"2026-09-02T16:34:12.054936Z","level":"info","event":"    \"is_forecast\": false,","logger":"task.stdout"}
{"timestamp":"2026-09-02T16:34:12.055547Z","level":"info","event":"    \"post_date\": \"2026-09-01\",","logger":"task.stdout"}
{"timestamp":"2026-09-02T16:34:12.056308Z","level":"info","event":"    \"summary_description\": \"The Native American/Native Hawaiian Museum Services program (NANH) supports Native American Tribes, Alaska Native Villages, and organizations that primarily serve and represent Native Hawaiians in sustaining heritage, culture, and knowledge. The program supports projects such as educational services and programs, workforce professional development, organizational capacity building, community engagement, and collections stewardship.\",","logger":"task.stdout"}
{"timestamp":"2026-09-02T16:34:12.057126Z","level":"info","event":"    \"updated_at\": \"2026-09-01T17:18:08+00:00\",","logger":"task.stdout"}
{"timestamp":"2026-09-02T16:34:12.057980Z","level":"info","event":"    \"version_number\": 1","logger":"task.stdout"}
{"timestamp":"2026-09-02T16:34:12.058765Z","level":"info","event":"  },","logger":"task.stdout"}
{"timestamp":"2026-09-02T16:34:12.059458Z","level":"info","event":"  \"tagline\": null,","logger":"task.stdout"}
{"timestamp":"2026-09-02T16:34:12.060045Z","level":"info","event":"  \"top_level_agency_code\": \"IMLS\",","logger":"task.stdout"}
{"timestamp":"2026-09-02T16:34:12.060761Z","level":"info","event":"  \"top_level_agency_name\": \"Institute of Museum and Library Services\"","logger":"task.stdout"}
{"timestamp":"2026-09-02T16:34:12.061428Z","level":"info","event":"}","logger":"task.stdout"}
{"timestamp":"2026-09-02T16:34:12.062078Z","level":"info","event":"","logger":"task.stdout"}
{"timestamp":"2026-09-02T16:34:12.062635Z","level":"info","event":"================================================================================","logger":"task.stdout"}
{"timestamp":"2026-09-02T16:34:12.063250Z","level":"info","event":"OPPORTUNITY 27 of 34","logger":"task.stdout"}
{"timestamp":"2026-09-02T16:34:12.063860Z","level":"info","event":"================================================================================","logger":"task.stdout"}
{"timestamp":"2026-09-02T16:34:12.064491Z","level":"info","event":"{","logger":"task.stdout"}
{"timestamp":"2026-09-02T16:34:12.065298Z","level":"info","event":"  \"agency\": \"DOE-ID\",","logger":"task.stdout"}
{"timestamp":"2026-09-02T16:34:12.065863Z","level":"info","event":"  \"agency_code\": \"DOE-ID\",","logger":"task.stdout"}
{"timestamp":"2026-09-02T16:34:12.066349Z","level":"info","event":"  \"agency_name\": \"Idaho Field Office\",","logger":"task.stdout"}
{"timestamp":"2026-09-02T16:34:12.067054Z","level":"info","event":"  \"category\": \"discretionary\",","logger":"task.stdout"}
{"timestamp":"2026-09-02T16:34:12.067735Z","level":"info","event":"  \"category_explanation\": null,","logger":"task.stdout"}
{"timestamp":"2026-09-02T16:34:12.068527Z","level":"info","event":"  \"legacy_opportunity_id\": 363757,","logger":"task.stdout"}
{"timestamp":"2026-09-02T16:34:12.069229Z","level":"info","event":"  \"opportunity_assistance_listings\": [","logger":"task.stdout"}
{"timestamp":"2026-09-02T16:34:12.069861Z","level":"info","event":"    {","logger":"task.stdout"}
{"timestamp":"2026-09-02T16:34:12.070571Z","level":"info","event":"      \"assistance_listing_number\": \"81.121\",","logger":"task.stdout"}
{"timestamp":"2026-09-02T16:34:12.071269Z","level":"info","event":"      \"program_title\": \"Nuclear Energy Research, Development and Demonstration\"","logger":"task.stdout"}
{"timestamp":"2026-09-02T16:34:12.071942Z","level":"info","event":"    }","logger":"task.stdout"}
{"timestamp":"2026-09-02T16:34:12.072585Z","level":"info","event":"  ],","logger":"task.stdout"}
{"timestamp":"2026-09-02T16:34:12.073277Z","level":"info","event":"  \"opportunity_id\": \"c747e8d0-7c6d-4c7b-8c0b-3d42dd0aea7e\",","logger":"task.stdout"}
{"timestamp":"2026-09-02T16:34:12.074068Z","level":"info","event":"  \"opportunity_number\": \"DE-FOA-0003617\",","logger":"task.stdout"}
{"timestamp":"2026-09-02T16:34:12.074800Z","level":"info","event":"  \"opportunity_status\": \"posted\",","logger":"task.stdout"}
{"timestamp":"2026-09-02T16:34:12.075472Z","level":"info","event":"  \"opportunity_title\": \"Staff Support for Regional Engagement with the U.S. Department of Energy, Office of Nuclear Energy, Office of Storage & Transportation on Radioactive Materials Transportation Planning\",","logger":"task.stdout"}
{"timestamp":"2026-09-02T16:34:12.076205Z","level":"info","event":"  \"purpose_statement\": null,","logger":"task.stdout"}
{"timestamp":"2026-09-02T16:34:12.077045Z","level":"info","event":"  \"summary\": {","logger":"task.stdout"}
{"timestamp":"2026-09-02T16:34:12.077742Z","level":"info","event":"    \"additional_info_url\": null,","logger":"task.stdout"}
{"timestamp":"2026-09-02T16:34:12.078243Z","level":"info","event":"    \"additional_info_url_description\": null,","logger":"task.stdout"}
{"timestamp":"2026-09-02T16:34:12.078909Z","level":"info","event":"    \"agency_contact_description\": \"Jeff  Rigby\\r\\nGrantor\\r\\nPhone 5098697640\",","logger":"task.stdout"}
{"timestamp":"2026-09-02T16:34:12.079504Z","level":"info","event":"    \"agency_email_address\": \"rigbyja@id.doe.gov\",","logger":"task.stdout"}
{"timestamp":"2026-09-02T16:34:12.080075Z","level":"info","event":"    \"agency_email_address_description\": \"Jeff Rigby\",","logger":"task.stdout"}
{"timestamp":"2026-09-02T16:34:12.080751Z","level":"info","event":"    \"applicant_eligibility_description\": \"\",","logger":"task.stdout"}
{"timestamp":"2026-09-02T16:34:12.081324Z","level":"info","event":"    \"applicant_types\": [","logger":"task.stdout"}
{"timestamp":"2026-09-02T16:34:12.101215Z","level":"info","event":"      \"for_profit_organizations_other_than_small_businesses\"","logger":"task.stdout"}
{"timestamp":"2026-09-02T16:34:12.102273Z","level":"info","event":"    ],","logger":"task.stdout"}
{"timestamp":"2026-09-02T16:34:12.103395Z","level":"info","event":"    \"archive_date\": \"2026-10-30\",","logger":"task.stdout"}
{"timestamp":"2026-09-02T16:34:12.104390Z","level":"info","event":"    \"award_ceiling\": 1700000,","logger":"task.stdout"}
{"timestamp":"2026-09-02T16:34:12.105539Z","level":"info","event":"    \"award_floor\": 0,","logger":"task.stdout"}
{"timestamp":"2026-09-02T16:34:12.106638Z","level":"info","event":"    \"close_date\": \"2026-09-30\",","logger":"task.stdout"}
{"timestamp":"2026-09-02T16:34:12.107801Z","level":"info","event":"    \"close_date_description\": \"\",","logger":"task.stdout"}
{"timestamp":"2026-09-02T16:34:12.108959Z","level":"info","event":"    \"created_at\": \"2026-09-01T12:53:14+00:00\",","logger":"task.stdout"}
{"timestamp":"2026-09-02T16:34:12.109974Z","level":"info","event":"    \"estimated_total_program_funding\": 6800000,","logger":"task.stdout"}
{"timestamp":"2026-09-02T16:34:12.110692Z","level":"info","event":"    \"expected_number_of_awards\": 4,","logger":"task.stdout"}
{"timestamp":"2026-09-02T16:34:12.111747Z","level":"info","event":"    \"fiscal_year\": null,","logger":"task.stdout"}
{"timestamp":"2026-09-02T16:34:12.112636Z","level":"info","event":"    \"forecasted_award_date\": null,","logger":"task.stdout"}
{"timestamp":"2026-09-02T16:34:12.113566Z","level":"info","event":"    \"forecasted_close_date\": null,","logger":"task.stdout"}
{"timestamp":"2026-09-02T16:34:12.114354Z","level":"info","event":"    \"forecasted_close_date_description\": null,","logger":"task.stdout"}
{"timestamp":"2026-09-02T16:34:12.115348Z","level":"info","event":"    \"forecasted_post_date\": null,","logger":"task.stdout"}
{"timestamp":"2026-09-02T16:34:12.116200Z","level":"info","event":"    \"forecasted_project_start_date\": null,","logger":"task.stdout"}
{"timestamp":"2026-09-02T16:34:12.117181Z","level":"info","event":"    \"funding_categories\": [","logger":"task.stdout"}
{"timestamp":"2026-09-02T16:34:12.118002Z","level":"info","event":"      \"energy\"","logger":"task.stdout"}
{"timestamp":"2026-09-02T16:34:12.118775Z","level":"info","event":"    ],","logger":"task.stdout"}
{"timestamp":"2026-09-02T16:34:12.119447Z","level":"info","event":"    \"funding_category_description\": null,","logger":"task.stdout"}
{"timestamp":"2026-09-02T16:34:12.120363Z","level":"info","event":"    \"funding_instruments\": [","logger":"task.stdout"}
{"timestamp":"2026-09-02T16:34:12.121332Z","level":"info","event":"      \"cooperative_agreement\"","logger":"task.stdout"}
{"timestamp":"2026-09-02T16:34:12.122157Z","level":"info","event":"    ],","logger":"task.stdout"}
{"timestamp":"2026-09-02T16:34:12.122821Z","level":"info","event":"    \"is_cost_sharing\": false,","logger":"task.stdout"}
{"timestamp":"2026-09-02T16:34:12.123875Z","level":"info","event":"    \"is_forecast\": false,","logger":"task.stdout"}
{"timestamp":"2026-09-02T16:34:12.124858Z","level":"info","event":"    \"post_date\": \"2026-09-01\",","logger":"task.stdout"}
{"timestamp":"2026-09-02T16:34:12.125859Z","level":"info","event":"    \"summary_description\": \"<p>Staff Support for Regional State Engagement with the United States (U.S.) Department of Energy, Office of Nuclear Energy, Office of Storage &amp; Transportation on Radioactive Materials Transportation Planning. Facilitate engagement between DOE and State government representatives in four (4) specific regions (Eastern Region, Western Region, Midwestern Region, or Southern Region of the United States) and the Office of Storage &amp; Transportation (DOE-S&amp;T) in planning for future large-scale DOE transportation of commercial used nuclear fuel (UNF) and high-level radioactive waste (HLW), and addressing related DOE program issues that may impact a State or region. DOE anticipates making a total of four (4) awards e from this NOFO, one (1) award for each region.</p>\",","logger":"task.stdout"}
{"timestamp":"2026-09-02T16:34:12.126811Z","level":"info","event":"    \"updated_at\": \"2026-09-01T12:53:14+00:00\",","logger":"task.stdout"}
{"timestamp":"2026-09-02T16:34:12.127699Z","level":"info","event":"    \"version_number\": 1","logger":"task.stdout"}
{"timestamp":"2026-09-02T16:34:12.128613Z","level":"info","event":"  },","logger":"task.stdout"}
{"timestamp":"2026-09-02T16:34:12.129216Z","level":"info","event":"  \"tagline\": null,","logger":"task.stdout"}
{"timestamp":"2026-09-02T16:34:12.129828Z","level":"info","event":"  \"top_level_agency_code\": \"DOE\",","logger":"task.stdout"}
{"timestamp":"2026-09-02T16:34:12.130567Z","level":"info","event":"  \"top_level_agency_name\": \"Department of Energy\"","logger":"task.stdout"}
{"timestamp":"2026-09-02T16:34:12.131252Z","level":"info","event":"}","logger":"task.stdout"}
{"timestamp":"2026-09-02T16:34:12.131919Z","level":"info","event":"","logger":"task.stdout"}
{"timestamp":"2026-09-02T16:34:12.132627Z","level":"info","event":"================================================================================","logger":"task.stdout"}
{"timestamp":"2026-09-02T16:34:12.133376Z","level":"info","event":"OPPORTUNITY 28 of 34","logger":"task.stdout"}
{"timestamp":"2026-09-02T16:34:12.134031Z","level":"info","event":"================================================================================","logger":"task.stdout"}
{"timestamp":"2026-09-02T16:34:12.134693Z","level":"info","event":"{","logger":"task.stdout"}
{"timestamp":"2026-09-02T16:34:12.135485Z","level":"info","event":"  \"agency\": \"USDOJ-OJP-OVC\",","logger":"task.stdout"}
{"timestamp":"2026-09-02T16:34:12.136394Z","level":"info","event":"  \"agency_code\": \"USDOJ-OJP-OVC\",","logger":"task.stdout"}
{"timestamp":"2026-09-02T16:34:12.137056Z","level":"info","event":"  \"agency_name\": \"Office for Victims of Crime\",","logger":"task.stdout"}
{"timestamp":"2026-09-02T16:34:12.137677Z","level":"info","event":"  \"category\": \"discretionary\",","logger":"task.stdout"}
{"timestamp":"2026-09-02T16:34:12.138444Z","level":"info","event":"  \"category_explanation\": null,","logger":"task.stdout"}
{"timestamp":"2026-09-02T16:34:12.138906Z","level":"info","event":"  \"legacy_opportunity_id\": 363761,","logger":"task.stdout"}
{"timestamp":"2026-09-02T16:34:12.139570Z","level":"info","event":"  \"opportunity_assistance_listings\": [","logger":"task.stdout"}
{"timestamp":"2026-09-02T16:34:12.140384Z","level":"info","event":"    {","logger":"task.stdout"}
{"timestamp":"2026-09-02T16:34:12.141006Z","level":"info","event":"      \"assistance_listing_number\": \"16.582\",","logger":"task.stdout"}
{"timestamp":"2026-09-02T16:34:12.141749Z","level":"info","event":"      \"program_title\": \"Crime Victim Assistance/Discretionary Grants\"","logger":"task.stdout"}
{"timestamp":"2026-09-02T16:34:12.142448Z","level":"info","event":"    }","logger":"task.stdout"}
{"timestamp":"2026-09-02T16:34:12.143084Z","level":"info","event":"  ],","logger":"task.stdout"}
{"timestamp":"2026-09-02T16:34:12.143613Z","level":"info","event":"  \"opportunity_id\": \"73803610-4eca-4efe-b6d8-f16b16c892aa\",","logger":"task.stdout"}
{"timestamp":"2026-09-02T16:34:12.144268Z","level":"info","event":"  \"opportunity_number\": \"O-OVC-2026-172723\",","logger":"task.stdout"}
{"timestamp":"2026-09-02T16:34:12.145236Z","level":"info","event":"  \"opportunity_status\": \"posted\",","logger":"task.stdout"}
{"timestamp":"2026-09-02T16:34:12.145900Z","level":"info","event":"  \"opportunity_title\": \"OVC FY 2026 Victim Reunification Travel Program\",","logger":"task.stdout"}
{"timestamp":"2026-09-02T16:34:12.146598Z","level":"info","event":"  \"purpose_statement\": null,","logger":"task.stdout"}
{"timestamp":"2026-09-02T16:34:12.147282Z","level":"info","event":"  \"summary\": {","logger":"task.stdout"}
{"timestamp":"2026-09-02T16:34:12.147944Z","level":"info","event":"    \"additional_info_url\": \"https://ovc.ojp.gov/funding/current-funding-opportunities\",","logger":"task.stdout"}
{"timestamp":"2026-09-02T16:34:12.148571Z","level":"info","event":"    \"additional_info_url_description\": \"Funding Opportunity\",","logger":"task.stdout"}
{"timestamp":"2026-09-02T16:34:12.149248Z","level":"info","event":"    \"agency_contact_description\": \"For assistance with the requirements of this funding opportunity: OJP Response Center Phone: 800-851-3420 or 202-353-5556 (TTY for hearing-impaired callers only) Email: OJP.ResponseCenter@usdoj.gov. Hours of operation: 9:00 a.m. to 5:00 p.m. Eastern Time (ET) Monday\\u2013Friday.\\nojp.responsecenter@usdoj.gov\",","logger":"task.stdout"}
{"timestamp":"2026-09-02T16:34:12.149838Z","level":"info","event":"    \"agency_email_address\": \"ojp.responsecenter@usdoj.gov\",","logger":"task.stdout"}
{"timestamp":"2026-09-02T16:34:12.150414Z","level":"info","event":"    \"agency_email_address_description\": \"OJP Response Center\",","logger":"task.stdout"}
{"timestamp":"2026-09-02T16:34:12.151057Z","level":"info","event":"    \"applicant_eligibility_description\": \"This invited notice of funding opportunity is for the National Center for Missing and Exploited Children to implement the Victim Reunification Travel program. No other applicants may apply.\",","logger":"task.stdout"}
{"timestamp":"2026-09-02T16:34:12.151640Z","level":"info","event":"    \"applicant_types\": [","logger":"task.stdout"}
{"timestamp":"2026-09-02T16:34:12.152477Z","level":"info","event":"      \"other\"","logger":"task.stdout"}
{"timestamp":"2026-09-02T16:34:12.153039Z","level":"info","event":"    ],","logger":"task.stdout"}
{"timestamp":"2026-09-02T16:34:12.153712Z","level":"info","event":"    \"archive_date\": null,","logger":"task.stdout"}
{"timestamp":"2026-09-02T16:34:12.154368Z","level":"info","event":"    \"award_ceiling\": 300000,","logger":"task.stdout"}
{"timestamp":"2026-09-02T16:34:12.154953Z","level":"info","event":"    \"award_floor\": 0,","logger":"task.stdout"}
{"timestamp":"2026-09-02T16:34:12.155587Z","level":"info","event":"    \"close_date\": \"2026-09-02\",","logger":"task.stdout"}
{"timestamp":"2026-09-02T16:34:12.156180Z","level":"info","event":"    \"close_date_description\": null,","logger":"task.stdout"}
{"timestamp":"2026-09-02T16:34:12.156952Z","level":"info","event":"    \"created_at\": \"2026-09-01T15:17:02+00:00\",","logger":"task.stdout"}
{"timestamp":"2026-09-02T16:34:12.157814Z","level":"info","event":"    \"estimated_total_program_funding\": 300000,","logger":"task.stdout"}
{"timestamp":"2026-09-02T16:34:12.158544Z","level":"info","event":"    \"expected_number_of_awards\": 1,","logger":"task.stdout"}
{"timestamp":"2026-09-02T16:34:12.159214Z","level":"info","event":"    \"fiscal_year\": null,","logger":"task.stdout"}
{"timestamp":"2026-09-02T16:34:12.159914Z","level":"info","event":"    \"forecasted_award_date\": null,","logger":"task.stdout"}
{"timestamp":"2026-09-02T16:34:12.160564Z","level":"info","event":"    \"forecasted_close_date\": null,","logger":"task.stdout"}
{"timestamp":"2026-09-02T16:34:12.161082Z","level":"info","event":"    \"forecasted_close_date_description\": null,","logger":"task.stdout"}
{"timestamp":"2026-09-02T16:34:12.161768Z","level":"info","event":"    \"forecasted_post_date\": null,","logger":"task.stdout"}
{"timestamp":"2026-09-02T16:34:12.162427Z","level":"info","event":"    \"forecasted_project_start_date\": null,","logger":"task.stdout"}
{"timestamp":"2026-09-02T16:34:12.163006Z","level":"info","event":"    \"funding_categories\": [","logger":"task.stdout"}
{"timestamp":"2026-09-02T16:34:12.163481Z","level":"info","event":"      \"income_security_and_social_services\"","logger":"task.stdout"}
{"timestamp":"2026-09-02T16:34:12.164133Z","level":"info","event":"    ],","logger":"task.stdout"}
{"timestamp":"2026-09-02T16:34:12.164806Z","level":"info","event":"    \"funding_category_description\": null,","logger":"task.stdout"}
{"timestamp":"2026-09-02T16:34:12.165534Z","level":"info","event":"    \"funding_instruments\": [","logger":"task.stdout"}
{"timestamp":"2026-09-02T16:34:12.166036Z","level":"info","event":"      \"cooperative_agreement\"","logger":"task.stdout"}
{"timestamp":"2026-09-02T16:34:12.166738Z","level":"info","event":"    ],","logger":"task.stdout"}
{"timestamp":"2026-09-02T16:34:12.167407Z","level":"info","event":"    \"is_cost_sharing\": false,","logger":"task.stdout"}
{"timestamp":"2026-09-02T16:34:12.168254Z","level":"info","event":"    \"is_forecast\": false,","logger":"task.stdout"}
{"timestamp":"2026-09-02T16:34:12.169090Z","level":"info","event":"    \"post_date\": \"2026-09-01\",","logger":"task.stdout"}
{"timestamp":"2026-09-02T16:34:12.169769Z","level":"info","event":"    \"summary_description\": \"This is a notice of funding opportunity (NOFO) for the OVC FY 2026 Victim Reunification Travel Program. This opportunity provides funding to the National Center for Missing and Exploited Children (NCMEC) to support the Victim Reunification Travel (VRT) Program, which assists parents of children who have been kidnapped by a noncustodial parent and taken across international borders with traveling to participate in Hague Convention hearings and/or accompanying their children back to the United States. NCMEC will work from guidelines and procedures established by the Office for Victims of Crime (OVC) to request release of funds to support services to victims of international parental kidnapping or federal crime victims. \\nStatute 34 U.S.C. \\u00a7 11293(b) provides that the administrator of the Office of Juvenile Justice and Delinquency Prevention make an annual grant to NCMEC for various purposes related to assisting missing and exploited children and their families, including assisting parents and other custodians. Since 2004, OVC has provided funding for the VRT Program under 34 U.S.C. \\u00a7 20103(c)(1)(B), which authorizes OVC to assist victims of federal crimes.\",","logger":"task.stdout"}
{"timestamp":"2026-09-02T16:34:12.170390Z","level":"info","event":"    \"updated_at\": \"2026-09-01T15:17:02+00:00\",","logger":"task.stdout"}
{"timestamp":"2026-09-02T16:34:12.170992Z","level":"info","event":"    \"version_number\": 1","logger":"task.stdout"}
{"timestamp":"2026-09-02T16:34:12.171742Z","level":"info","event":"  },","logger":"task.stdout"}
{"timestamp":"2026-09-02T16:34:12.172495Z","level":"info","event":"  \"tagline\": null,","logger":"task.stdout"}
{"timestamp":"2026-09-02T16:34:12.173262Z","level":"info","event":"  \"top_level_agency_code\": \"USDOJ\",","logger":"task.stdout"}
{"timestamp":"2026-09-02T16:34:12.174020Z","level":"info","event":"  \"top_level_agency_name\": \"Department of Justice\"","logger":"task.stdout"}
{"timestamp":"2026-09-02T16:34:12.174615Z","level":"info","event":"}","logger":"task.stdout"}
{"timestamp":"2026-09-02T16:34:12.175123Z","level":"info","event":"","logger":"task.stdout"}
{"timestamp":"2026-09-02T16:34:12.175847Z","level":"info","event":"================================================================================","logger":"task.stdout"}
{"timestamp":"2026-09-02T16:34:12.176491Z","level":"info","event":"OPPORTUNITY 29 of 34","logger":"task.stdout"}
{"timestamp":"2026-09-02T16:34:12.177041Z","level":"info","event":"================================================================================","logger":"task.stdout"}
{"timestamp":"2026-09-02T16:34:12.177762Z","level":"info","event":"{","logger":"task.stdout"}
{"timestamp":"2026-09-02T16:34:12.178273Z","level":"info","event":"  \"agency\": \"IMLS\",","logger":"task.stdout"}
{"timestamp":"2026-09-02T16:34:12.178970Z","level":"info","event":"  \"agency_code\": \"IMLS\",","logger":"task.stdout"}
{"timestamp":"2026-09-02T16:34:12.179594Z","level":"info","event":"  \"agency_name\": \"Institute of Museum and Library Services\",","logger":"task.stdout"}
{"timestamp":"2026-09-02T16:34:12.180211Z","level":"info","event":"  \"category\": \"discretionary\",","logger":"task.stdout"}
{"timestamp":"2026-09-02T16:34:12.180990Z","level":"info","event":"  \"category_explanation\": null,","logger":"task.stdout"}
{"timestamp":"2026-09-02T16:34:12.181592Z","level":"info","event":"  \"legacy_opportunity_id\": 363776,","logger":"task.stdout"}
{"timestamp":"2026-09-02T16:34:12.182060Z","level":"info","event":"  \"opportunity_assistance_listings\": [","logger":"task.stdout"}
{"timestamp":"2026-09-02T16:34:12.182816Z","level":"info","event":"    {","logger":"task.stdout"}
{"timestamp":"2026-09-02T16:34:12.183600Z","level":"info","event":"      \"assistance_listing_number\": \"45.301\",","logger":"task.stdout"}
{"timestamp":"2026-09-02T16:34:12.184410Z","level":"info","event":"      \"program_title\": \"Museums for America\"","logger":"task.stdout"}
{"timestamp":"2026-09-02T16:34:12.185037Z","level":"info","event":"    }","logger":"task.stdout"}
{"timestamp":"2026-09-02T16:34:12.185649Z","level":"info","event":"  ],","logger":"task.stdout"}
{"timestamp":"2026-09-02T16:34:12.186273Z","level":"info","event":"  \"opportunity_id\": \"64c50d1a-b1f1-4b2a-8863-9da43336a47e\",","logger":"task.stdout"}
{"timestamp":"2026-09-02T16:34:12.186822Z","level":"info","event":"  \"opportunity_number\": \"ME-FY27\",","logger":"task.stdout"}
{"timestamp":"2026-09-02T16:34:12.187473Z","level":"info","event":"  \"opportunity_status\": \"posted\",","logger":"task.stdout"}
{"timestamp":"2026-09-02T16:34:12.187937Z","level":"info","event":"  \"opportunity_title\": \"Museums Empowered (2027)\",","logger":"task.stdout"}
{"timestamp":"2026-09-02T16:34:12.188669Z","level":"info","event":"  \"purpose_statement\": null,","logger":"task.stdout"}
{"timestamp":"2026-09-02T16:34:12.189332Z","level":"info","event":"  \"summary\": {","logger":"task.stdout"}
{"timestamp":"2026-09-02T16:34:12.189960Z","level":"info","event":"    \"additional_info_url\": \"https://www.imls.gov/find-funding/funding-opportunities/grant-programs/museums-empowered\",","logger":"task.stdout"}
{"timestamp":"2026-09-02T16:34:12.190862Z","level":"info","event":"    \"additional_info_url_description\": \"https://www.imls.gov/find-funding/funding-opportunities/grant-programs/museums-empowered\",","logger":"task.stdout"}
{"timestamp":"2026-09-02T16:34:12.191761Z","level":"info","event":"    \"agency_contact_description\": \"imls-museumgrants@imls.gov\\nimls-museumgrants@imls.gov\",","logger":"task.stdout"}
{"timestamp":"2026-09-02T16:34:12.192556Z","level":"info","event":"    \"agency_email_address\": \"imls-museumgrants@imls.gov\",","logger":"task.stdout"}
{"timestamp":"2026-09-02T16:34:12.193221Z","level":"info","event":"    \"agency_email_address_description\": \"imls-museumgrants@imls.gov\",","logger":"task.stdout"}
{"timestamp":"2026-09-02T16:34:12.193941Z","level":"info","event":"    \"applicant_eligibility_description\": \"See the Notice of Funding Opportunity for program eligibility criteria.\",","logger":"task.stdout"}
{"timestamp":"2026-09-02T16:34:12.194585Z","level":"info","event":"    \"applicant_types\": [","logger":"task.stdout"}
{"timestamp":"2026-09-02T16:34:12.195247Z","level":"info","event":"      \"other\"","logger":"task.stdout"}
{"timestamp":"2026-09-02T16:34:12.195877Z","level":"info","event":"    ],","logger":"task.stdout"}
{"timestamp":"2026-09-02T16:34:12.196593Z","level":"info","event":"    \"archive_date\": null,","logger":"task.stdout"}
{"timestamp":"2026-09-02T16:34:12.197167Z","level":"info","event":"    \"award_ceiling\": 350000,","logger":"task.stdout"}
{"timestamp":"2026-09-02T16:34:12.197764Z","level":"info","event":"    \"award_floor\": 5000,","logger":"task.stdout"}
{"timestamp":"2026-09-02T16:34:12.198282Z","level":"info","event":"    \"close_date\": \"2026-11-13\",","logger":"task.stdout"}
{"timestamp":"2026-09-02T16:34:12.198774Z","level":"info","event":"    \"close_date_description\": null,","logger":"task.stdout"}
{"timestamp":"2026-09-02T16:34:12.199564Z","level":"info","event":"    \"created_at\": \"2026-09-01T17:21:00+00:00\",","logger":"task.stdout"}
{"timestamp":"2026-09-02T16:34:12.200216Z","level":"info","event":"    \"estimated_total_program_funding\": 4299000,","logger":"task.stdout"}
{"timestamp":"2026-09-02T16:34:12.200790Z","level":"info","event":"    \"expected_number_of_awards\": 20,","logger":"task.stdout"}
{"timestamp":"2026-09-02T16:34:12.201424Z","level":"info","event":"    \"fiscal_year\": null,","logger":"task.stdout"}
{"timestamp":"2026-09-02T16:34:12.201904Z","level":"info","event":"    \"forecasted_award_date\": null,","logger":"task.stdout"}
{"timestamp":"2026-09-02T16:34:12.202620Z","level":"info","event":"    \"forecasted_close_date\": null,","logger":"task.stdout"}
{"timestamp":"2026-09-02T16:34:12.203172Z","level":"info","event":"    \"forecasted_close_date_description\": null,","logger":"task.stdout"}
{"timestamp":"2026-09-02T16:34:12.203649Z","level":"info","event":"    \"forecasted_post_date\": null,","logger":"task.stdout"}
{"timestamp":"2026-09-02T16:34:12.204370Z","level":"info","event":"    \"forecasted_project_start_date\": null,","logger":"task.stdout"}
{"timestamp":"2026-09-02T16:34:12.205117Z","level":"info","event":"    \"funding_categories\": [","logger":"task.stdout"}
{"timestamp":"2026-09-02T16:34:12.205817Z","level":"info","event":"      \"arts\",","logger":"task.stdout"}
{"timestamp":"2026-09-02T16:34:12.206524Z","level":"info","event":"      \"humanities\"","logger":"task.stdout"}
{"timestamp":"2026-09-02T16:34:12.207100Z","level":"info","event":"    ],","logger":"task.stdout"}
{"timestamp":"2026-09-02T16:34:12.207901Z","level":"info","event":"    \"funding_category_description\": null,","logger":"task.stdout"}
{"timestamp":"2026-09-02T16:34:12.208608Z","level":"info","event":"    \"funding_instruments\": [","logger":"task.stdout"}
{"timestamp":"2026-09-02T16:34:12.209165Z","level":"info","event":"      \"grant\"","logger":"task.stdout"}
{"timestamp":"2026-09-02T16:34:12.209683Z","level":"info","event":"    ],","logger":"task.stdout"}
{"timestamp":"2026-09-02T16:34:12.210206Z","level":"info","event":"    \"is_cost_sharing\": true,","logger":"task.stdout"}
{"timestamp":"2026-09-02T16:34:12.210897Z","level":"info","event":"    \"is_forecast\": false,","logger":"task.stdout"}
{"timestamp":"2026-09-02T16:34:12.211711Z","level":"info","event":"    \"post_date\": \"2026-09-01\",","logger":"task.stdout"}
{"timestamp":"2026-09-02T16:34:12.212294Z","level":"info","event":"    \"summary_description\": \"Museums Empowered: Professional Development Opportunities for Museum Staff is a special initiative of the Museums for America grant program, designed to support projects that use learning and training to generate change and growth within museums of all types and sizes.\",","logger":"task.stdout"}
{"timestamp":"2026-09-02T16:34:12.212919Z","level":"info","event":"    \"updated_at\": \"2026-09-01T17:21:00+00:00\",","logger":"task.stdout"}
{"timestamp":"2026-09-02T16:34:12.213522Z","level":"info","event":"    \"version_number\": 1","logger":"task.stdout"}
{"timestamp":"2026-09-02T16:34:12.214204Z","level":"info","event":"  },","logger":"task.stdout"}
{"timestamp":"2026-09-02T16:34:12.241179Z","level":"info","event":"  \"tagline\": null,","logger":"task.stdout"}
{"timestamp":"2026-09-02T16:34:12.242525Z","level":"info","event":"  \"top_level_agency_code\": \"IMLS\",","logger":"task.stdout"}
{"timestamp":"2026-09-02T16:34:12.243463Z","level":"info","event":"  \"top_level_agency_name\": \"Institute of Museum and Library Services\"","logger":"task.stdout"}
{"timestamp":"2026-09-02T16:34:12.244363Z","level":"info","event":"}","logger":"task.stdout"}
{"timestamp":"2026-09-02T16:34:12.245243Z","level":"info","event":"","logger":"task.stdout"}
{"timestamp":"2026-09-02T16:34:12.246414Z","level":"info","event":"================================================================================","logger":"task.stdout"}
{"timestamp":"2026-09-02T16:34:12.247374Z","level":"info","event":"OPPORTUNITY 30 of 34","logger":"task.stdout"}
{"timestamp":"2026-09-02T16:34:12.248033Z","level":"info","event":"================================================================================","logger":"task.stdout"}
{"timestamp":"2026-09-02T16:34:12.248899Z","level":"info","event":"{","logger":"task.stdout"}
{"timestamp":"2026-09-02T16:34:12.249830Z","level":"info","event":"  \"agency\": \"IMLS\",","logger":"task.stdout"}
{"timestamp":"2026-09-02T16:34:12.250791Z","level":"info","event":"  \"agency_code\": \"IMLS\",","logger":"task.stdout"}
{"timestamp":"2026-09-02T16:34:12.251687Z","level":"info","event":"  \"agency_name\": \"Institute of Museum and Library Services\",","logger":"task.stdout"}
{"timestamp":"2026-09-02T16:34:12.252514Z","level":"info","event":"  \"category\": \"discretionary\",","logger":"task.stdout"}
{"timestamp":"2026-09-02T16:34:12.253302Z","level":"info","event":"  \"category_explanation\": null,","logger":"task.stdout"}
{"timestamp":"2026-09-02T16:34:12.254099Z","level":"info","event":"  \"legacy_opportunity_id\": 363762,","logger":"task.stdout"}
{"timestamp":"2026-09-02T16:34:12.255089Z","level":"info","event":"  \"opportunity_assistance_listings\": [","logger":"task.stdout"}
{"timestamp":"2026-09-02T16:34:12.256011Z","level":"info","event":"    {","logger":"task.stdout"}
{"timestamp":"2026-09-02T16:34:12.257004Z","level":"info","event":"      \"assistance_listing_number\": \"45.311\",","logger":"task.stdout"}
{"timestamp":"2026-09-02T16:34:12.258131Z","level":"info","event":"      \"program_title\": \"Native American and Native Hawaiian Library Services\"","logger":"task.stdout"}
{"timestamp":"2026-09-02T16:34:12.258985Z","level":"info","event":"    }","logger":"task.stdout"}
{"timestamp":"2026-09-02T16:34:12.259842Z","level":"info","event":"  ],","logger":"task.stdout"}
{"timestamp":"2026-09-02T16:34:12.260774Z","level":"info","event":"  \"opportunity_id\": \"5f6cfcb5-dd1c-4c38-bf78-1a8160b6db37\",","logger":"task.stdout"}
{"timestamp":"2026-09-02T16:34:12.262217Z","level":"info","event":"  \"opportunity_number\": \"NAG-ENHANCEMENT-FY27\",","logger":"task.stdout"}
{"timestamp":"2026-09-02T16:34:12.263086Z","level":"info","event":"  \"opportunity_status\": \"posted\",","logger":"task.stdout"}
{"timestamp":"2026-09-02T16:34:12.264067Z","level":"info","event":"  \"opportunity_title\": \"Native American Library Services Enhancement Grants (2027)\",","logger":"task.stdout"}
{"timestamp":"2026-09-02T16:34:12.265145Z","level":"info","event":"  \"purpose_statement\": null,","logger":"task.stdout"}
{"timestamp":"2026-09-02T16:34:12.265993Z","level":"info","event":"  \"summary\": {","logger":"task.stdout"}
{"timestamp":"2026-09-02T16:34:12.266762Z","level":"info","event":"    \"additional_info_url\": \"https://www.imls.gov/find-funding/funding-opportunities/grant-programs/native-american-library-services-enhancement-grants\",","logger":"task.stdout"}
{"timestamp":"2026-09-02T16:34:12.267533Z","level":"info","event":"    \"additional_info_url_description\": \"https://www.imls.gov/find-funding/funding-opportunities/grant-programs/native-american-library-services-enhancement-grants\",","logger":"task.stdout"}
{"timestamp":"2026-09-02T16:34:12.268622Z","level":"info","event":"    \"agency_contact_description\": \"imls-librarygrants@imls.gov\\nimls-librarygrants@imls.gov\",","logger":"task.stdout"}
{"timestamp":"2026-09-02T16:34:12.269529Z","level":"info","event":"    \"agency_email_address\": \"imls-librarygrants@imls.gov\",","logger":"task.stdout"}
{"timestamp":"2026-09-02T16:34:12.270225Z","level":"info","event":"    \"agency_email_address_description\": \"imls-librarygrants@imls.gov\",","logger":"task.stdout"}
{"timestamp":"2026-09-02T16:34:12.271224Z","level":"info","event":"    \"applicant_eligibility_description\": \"See the Notice of Funding Opportunity for program eligibility criteria.\",","logger":"task.stdout"}
{"timestamp":"2026-09-02T16:34:12.272176Z","level":"info","event":"    \"applicant_types\": [","logger":"task.stdout"}
{"timestamp":"2026-09-02T16:34:12.273185Z","level":"info","event":"      \"federally_recognized_native_american_tribal_governments\"","logger":"task.stdout"}
{"timestamp":"2026-09-02T16:34:12.273993Z","level":"info","event":"    ],","logger":"task.stdout"}
{"timestamp":"2026-09-02T16:34:12.274666Z","level":"info","event":"    \"archive_date\": null,","logger":"task.stdout"}
{"timestamp":"2026-09-02T16:34:12.275441Z","level":"info","event":"    \"award_ceiling\": 150000,","logger":"task.stdout"}
{"timestamp":"2026-09-02T16:34:12.276222Z","level":"info","event":"    \"award_floor\": 50000,","logger":"task.stdout"}
{"timestamp":"2026-09-02T16:34:12.277049Z","level":"info","event":"    \"close_date\": \"2026-11-13\",","logger":"task.stdout"}
{"timestamp":"2026-09-02T16:34:12.277822Z","level":"info","event":"    \"close_date_description\": null,","logger":"task.stdout"}
{"timestamp":"2026-09-02T16:34:12.278719Z","level":"info","event":"    \"created_at\": \"2026-09-01T16:14:12+00:00\",","logger":"task.stdout"}
{"timestamp":"2026-09-02T16:34:12.279644Z","level":"info","event":"    \"estimated_total_program_funding\": 3500000,","logger":"task.stdout"}
{"timestamp":"2026-09-02T16:34:12.280584Z","level":"info","event":"    \"expected_number_of_awards\": 25,","logger":"task.stdout"}
{"timestamp":"2026-09-02T16:34:12.281251Z","level":"info","event":"    \"fiscal_year\": null,","logger":"task.stdout"}
{"timestamp":"2026-09-02T16:34:12.281880Z","level":"info","event":"    \"forecasted_award_date\": null,","logger":"task.stdout"}
{"timestamp":"2026-09-02T16:34:12.282561Z","level":"info","event":"    \"forecasted_close_date\": null,","logger":"task.stdout"}
{"timestamp":"2026-09-02T16:34:12.283515Z","level":"info","event":"    \"forecasted_close_date_description\": null,","logger":"task.stdout"}
{"timestamp":"2026-09-02T16:34:12.284238Z","level":"info","event":"    \"forecasted_post_date\": null,","logger":"task.stdout"}
{"timestamp":"2026-09-02T16:34:12.285033Z","level":"info","event":"    \"forecasted_project_start_date\": null,","logger":"task.stdout"}
{"timestamp":"2026-09-02T16:34:12.285787Z","level":"info","event":"    \"funding_categories\": [","logger":"task.stdout"}
{"timestamp":"2026-09-02T16:34:12.286582Z","level":"info","event":"      \"arts\",","logger":"task.stdout"}
{"timestamp":"2026-09-02T16:34:12.287217Z","level":"info","event":"      \"humanities\"","logger":"task.stdout"}
{"timestamp":"2026-09-02T16:34:12.287991Z","level":"info","event":"    ],","logger":"task.stdout"}
{"timestamp":"2026-09-02T16:34:12.288613Z","level":"info","event":"    \"funding_category_description\": null,","logger":"task.stdout"}
{"timestamp":"2026-09-02T16:34:12.289520Z","level":"info","event":"    \"funding_instruments\": [","logger":"task.stdout"}
{"timestamp":"2026-09-02T16:34:12.290064Z","level":"info","event":"      \"grant\"","logger":"task.stdout"}
{"timestamp":"2026-09-02T16:34:12.290815Z","level":"info","event":"    ],","logger":"task.stdout"}
{"timestamp":"2026-09-02T16:34:12.291438Z","level":"info","event":"    \"is_cost_sharing\": false,","logger":"task.stdout"}
{"timestamp":"2026-09-02T16:34:12.292040Z","level":"info","event":"    \"is_forecast\": false,","logger":"task.stdout"}
{"timestamp":"2026-09-02T16:34:12.292864Z","level":"info","event":"    \"post_date\": \"2026-09-01\",","logger":"task.stdout"}
{"timestamp":"2026-09-02T16:34:12.293693Z","level":"info","event":"    \"summary_description\": \"The Native American Library Services Enhancement Grants program (NAE) assists eligible Native Communities in sustaining and improving library services with their communities. As information needs change, Tribal libraries must be able to serve as knowledge and resource centers to benefit their users and the wellness of their communities. The program supports Native Communities across the country to address their individual information needs and priorities.\",","logger":"task.stdout"}
{"timestamp":"2026-09-02T16:34:12.294378Z","level":"info","event":"    \"updated_at\": \"2026-09-01T16:14:12+00:00\",","logger":"task.stdout"}
{"timestamp":"2026-09-02T16:34:12.295051Z","level":"info","event":"    \"version_number\": 1","logger":"task.stdout"}
{"timestamp":"2026-09-02T16:34:12.295622Z","level":"info","event":"  },","logger":"task.stdout"}
{"timestamp":"2026-09-02T16:34:12.296290Z","level":"info","event":"  \"tagline\": null,","logger":"task.stdout"}
{"timestamp":"2026-09-02T16:34:12.297094Z","level":"info","event":"  \"top_level_agency_code\": \"IMLS\",","logger":"task.stdout"}
{"timestamp":"2026-09-02T16:34:12.297749Z","level":"info","event":"  \"top_level_agency_name\": \"Institute of Museum and Library Services\"","logger":"task.stdout"}
{"timestamp":"2026-09-02T16:34:12.298410Z","level":"info","event":"}","logger":"task.stdout"}
{"timestamp":"2026-09-02T16:34:12.298994Z","level":"info","event":"","logger":"task.stdout"}
{"timestamp":"2026-09-02T16:34:12.299718Z","level":"info","event":"================================================================================","logger":"task.stdout"}
{"timestamp":"2026-09-02T16:34:12.300380Z","level":"info","event":"OPPORTUNITY 31 of 34","logger":"task.stdout"}
{"timestamp":"2026-09-02T16:34:12.301070Z","level":"info","event":"================================================================================","logger":"task.stdout"}
{"timestamp":"2026-09-02T16:34:12.301746Z","level":"info","event":"{","logger":"task.stdout"}
{"timestamp":"2026-09-02T16:34:12.302495Z","level":"info","event":"  \"agency\": \"IMLS\",","logger":"task.stdout"}
{"timestamp":"2026-09-02T16:34:12.303111Z","level":"info","event":"  \"agency_code\": \"IMLS\",","logger":"task.stdout"}
{"timestamp":"2026-09-02T16:34:12.303712Z","level":"info","event":"  \"agency_name\": \"Institute of Museum and Library Services\",","logger":"task.stdout"}
{"timestamp":"2026-09-02T16:34:12.304394Z","level":"info","event":"  \"category\": \"discretionary\",","logger":"task.stdout"}
{"timestamp":"2026-09-02T16:34:12.305018Z","level":"info","event":"  \"category_explanation\": null,","logger":"task.stdout"}
{"timestamp":"2026-09-02T16:34:12.305798Z","level":"info","event":"  \"legacy_opportunity_id\": 363763,","logger":"task.stdout"}
{"timestamp":"2026-09-02T16:34:12.306467Z","level":"info","event":"  \"opportunity_assistance_listings\": [","logger":"task.stdout"}
{"timestamp":"2026-09-02T16:34:12.307122Z","level":"info","event":"    {","logger":"task.stdout"}
{"timestamp":"2026-09-02T16:34:12.308018Z","level":"info","event":"      \"assistance_listing_number\": \"45.311\",","logger":"task.stdout"}
{"timestamp":"2026-09-02T16:34:12.308907Z","level":"info","event":"      \"program_title\": \"Native American and Native Hawaiian Library Services\"","logger":"task.stdout"}
{"timestamp":"2026-09-02T16:34:12.309626Z","level":"info","event":"    }","logger":"task.stdout"}
{"timestamp":"2026-09-02T16:34:12.310203Z","level":"info","event":"  ],","logger":"task.stdout"}
{"timestamp":"2026-09-02T16:34:12.311022Z","level":"info","event":"  \"opportunity_id\": \"35cad05a-b088-46b5-b9d0-a998cbf9a6b1\",","logger":"task.stdout"}
{"timestamp":"2026-09-02T16:34:12.311716Z","level":"info","event":"  \"opportunity_number\": \"NAG-HAWAIIAN-FY27\",","logger":"task.stdout"}
{"timestamp":"2026-09-02T16:34:12.312547Z","level":"info","event":"  \"opportunity_status\": \"posted\",","logger":"task.stdout"}
{"timestamp":"2026-09-02T16:34:12.313345Z","level":"info","event":"  \"opportunity_title\": \"Native Hawaiian Library Services Grants (2027)\",","logger":"task.stdout"}
{"timestamp":"2026-09-02T16:34:12.314111Z","level":"info","event":"  \"purpose_statement\": null,","logger":"task.stdout"}
{"timestamp":"2026-09-02T16:34:12.314780Z","level":"info","event":"  \"summary\": {","logger":"task.stdout"}
{"timestamp":"2026-09-02T16:34:12.315657Z","level":"info","event":"    \"additional_info_url\": \"https://www.imls.gov/find-funding/funding-opportunities/grant-programs/native-hawaiian-library-services\",","logger":"task.stdout"}
{"timestamp":"2026-09-02T16:34:12.316442Z","level":"info","event":"    \"additional_info_url_description\": \"https://www.imls.gov/find-funding/funding-opportunities/grant-programs/native-hawaiian-library-services\",","logger":"task.stdout"}
{"timestamp":"2026-09-02T16:34:12.317065Z","level":"info","event":"    \"agency_contact_description\": \"imls-librarygrants@imls.gov\\nimls-librarygrants@imls.gov\",","logger":"task.stdout"}
{"timestamp":"2026-09-02T16:34:12.317586Z","level":"info","event":"    \"agency_email_address\": \"imls-librarygrants@imls.gov\",","logger":"task.stdout"}
{"timestamp":"2026-09-02T16:34:12.318367Z","level":"info","event":"    \"agency_email_address_description\": \"imls-librarygrants@imls.gov\",","logger":"task.stdout"}
{"timestamp":"2026-09-02T16:34:12.319070Z","level":"info","event":"    \"applicant_eligibility_description\": \"See the Notice of Funding Opportunity for program eligibility criteria.\",","logger":"task.stdout"}
{"timestamp":"2026-09-02T16:34:12.319685Z","level":"info","event":"    \"applicant_types\": [","logger":"task.stdout"}
{"timestamp":"2026-09-02T16:34:12.320390Z","level":"info","event":"      \"other\"","logger":"task.stdout"}
{"timestamp":"2026-09-02T16:34:12.321071Z","level":"info","event":"    ],","logger":"task.stdout"}
{"timestamp":"2026-09-02T16:34:12.321860Z","level":"info","event":"    \"archive_date\": null,","logger":"task.stdout"}
{"timestamp":"2026-09-02T16:34:12.322364Z","level":"info","event":"    \"award_ceiling\": 150000,","logger":"task.stdout"}
{"timestamp":"2026-09-02T16:34:12.323010Z","level":"info","event":"    \"award_floor\": 50000,","logger":"task.stdout"}
{"timestamp":"2026-09-02T16:34:12.323914Z","level":"info","event":"    \"close_date\": \"2026-11-13\",","logger":"task.stdout"}
{"timestamp":"2026-09-02T16:34:12.324758Z","level":"info","event":"    \"close_date_description\": null,","logger":"task.stdout"}
{"timestamp":"2026-09-02T16:34:12.325849Z","level":"info","event":"    \"created_at\": \"2026-09-01T16:19:25+00:00\",","logger":"task.stdout"}
{"timestamp":"2026-09-02T16:34:12.326719Z","level":"info","event":"    \"estimated_total_program_funding\": 750000,","logger":"task.stdout"}
{"timestamp":"2026-09-02T16:34:12.327459Z","level":"info","event":"    \"expected_number_of_awards\": 5,","logger":"task.stdout"}
{"timestamp":"2026-09-02T16:34:12.328586Z","level":"info","event":"    \"fiscal_year\": null,","logger":"task.stdout"}
{"timestamp":"2026-09-02T16:34:12.329362Z","level":"info","event":"    \"forecasted_award_date\": null,","logger":"task.stdout"}
{"timestamp":"2026-09-02T16:34:12.330180Z","level":"info","event":"    \"forecasted_close_date\": null,","logger":"task.stdout"}
{"timestamp":"2026-09-02T16:34:12.330791Z","level":"info","event":"    \"forecasted_close_date_description\": null,","logger":"task.stdout"}
{"timestamp":"2026-09-02T16:34:12.331611Z","level":"info","event":"    \"forecasted_post_date\": null,","logger":"task.stdout"}
{"timestamp":"2026-09-02T16:34:12.332144Z","level":"info","event":"    \"forecasted_project_start_date\": null,","logger":"task.stdout"}
{"timestamp":"2026-09-02T16:34:12.332770Z","level":"info","event":"    \"funding_categories\": [","logger":"task.stdout"}
{"timestamp":"2026-09-02T16:34:12.333470Z","level":"info","event":"      \"arts\",","logger":"task.stdout"}
{"timestamp":"2026-09-02T16:34:12.334214Z","level":"info","event":"      \"humanities\"","logger":"task.stdout"}
{"timestamp":"2026-09-02T16:34:12.334907Z","level":"info","event":"    ],","logger":"task.stdout"}
{"timestamp":"2026-09-02T16:34:12.335777Z","level":"info","event":"    \"funding_category_description\": null,","logger":"task.stdout"}
{"timestamp":"2026-09-02T16:34:12.336606Z","level":"info","event":"    \"funding_instruments\": [","logger":"task.stdout"}
{"timestamp":"2026-09-02T16:34:12.337395Z","level":"info","event":"      \"grant\"","logger":"task.stdout"}
{"timestamp":"2026-09-02T16:34:12.338114Z","level":"info","event":"    ],","logger":"task.stdout"}
{"timestamp":"2026-09-02T16:34:12.338869Z","level":"info","event":"    \"is_cost_sharing\": false,","logger":"task.stdout"}
{"timestamp":"2026-09-02T16:34:12.339656Z","level":"info","event":"    \"is_forecast\": false,","logger":"task.stdout"}
{"timestamp":"2026-09-02T16:34:12.340699Z","level":"info","event":"    \"post_date\": \"2026-09-01\",","logger":"task.stdout"}
{"timestamp":"2026-09-02T16:34:12.341501Z","level":"info","event":"    \"summary_description\": \"The Native Hawaiian Library Services (NH) program is designed to assist Native Hawaiian serving organizations in sustaining and improving library services with their communities. As information needs change, Native Hawaiian organizations must be able to serve as knowledge and resource centers to benefit their users and the wellness of their communities. The program supports organizations across the islands and country to address their individual information needs and priorities.\",","logger":"task.stdout"}
{"timestamp":"2026-09-02T16:34:12.342190Z","level":"info","event":"    \"updated_at\": \"2026-09-01T16:19:25+00:00\",","logger":"task.stdout"}
{"timestamp":"2026-09-02T16:34:12.342920Z","level":"info","event":"    \"version_number\": 1","logger":"task.stdout"}
{"timestamp":"2026-09-02T16:34:12.343653Z","level":"info","event":"  },","logger":"task.stdout"}
{"timestamp":"2026-09-02T16:34:12.344354Z","level":"info","event":"  \"tagline\": null,","logger":"task.stdout"}
{"timestamp":"2026-09-02T16:34:12.345283Z","level":"info","event":"  \"top_level_agency_code\": \"IMLS\",","logger":"task.stdout"}
{"timestamp":"2026-09-02T16:34:12.346044Z","level":"info","event":"  \"top_level_agency_name\": \"Institute of Museum and Library Services\"","logger":"task.stdout"}
{"timestamp":"2026-09-02T16:34:12.346610Z","level":"info","event":"}","logger":"task.stdout"}
{"timestamp":"2026-09-02T16:34:12.347308Z","level":"info","event":"","logger":"task.stdout"}
{"timestamp":"2026-09-02T16:34:12.347996Z","level":"info","event":"================================================================================","logger":"task.stdout"}
{"timestamp":"2026-09-02T16:34:12.348627Z","level":"info","event":"OPPORTUNITY 32 of 34","logger":"task.stdout"}
{"timestamp":"2026-09-02T16:34:12.349292Z","level":"info","event":"================================================================================","logger":"task.stdout"}
{"timestamp":"2026-09-02T16:34:12.349946Z","level":"info","event":"{","logger":"task.stdout"}
{"timestamp":"2026-09-02T16:34:12.350573Z","level":"info","event":"  \"agency\": \"IMLS\",","logger":"task.stdout"}
{"timestamp":"2026-09-02T16:34:12.351368Z","level":"info","event":"  \"agency_code\": \"IMLS\",","logger":"task.stdout"}
{"timestamp":"2026-09-02T16:34:12.352054Z","level":"info","event":"  \"agency_name\": \"Institute of Museum and Library Services\",","logger":"task.stdout"}
{"timestamp":"2026-09-02T16:34:12.352831Z","level":"info","event":"  \"category\": \"discretionary\",","logger":"task.stdout"}
{"timestamp":"2026-09-02T16:34:12.353609Z","level":"info","event":"  \"category_explanation\": null,","logger":"task.stdout"}
{"timestamp":"2026-09-02T16:34:12.354237Z","level":"info","event":"  \"legacy_opportunity_id\": 363773,","logger":"task.stdout"}
{"timestamp":"2026-09-02T16:34:12.355126Z","level":"info","event":"  \"opportunity_assistance_listings\": [","logger":"task.stdout"}
{"timestamp":"2026-09-02T16:34:12.355875Z","level":"info","event":"    {","logger":"task.stdout"}
{"timestamp":"2026-09-02T16:34:12.356709Z","level":"info","event":"      \"assistance_listing_number\": \"45.312\",","logger":"task.stdout"}
{"timestamp":"2026-09-02T16:34:12.357592Z","level":"info","event":"      \"program_title\": \"National Leadership Grants\"","logger":"task.stdout"}
{"timestamp":"2026-09-02T16:34:12.358342Z","level":"info","event":"    }","logger":"task.stdout"}
{"timestamp":"2026-09-02T16:34:12.359002Z","level":"info","event":"  ],","logger":"task.stdout"}
{"timestamp":"2026-09-02T16:34:12.359482Z","level":"info","event":"  \"opportunity_id\": \"a4dc5da0-c126-4693-bc83-8ccc9cc70615\",","logger":"task.stdout"}
{"timestamp":"2026-09-02T16:34:12.360062Z","level":"info","event":"  \"opportunity_number\": \"NLG-M-FY27\",","logger":"task.stdout"}
{"timestamp":"2026-09-02T16:34:12.360736Z","level":"info","event":"  \"opportunity_status\": \"posted\",","logger":"task.stdout"}
{"timestamp":"2026-09-02T16:34:12.361635Z","level":"info","event":"  \"opportunity_title\": \"National Leadership Grants for Museums (2027)\",","logger":"task.stdout"}
{"timestamp":"2026-09-02T16:34:12.362642Z","level":"info","event":"  \"purpose_statement\": null,","logger":"task.stdout"}
{"timestamp":"2026-09-02T16:34:12.363412Z","level":"info","event":"  \"summary\": {","logger":"task.stdout"}
{"timestamp":"2026-09-02T16:34:12.364150Z","level":"info","event":"    \"additional_info_url\": \"https://www.imls.gov/find-funding/funding-opportunities/grant-programs/national-leadership-grants-for-museums\",","logger":"task.stdout"}
{"timestamp":"2026-09-02T16:34:12.365078Z","level":"info","event":"    \"additional_info_url_description\": \"https://www.imls.gov/find-funding/funding-opportunities/grant-programs/national-leadership-grants-for-museums\",","logger":"task.stdout"}
{"timestamp":"2026-09-02T16:34:12.365790Z","level":"info","event":"    \"agency_contact_description\": \"imls-museumgrants@imls.gov\\nimls-museumgrants@imls.gov\",","logger":"task.stdout"}
{"timestamp":"2026-09-02T16:34:12.366370Z","level":"info","event":"    \"agency_email_address\": \"imls-museumgrants@imls.gov\",","logger":"task.stdout"}
{"timestamp":"2026-09-02T16:34:12.367021Z","level":"info","event":"    \"agency_email_address_description\": \"imls-museumgrants@imls.gov\",","logger":"task.stdout"}
{"timestamp":"2026-09-02T16:34:12.367511Z","level":"info","event":"    \"applicant_eligibility_description\": \"See the Notice of Funding Opportunity for program eligibility criteria.\",","logger":"task.stdout"}
{"timestamp":"2026-09-02T16:34:12.368238Z","level":"info","event":"    \"applicant_types\": [","logger":"task.stdout"}
{"timestamp":"2026-09-02T16:34:12.369032Z","level":"info","event":"      \"other\"","logger":"task.stdout"}
{"timestamp":"2026-09-02T16:34:12.369664Z","level":"info","event":"    ],","logger":"task.stdout"}
{"timestamp":"2026-09-02T16:34:12.370336Z","level":"info","event":"    \"archive_date\": null,","logger":"task.stdout"}
{"timestamp":"2026-09-02T16:34:12.371000Z","level":"info","event":"    \"award_ceiling\": 750000,","logger":"task.stdout"}
{"timestamp":"2026-09-02T16:34:12.371807Z","level":"info","event":"    \"award_floor\": 50000,","logger":"task.stdout"}
{"timestamp":"2026-09-02T16:34:12.372486Z","level":"info","event":"    \"close_date\": \"2026-11-13\",","logger":"task.stdout"}
{"timestamp":"2026-09-02T16:34:12.373312Z","level":"info","event":"    \"close_date_description\": null,","logger":"task.stdout"}
{"timestamp":"2026-09-02T16:34:12.374062Z","level":"info","event":"    \"created_at\": \"2026-09-01T17:15:19+00:00\",","logger":"task.stdout"}
{"timestamp":"2026-09-02T16:34:12.374851Z","level":"info","event":"    \"estimated_total_program_funding\": 8000000,","logger":"task.stdout"}
{"timestamp":"2026-09-02T16:34:12.375674Z","level":"info","event":"    \"expected_number_of_awards\": 17,","logger":"task.stdout"}
{"timestamp":"2026-09-02T16:34:12.376478Z","level":"info","event":"    \"fiscal_year\": null,","logger":"task.stdout"}
{"timestamp":"2026-09-02T16:34:12.377278Z","level":"info","event":"    \"forecasted_award_date\": null,","logger":"task.stdout"}
{"timestamp":"2026-09-02T16:34:12.377964Z","level":"info","event":"    \"forecasted_close_date\": null,","logger":"task.stdout"}
{"timestamp":"2026-09-02T16:34:12.378525Z","level":"info","event":"    \"forecasted_close_date_description\": null,","logger":"task.stdout"}
{"timestamp":"2026-09-02T16:34:12.379201Z","level":"info","event":"    \"forecasted_post_date\": null,","logger":"task.stdout"}
{"timestamp":"2026-09-02T16:34:12.379842Z","level":"info","event":"    \"forecasted_project_start_date\": null,","logger":"task.stdout"}
{"timestamp":"2026-09-02T16:34:12.380613Z","level":"info","event":"    \"funding_categories\": [","logger":"task.stdout"}
{"timestamp":"2026-09-02T16:34:12.381276Z","level":"info","event":"      \"arts\",","logger":"task.stdout"}
{"timestamp":"2026-09-02T16:34:12.381900Z","level":"info","event":"      \"humanities\"","logger":"task.stdout"}
{"timestamp":"2026-09-02T16:34:12.382518Z","level":"info","event":"    ],","logger":"task.stdout"}
{"timestamp":"2026-09-02T16:34:12.383077Z","level":"info","event":"    \"funding_category_description\": null,","logger":"task.stdout"}
{"timestamp":"2026-09-02T16:34:12.241711Z","level":"info","event":"::endgroup::","task_id":"ingest_cdc","run_id":"manual__2026-09-02T16:34:08.080970+00:00","dag_id":"orchestrate","try_number":1,"ti_id":"01a062f8-8088-7ced-9590-3d1caa16f966","map_index":-1,"logger":"task","filename":"task_runner.py","lineno":2379}
{"timestamp":"2026-09-02T16:34:12.384704Z","level":"info","event":"    \"funding_instruments\": [","logger":"task.stdout"}
{"timestamp":"2026-09-02T16:34:12.385451Z","level":"info","event":"      \"grant\"","logger":"task.stdout"}
{"timestamp":"2026-09-02T16:34:12.386091Z","level":"info","event":"    ],","logger":"task.stdout"}
{"timestamp":"2026-09-02T16:34:12.386618Z","level":"info","event":"    \"is_cost_sharing\": true,","logger":"task.stdout"}
{"timestamp":"2026-09-02T16:34:12.387422Z","level":"info","event":"    \"is_forecast\": false,","logger":"task.stdout"}
{"timestamp":"2026-09-02T16:34:12.388049Z","level":"info","event":"    \"post_date\": \"2026-09-01\",","logger":"task.stdout"}
{"timestamp":"2026-09-02T16:34:12.388863Z","level":"info","event":"    \"summary_description\": \"The National Leadership Grants for Museums program (NLG-M) invests in projects that address critical needs of the museum field. NLG-M projects have the potential to advance practice in the profession to strengthen museum services for the public through the development and replication of model practices, tools, research findings, and collaborations, including through the creative and effective use of new and emerging technologies.\",","logger":"task.stdout"}
{"timestamp":"2026-09-02T16:34:12.389536Z","level":"info","event":"    \"updated_at\": \"2026-09-01T19:09:17+00:00\",","logger":"task.stdout"}
{"timestamp":"2026-09-02T16:34:12.390176Z","level":"info","event":"    \"version_number\": 2","logger":"task.stdout"}
{"timestamp":"2026-09-02T16:34:12.390956Z","level":"info","event":"  },","logger":"task.stdout"}
{"timestamp":"2026-09-02T16:34:12.391706Z","level":"info","event":"  \"tagline\": null,","logger":"task.stdout"}
{"timestamp":"2026-09-02T16:34:12.392557Z","level":"info","event":"  \"top_level_agency_code\": \"IMLS\",","logger":"task.stdout"}
{"timestamp":"2026-09-02T16:34:12.393304Z","level":"info","event":"  \"top_level_agency_name\": \"Institute of Museum and Library Services\"","logger":"task.stdout"}
{"timestamp":"2026-09-02T16:34:12.393943Z","level":"info","event":"}","logger":"task.stdout"}
{"timestamp":"2026-09-02T16:34:12.394718Z","level":"info","event":"","logger":"task.stdout"}
{"timestamp":"2026-09-02T16:34:12.395457Z","level":"info","event":"================================================================================","logger":"task.stdout"}
{"timestamp":"2026-09-02T16:34:12.396412Z","level":"info","event":"OPPORTUNITY 33 of 34","logger":"task.stdout"}
{"timestamp":"2026-09-02T16:34:12.397106Z","level":"info","event":"================================================================================","logger":"task.stdout"}
{"timestamp":"2026-09-02T16:34:12.397760Z","level":"info","event":"{","logger":"task.stdout"}
{"timestamp":"2026-09-02T16:34:12.398619Z","level":"info","event":"  \"agency\": \"HHS-NIH11\",","logger":"task.stdout"}
{"timestamp":"2026-09-02T16:34:12.399269Z","level":"info","event":"  \"agency_code\": \"HHS-NIH11\",","logger":"task.stdout"}
{"timestamp":"2026-09-02T16:34:12.399983Z","level":"info","event":"  \"agency_name\": \"National Institutes of Health\",","logger":"task.stdout"}
{"timestamp":"2026-09-02T16:34:12.400683Z","level":"info","event":"  \"category\": \"discretionary\",","logger":"task.stdout"}
{"timestamp":"2026-09-02T16:34:12.401380Z","level":"info","event":"  \"category_explanation\": null,","logger":"task.stdout"}
{"timestamp":"2026-09-02T16:34:12.402198Z","level":"info","event":"  \"legacy_opportunity_id\": 359940,","logger":"task.stdout"}
{"timestamp":"2026-09-02T16:34:12.402856Z","level":"info","event":"  \"opportunity_assistance_listings\": [","logger":"task.stdout"}
{"timestamp":"2026-09-02T16:34:12.403577Z","level":"info","event":"    {","logger":"task.stdout"}
{"timestamp":"2026-09-02T16:34:12.404135Z","level":"info","event":"      \"assistance_listing_number\": \"93.866\",","logger":"task.stdout"}
{"timestamp":"2026-09-02T16:34:12.404979Z","level":"info","event":"      \"program_title\": \"Aging Research\"","logger":"task.stdout"}
{"timestamp":"2026-09-02T16:34:12.405605Z","level":"info","event":"    },","logger":"task.stdout"}
{"timestamp":"2026-09-02T16:34:12.406323Z","level":"info","event":"    {","logger":"task.stdout"}
{"timestamp":"2026-09-02T16:34:12.407061Z","level":"info","event":"      \"assistance_listing_number\": \"93.307\",","logger":"task.stdout"}
{"timestamp":"2026-09-02T16:34:12.407753Z","level":"info","event":"      \"program_title\": \"Minority Health and Health Disparities Research\"","logger":"task.stdout"}
{"timestamp":"2026-09-02T16:34:12.408540Z","level":"info","event":"    },","logger":"task.stdout"}
{"timestamp":"2026-09-02T16:34:12.409200Z","level":"info","event":"    {","logger":"task.stdout"}
{"timestamp":"2026-09-02T16:34:12.409823Z","level":"info","event":"      \"assistance_listing_number\": \"93.361\",","logger":"task.stdout"}
{"timestamp":"2026-09-02T16:34:12.410630Z","level":"info","event":"      \"program_title\": \"Nursing Research\"","logger":"task.stdout"}
{"timestamp":"2026-09-02T16:34:12.411357Z","level":"info","event":"    },","logger":"task.stdout"}
{"timestamp":"2026-09-02T16:34:12.412041Z","level":"info","event":"    {","logger":"task.stdout"}
{"timestamp":"2026-09-02T16:34:12.412741Z","level":"info","event":"      \"assistance_listing_number\": \"93.121\",","logger":"task.stdout"}
{"timestamp":"2026-09-02T16:34:12.413420Z","level":"info","event":"      \"program_title\": \"Oral Diseases and Disorders Research\"","logger":"task.stdout"}
{"timestamp":"2026-09-02T16:34:12.414029Z","level":"info","event":"    }","logger":"task.stdout"}
{"timestamp":"2026-09-02T16:34:12.414778Z","level":"info","event":"  ],","logger":"task.stdout"}
{"timestamp":"2026-09-02T16:34:12.415572Z","level":"info","event":"  \"opportunity_id\": \"b9d7723c-cdcb-484c-b8b5-5f0b3ff1ee41\",","logger":"task.stdout"}
{"timestamp":"2026-09-02T16:34:12.416271Z","level":"info","event":"  \"opportunity_number\": \"PAR-27-096\",","logger":"task.stdout"}
{"timestamp":"2026-09-02T16:34:12.416971Z","level":"info","event":"  \"opportunity_status\": \"posted\",","logger":"task.stdout"}
{"timestamp":"2026-09-02T16:34:12.417681Z","level":"info","event":"  \"opportunity_title\": \"Grants for Early Medical/Surgical Specialists' Transition to Aging Research (GEMSSTAR) (R03 Clinical Trial Optional)\",","logger":"task.stdout"}
{"timestamp":"2026-09-02T16:34:12.418413Z","level":"info","event":"  \"purpose_statement\": null,","logger":"task.stdout"}
{"timestamp":"2026-09-02T16:34:12.419230Z","level":"info","event":"  \"summary\": {","logger":"task.stdout"}
{"timestamp":"2026-09-02T16:34:12.419924Z","level":"info","event":"    \"additional_info_url\": null,","logger":"task.stdout"}
{"timestamp":"2026-09-02T16:34:12.420662Z","level":"info","event":"    \"additional_info_url_description\": null,","logger":"task.stdout"}
{"timestamp":"2026-09-02T16:34:12.421355Z","level":"info","event":"    \"agency_contact_description\": \"National Institute on Aging (NIA)\\nNIATraining@mail.nih.gov\",","logger":"task.stdout"}
{"timestamp":"2026-09-02T16:34:12.422092Z","level":"info","event":"    \"agency_email_address\": \"NIATraining@mail.nih.gov\",","logger":"task.stdout"}
{"timestamp":"2026-09-02T16:34:12.422758Z","level":"info","event":"    \"agency_email_address_description\": \"NIATraining@mail.nih.gov\",","logger":"task.stdout"}
{"timestamp":"2026-09-02T16:34:12.423481Z","level":"info","event":"    \"applicant_eligibility_description\": \"Refer to Section III. Eligibility Information in the NOFO for additional information on eligibility.Foreign Organizations/International CollaborationsNon-domestic (non-U.S.) Entities (Foreign Organizations) are not eligible to apply.Non-domestic (non-U.S.) components of U.S. Organizations are not eligible to apply.Foreign components, as defined in the NIH Grants Policy Statement, are allowed.NIH will no longer issue awards (i.e., new, renewal, or non-competing continuation) to domestic or foreign entities that involve foreign subawards/subcontracts. All NIH-funded research involving foreign subawards/subcontracts must be submitted in response to a NOFO that is specifically designated for funded international collaborations. See NIH Grants Policy Statement 16.8 Collaborative International Research Awards.Applications involving foreign subawards/subcontracts submitted in response to this NOFO will be deemed noncompliant and will not be considered for funding. This policy applies to all monetary international collaborations resulting in foreign subawards/subcontracts, however, it does not preclude unfunded international collaborations or foreign components, funding for foreign consultants, or procurement of unique equipment or supplies from foreign vendors.\",","logger":"task.stdout"}
{"timestamp":"2026-09-02T16:34:12.424373Z","level":"info","event":"    \"applicant_types\": [","logger":"task.stdout"}
{"timestamp":"2026-09-02T16:34:12.425010Z","level":"info","event":"      \"special_district_governments\",","logger":"task.stdout"}
{"timestamp":"2026-09-02T16:34:12.425649Z","level":"info","event":"      \"independent_school_districts\",","logger":"task.stdout"}
{"timestamp":"2026-09-02T16:34:12.426222Z","level":"info","event":"      \"city_or_township_governments\",","logger":"task.stdout"}
{"timestamp":"2026-09-02T16:34:12.426871Z","level":"info","event":"      \"small_businesses\",","logger":"task.stdout"}
{"timestamp":"2026-09-02T16:34:12.427605Z","level":"info","event":"      \"public_and_indian_housing_authorities\",","logger":"task.stdout"}
{"timestamp":"2026-09-02T16:34:12.428531Z","level":"info","event":"      \"other\",","logger":"task.stdout"}
{"timestamp":"2026-09-02T16:34:12.429220Z","level":"info","event":"      \"county_governments\",","logger":"task.stdout"}
{"timestamp":"2026-09-02T16:34:12.429893Z","level":"info","event":"      \"private_institutions_of_higher_education\",","logger":"task.stdout"}
{"timestamp":"2026-09-02T16:34:12.430614Z","level":"info","event":"      \"for_profit_organizations_other_than_small_businesses\",","logger":"task.stdout"}
{"timestamp":"2026-09-02T16:34:12.431221Z","level":"info","event":"      \"other_native_american_tribal_organizations\",","logger":"task.stdout"}
{"timestamp":"2026-09-02T16:34:12.431996Z","level":"info","event":"      \"nonprofits_non_higher_education_without_501c3\",","logger":"task.stdout"}
{"timestamp":"2026-09-02T16:34:12.432830Z","level":"info","event":"      \"public_and_state_institutions_of_higher_education\",","logger":"task.stdout"}
{"timestamp":"2026-09-02T16:34:12.433679Z","level":"info","event":"      \"nonprofits_non_higher_education_with_501c3\",","logger":"task.stdout"}
{"timestamp":"2026-09-02T16:34:12.434316Z","level":"info","event":"      \"state_governments\",","logger":"task.stdout"}
{"timestamp":"2026-09-02T16:34:12.434993Z","level":"info","event":"      \"federally_recognized_native_american_tribal_governments\"","logger":"task.stdout"}
{"timestamp":"2026-09-02T16:34:12.436236Z","level":"info","event":"    ],","logger":"task.stdout"}
{"timestamp":"2026-09-02T16:34:12.437040Z","level":"info","event":"    \"archive_date\": \"2028-09-14\",","logger":"task.stdout"}
{"timestamp":"2026-09-02T16:34:12.437840Z","level":"info","event":"    \"award_ceiling\": 125000,","logger":"task.stdout"}
{"timestamp":"2026-09-02T16:34:12.438606Z","level":"info","event":"    \"award_floor\": null,","logger":"task.stdout"}
{"timestamp":"2026-09-02T16:34:12.439366Z","level":"info","event":"    \"close_date\": \"2028-07-16\",","logger":"task.stdout"}
{"timestamp":"2026-09-02T16:34:12.440040Z","level":"info","event":"    \"close_date_description\": null,","logger":"task.stdout"}
{"timestamp":"2026-09-02T16:34:12.440734Z","level":"info","event":"    \"created_at\": \"2026-09-01T19:00:37+00:00\",","logger":"task.stdout"}
{"timestamp":"2026-09-02T16:34:12.441424Z","level":"info","event":"    \"estimated_total_program_funding\": null,","logger":"task.stdout"}
{"timestamp":"2026-09-02T16:34:12.442117Z","level":"info","event":"    \"expected_number_of_awards\": null,","logger":"task.stdout"}
{"timestamp":"2026-09-02T16:34:12.442903Z","level":"info","event":"    \"fiscal_year\": null,","logger":"task.stdout"}
{"timestamp":"2026-09-02T16:34:12.443518Z","level":"info","event":"    \"forecasted_award_date\": null,","logger":"task.stdout"}
{"timestamp":"2026-09-02T16:34:12.444276Z","level":"info","event":"    \"forecasted_close_date\": null,","logger":"task.stdout"}
{"timestamp":"2026-09-02T16:34:12.445066Z","level":"info","event":"    \"forecasted_close_date_description\": null,","logger":"task.stdout"}
{"timestamp":"2026-09-02T16:34:12.445722Z","level":"info","event":"    \"forecasted_post_date\": null,","logger":"task.stdout"}
{"timestamp":"2026-09-02T16:34:12.446252Z","level":"info","event":"    \"forecasted_project_start_date\": null,","logger":"task.stdout"}
{"timestamp":"2026-09-02T16:34:12.446998Z","level":"info","event":"    \"funding_categories\": [","logger":"task.stdout"}
{"timestamp":"2026-09-02T16:34:12.447507Z","level":"info","event":"      \"health\"","logger":"task.stdout"}
{"timestamp":"2026-09-02T16:34:12.448347Z","level":"info","event":"    ],","logger":"task.stdout"}
{"timestamp":"2026-09-02T16:34:12.449100Z","level":"info","event":"    \"funding_category_description\": null,","logger":"task.stdout"}
{"timestamp":"2026-09-02T16:34:12.449959Z","level":"info","event":"    \"funding_instruments\": [","logger":"task.stdout"}
{"timestamp":"2026-09-02T16:34:12.451111Z","level":"info","event":"      \"grant\"","logger":"task.stdout"}
{"timestamp":"2026-09-02T16:34:12.451971Z","level":"info","event":"    ],","logger":"task.stdout"}
{"timestamp":"2026-09-02T16:34:12.452602Z","level":"info","event":"    \"is_cost_sharing\": false,","logger":"task.stdout"}
{"timestamp":"2026-09-02T16:34:12.453230Z","level":"info","event":"    \"is_forecast\": false,","logger":"task.stdout"}
{"timestamp":"2026-09-02T16:34:12.453865Z","level":"info","event":"    \"post_date\": \"2026-09-01\",","logger":"task.stdout"}
{"timestamp":"2026-09-02T16:34:12.454600Z","level":"info","event":"    \"summary_description\": \"The goal of the Grants for Early Medical/Surgical Specialists' Transition to Aging Research (GEMSSTAR) program is to provide support for early-career clinician-scientists trained in medical or surgical specialties to launch careers as future leaders in aging- or geriatric-focused research. In support of the program's goal, this GEMSSTAR Notice of Funding Opportunity (NOFO) invites applications that propose to conduct transdisciplinary aging research that will yield pilot data and experience for subsequent aging research projects. The GEMSSTAR program encourages candidates to seek out a supportive research environment to further the program's objectives of fostering the development of early-career clinician-scientists in aging- or geriatric-focused research, particularly as it applies to their clinical specialty/discipline. Toward this end, GEMSSTAR candidates should include a Professional Development Plan that reflects this supportive research environment. In selecting GEMSSTAR recipients, the National Institute on Aging (NIA) will consider the extent to which a candidate's environment is supportive of aging- or geriatric-focused research.\",","logger":"task.stdout"}
{"timestamp":"2026-09-02T16:34:12.455262Z","level":"info","event":"    \"updated_at\": \"2026-09-01T19:00:37+00:00\",","logger":"task.stdout"}
{"timestamp":"2026-09-02T16:34:12.456121Z","level":"info","event":"    \"version_number\": 1","logger":"task.stdout"}
{"timestamp":"2026-09-02T16:34:12.456870Z","level":"info","event":"  },","logger":"task.stdout"}
{"timestamp":"2026-09-02T16:34:12.457424Z","level":"info","event":"  \"tagline\": null,","logger":"task.stdout"}
{"timestamp":"2026-09-02T16:34:12.458281Z","level":"info","event":"  \"top_level_agency_code\": \"HHS\",","logger":"task.stdout"}
{"timestamp":"2026-09-02T16:34:12.459001Z","level":"info","event":"  \"top_level_agency_name\": \"Department of Health and Human Services\"","logger":"task.stdout"}
{"timestamp":"2026-09-02T16:34:12.459802Z","level":"info","event":"}","logger":"task.stdout"}
{"timestamp":"2026-09-02T16:34:12.460522Z","level":"info","event":"","logger":"task.stdout"}
{"timestamp":"2026-09-02T16:34:12.461072Z","level":"info","event":"================================================================================","logger":"task.stdout"}
{"timestamp":"2026-09-02T16:34:12.461974Z","level":"info","event":"OPPORTUNITY 34 of 34","logger":"task.stdout"}
{"timestamp":"2026-09-02T16:34:12.462718Z","level":"info","event":"================================================================================","logger":"task.stdout"}
{"timestamp":"2026-09-02T16:34:12.463434Z","level":"info","event":"{","logger":"task.stdout"}
{"timestamp":"2026-09-02T16:34:12.464278Z","level":"info","event":"  \"agency\": \"NSF\",","logger":"task.stdout"}
{"timestamp":"2026-09-02T16:34:12.465183Z","level":"info","event":"  \"agency_code\": \"NSF\",","logger":"task.stdout"}
{"timestamp":"2026-09-02T16:34:12.465803Z","level":"info","event":"  \"agency_name\": \"U.S. National Science Foundation\",","logger":"task.stdout"}
{"timestamp":"2026-09-02T16:34:12.466477Z","level":"info","event":"  \"category\": \"discretionary\",","logger":"task.stdout"}
{"timestamp":"2026-09-02T16:34:12.467393Z","level":"info","event":"  \"category_explanation\": null,","logger":"task.stdout"}
{"timestamp":"2026-09-02T16:34:12.468301Z","level":"info","event":"  \"legacy_opportunity_id\": 363764,","logger":"task.stdout"}
{"timestamp":"2026-09-02T16:34:12.469002Z","level":"info","event":"  \"opportunity_assistance_listings\": [","logger":"task.stdout"}
{"timestamp":"2026-09-02T16:34:12.469809Z","level":"info","event":"    {","logger":"task.stdout"}
{"timestamp":"2026-09-02T16:34:12.470477Z","level":"info","event":"      \"assistance_listing_number\": \"47.041\",","logger":"task.stdout"}
{"timestamp":"2026-09-02T16:34:12.471209Z","level":"info","event":"      \"program_title\": \"Engineering\"","logger":"task.stdout"}
{"timestamp":"2026-09-02T16:34:12.471984Z","level":"info","event":"    }","logger":"task.stdout"}
{"timestamp":"2026-09-02T16:34:12.472948Z","level":"info","event":"  ],","logger":"task.stdout"}
{"timestamp":"2026-09-02T16:34:12.473709Z","level":"info","event":"  \"opportunity_id\": \"cd57e326-d4f0-4039-bda6-a40f1249b369\",","logger":"task.stdout"}
{"timestamp":"2026-09-02T16:34:12.474462Z","level":"info","event":"  \"opportunity_number\": \"20-558\",","logger":"task.stdout"}
{"timestamp":"2026-09-02T16:34:12.475231Z","level":"info","event":"  \"opportunity_status\": \"posted\",","logger":"task.stdout"}
{"timestamp":"2026-09-02T16:34:12.476005Z","level":"info","event":"  \"opportunity_title\": \"PFE: Research Initiation in Engineering Formation (PFE: RIEF)\",","logger":"task.stdout"}
{"timestamp":"2026-09-02T16:34:12.476886Z","level":"info","event":"  \"purpose_statement\": null,","logger":"task.stdout"}
{"timestamp":"2026-09-02T16:34:12.477738Z","level":"info","event":"  \"summary\": {","logger":"task.stdout"}
{"timestamp":"2026-09-02T16:34:12.478569Z","level":"info","event":"    \"additional_info_url\": \"http://www.nsf.gov/publications/pub_summ.jsp?ods_key=nsf20558\",","logger":"task.stdout"}
{"timestamp":"2026-09-02T16:34:12.479298Z","level":"info","event":"    \"additional_info_url_description\": \"NSF Publication 20-558\",","logger":"task.stdout"}
{"timestamp":"2026-09-02T16:34:12.480150Z","level":"info","event":"    \"agency_contact_description\": \"NSF grants.gov support\\ngrantsgovsupport@nsf.gov\",","logger":"task.stdout"}
{"timestamp":"2026-09-02T16:34:12.480883Z","level":"info","event":"    \"agency_email_address\": \"grantsgovsupport@nsf.gov\",","logger":"task.stdout"}
{"timestamp":"2026-09-02T16:34:12.481849Z","level":"info","event":"    \"agency_email_address_description\": \"If you have any problems linking to this funding announcement, please contact the email address above.\",","logger":"task.stdout"}
{"timestamp":"2026-09-02T16:34:12.482764Z","level":"info","event":"    \"applicant_eligibility_description\": \"*Who May Serve as PI:\\nThe PFE: RIEF program is designed to expand the community of engineering faculty equipped to conduct research in professional formation of engineers. At least one (co) PI must be a member of an engineering department AND not have received engineering education or professional formation funding through EEC in the last three years.&nbsp;Submissions from faculty with active disciplinary research programs, or faculty seeking a shift in their research focus, are especially encouraged. The program is not intended to create an additional funding channel for researchers with expertise in social science or education research; such researchers should apply to the Research in the Formation of Engineers program (https://www.nsf.gov/funding/opportunities/rfe-research-formation-engineers), or other related NSF opportunities.\",","logger":"task.stdout"}
{"timestamp":"2026-09-02T16:34:12.483558Z","level":"info","event":"    \"applicant_types\": [","logger":"task.stdout"}
{"timestamp":"2026-09-02T16:34:12.484619Z","level":"info","event":"      \"other\"","logger":"task.stdout"}
{"timestamp":"2026-09-02T16:34:12.485489Z","level":"info","event":"    ],","logger":"task.stdout"}
{"timestamp":"2026-09-02T16:34:12.486326Z","level":"info","event":"    \"archive_date\": \"2026-12-10\",","logger":"task.stdout"}
{"timestamp":"2026-09-02T16:34:12.487010Z","level":"info","event":"    \"award_ceiling\": null,","logger":"task.stdout"}
{"timestamp":"2026-09-02T16:34:12.487545Z","level":"info","event":"    \"award_floor\": 200000,","logger":"task.stdout"}
{"timestamp":"2026-09-02T16:34:12.488404Z","level":"info","event":"    \"close_date\": \"2026-11-10\",","logger":"task.stdout"}
{"timestamp":"2026-09-02T16:34:12.489143Z","level":"info","event":"    \"close_date_description\": null,","logger":"task.stdout"}
{"timestamp":"2026-09-02T16:34:12.489964Z","level":"info","event":"    \"created_at\": \"2026-09-01T16:20:14+00:00\",","logger":"task.stdout"}
{"timestamp":"2026-09-02T16:34:12.490671Z","level":"info","event":"    \"estimated_total_program_funding\": 3000000,","logger":"task.stdout"}
{"timestamp":"2026-09-02T16:34:12.491312Z","level":"info","event":"    \"expected_number_of_awards\": null,","logger":"task.stdout"}
{"timestamp":"2026-09-02T16:34:12.491964Z","level":"info","event":"    \"fiscal_year\": null,","logger":"task.stdout"}
{"timestamp":"2026-09-02T16:34:12.492925Z","level":"info","event":"    \"forecasted_award_date\": null,","logger":"task.stdout"}
{"timestamp":"2026-09-02T16:34:12.493652Z","level":"info","event":"    \"forecasted_close_date\": null,","logger":"task.stdout"}
{"timestamp":"2026-09-02T16:34:12.494500Z","level":"info","event":"    \"forecasted_close_date_description\": null,","logger":"task.stdout"}
{"timestamp":"2026-09-02T16:34:12.495301Z","level":"info","event":"    \"forecasted_post_date\": null,","logger":"task.stdout"}
{"timestamp":"2026-09-02T16:34:12.496048Z","level":"info","event":"    \"forecasted_project_start_date\": null,","logger":"task.stdout"}
{"timestamp":"2026-09-02T16:34:12.496884Z","level":"info","event":"    \"funding_categories\": [","logger":"task.stdout"}
{"timestamp":"2026-09-02T16:34:12.497681Z","level":"info","event":"      \"science_technology_and_other_research_and_development\"","logger":"task.stdout"}
{"timestamp":"2026-09-02T16:34:12.498313Z","level":"info","event":"    ],","logger":"task.stdout"}
{"timestamp":"2026-09-02T16:34:12.499010Z","level":"info","event":"    \"funding_category_description\": null,","logger":"task.stdout"}
{"timestamp":"2026-09-02T16:34:12.499501Z","level":"info","event":"    \"funding_instruments\": [","logger":"task.stdout"}
{"timestamp":"2026-09-02T16:34:12.500248Z","level":"info","event":"      \"grant\"","logger":"task.stdout"}
{"timestamp":"2026-09-02T16:34:12.500948Z","level":"info","event":"    ],","logger":"task.stdout"}
{"timestamp":"2026-09-02T16:34:12.501602Z","level":"info","event":"    \"is_cost_sharing\": false,","logger":"task.stdout"}
{"timestamp":"2026-09-02T16:34:12.502329Z","level":"info","event":"    \"is_forecast\": false,","logger":"task.stdout"}
{"timestamp":"2026-09-02T16:34:12.503051Z","level":"info","event":"    \"post_date\": \"2026-09-01\",","logger":"task.stdout"}
{"timestamp":"2026-09-02T16:34:12.503675Z","level":"info","event":"    \"summary_description\": \"<p>The PFE: Research Initiation in Engineering Formation (PFE: RIEF) program has two goals: 1) Support research in the Professional Formation of Engineers (PFE), and 2) Increase the community of researchers conducting PFE research. PIs are expected to have little or no experience conducting social science or education research. PFE: RIEF is not intended for established researchers in engineering education or other social science fields to initiate new projects. Those researchers should consider the Research in the Formation of Engineers program (<a target=\\\"_blank\\\" rel=\\\"noopener noreferrer\\\" href=\\\"https://www.nsf.gov/funding/opportunities/rfe-research-formation-engineers\\\">https://www.nsf.gov/funding/opportunities/rfe-research-formation-engineers</a>).</p><p>&nbsp;</p><p>The NSF Engineering (ENG) Directorate has launched a multi-year initiative, the Professional Formation of Engineers, to create and support an innovative and inclusive engineering profession for the 21st Century. Professional Formation of Engineers (PFE) refers to the formal and informal education and value systems by which people become engineers. It also includes the ethical responsibility of practicing engineers to sustain and grow the profession. The engineering profession must be responsive to national priorities, grand challenges, and dynamic workforce needs; it must be equally open and accessible to all Americans.</p><p>&nbsp;</p><p>Engineering faculty possess both deep technical expertise in their engineering discipline and the primary responsibility for the process of professional formation of future engineers. As such, engineering faculty are in a unique position to help address critical challenges in engineering formation. The Professional Formation of Engineers: Research Initiation in Engineering Formation (PFE: RIEF) program enables engineering faculty who are renowned for teaching, mentoring, or leading educational reform efforts on their campus to develop expertise in conducting engineering education research.</p>\",","logger":"task.stdout"}
{"timestamp":"2026-09-02T16:34:12.504518Z","level":"info","event":"    \"updated_at\": \"2026-09-01T16:20:14+00:00\",","logger":"task.stdout"}
{"timestamp":"2026-09-02T16:34:12.505386Z","level":"info","event":"    \"version_number\": 1","logger":"task.stdout"}
{"timestamp":"2026-09-02T16:34:12.506064Z","level":"info","event":"  },","logger":"task.stdout"}
{"timestamp":"2026-09-02T16:34:12.506799Z","level":"info","event":"  \"tagline\": null,","logger":"task.stdout"}
{"timestamp":"2026-09-02T16:34:12.507519Z","level":"info","event":"  \"top_level_agency_code\": \"NSF\",","logger":"task.stdout"}
{"timestamp":"2026-09-02T16:34:12.508430Z","level":"info","event":"  \"top_level_agency_name\": \"U.S. National Science Foundation\"","logger":"task.stdout"}
{"timestamp":"2026-09-02T16:34:12.509119Z","level":"info","event":"}","logger":"task.stdout"}
{"timestamp":"2026-09-02T16:34:12.509832Z","level":"info","event":"","logger":"task.stdout"}
{"timestamp":"2026-09-02T16:34:12.510562Z","level":"info","event":"","logger":"task.stdout"}
{"timestamp":"2026-09-02T16:34:12.511122Z","level":"info","event":"✅ Saved 34 records to: bronze/grants_gov/ingest_date=2026-09-02/opportunities.json","logger":"task.stdout"}
